:020000040800F2
:10000000A0820020A1020008C5770008056E000844
:10001000C17700084108000805CB00080000000077
:100020000000000000000000000000003D8000080B
:10003000A90B000800000000CD7B0008CD8000085F
:10004000BB020008BB020008BB020008BB0200089C
:10005000BB020008BB020008AD0B0008BB02000891
:10006000BB020008B90B0008C50B0008BB02000862
:100070008109000891090008BB020008A1090008D5
:10008000BB020008BB020008BB020008BB0200085C
:100090004508000855080008BB020008D10B0008FD
:1000A000BB020008BB020008BB020008BB0200083C
:1000B000BB020008BB020008A5810008BB020008C3
:1000C000BB020008BB020008BB020008BB0200081C
:1000D000BB02000829920008BB0200083992000800
:1000E000BB020008BB020008BB020008BB020008FC
:1000F000BB020008BB020008BB020008BB020008EC
:10010000BB020008BB020008B5810008BB02000862
:10011000BB020008BB020008BB020008BB020008CB
:10012000BB020008B1090008C1090008D109000894
:10013000BB020008BB020008BB020008BB020008AB
:100140006508000875080008BB020008357800083B
:10015000E1090008F1090008010A000849920008B5
:10016000BB020008BB020008BB020008BB0200087B
:10017000BB020008BB020008BB0200080000000030
:10018000BB020008BB02000800F002F800F078F89B
:1001900014A696E8000CB244B344DA4501D100F04D
:1001A0006FF8BAE80F000FA696E83000A5EB04053B
:1001B00004EB0607AAEB0704A7F101074FEA1515A0
:1001C0004FEA3414A4F10104AC4201D300F058F812
:1001D00013F0010F18BFFB1A43F0010300F001F800
:1001E000DBE71847B4990100D49901000A444FF0A5
:1001F000000C10F8013B13F0070408BF10F8014B86
:100200001D1108BF10F8015B641E05D010F8016BCA
:10021000641E01F8016BF9D113F0080F1EBF10F82E
:10022000014BAD1C0C1B09D16D1E58BF01F801CB51
:10023000FAD505E014F8016B01F8016B6D1EF9D5D4
:100240009142D6D37047000070470000002300247D
:1002500000250026103A28BF78C1FBD8520728BFD6
:1002600030C148BF0B6070471FB519F044FA9DE8D4
:10027000030000F0D1F900F09DF91FBD10B510BDCD
:1002800000F05CFA1146FFF7EFFF18F04BF900F0B1
:100290007AFA03B4FFF7F2FF03BC00F0ABFA0000F8
:1002A0000948804709480047FEE7FEE7FEE7FEE70A
:1002B000FEE7FEE7FEE7FEE7FEE7FEE70448054946
:1002C000054A064B7047000091810008890100082B
:1002D000A0640020A0820020A0730020A073002052
:1002E00070B5064600F07CF9056806F10B0020F0B9
:1002F0000704B4429CBF002070BD2B466A68BAB1A7
:100300001068A04210D304F1080188423CBF506835
:10031000586007D35168101941601168091B0160CA
:1003200058601460101D70BD13465268002AE7D152
:100330002146284600F05CF90028DED170BD53EA62
:10034000020C00F069802DE9F04B4FF00006002B05
:100350001FBFB3FA83F503FA05F424FA05F65E40ED
:1003600012BF1643B2FA82F502FA05F4C5F1200570
:100370001EBF22FA05FC44EA0C04203556EA044C60
:100380004FEA144418BF641C4FF000084FF00009F6
:10039000904271EB030C39D3002919BFB1FA81F7F0
:1003A00001FA07F6B0FA80F700FA07F6C7F120075E
:1003B0001EBF20FA07FC46EA0C062037B6FBF4FC09
:1003C000A7EB0507103F07F01F0BCBF120062CFA17
:1003D00006F60CFA0BFB44BFB3460026202FA4BF41
:1003E0005E464FF0000B5BEA060C08BF4FF0010BB6
:1003F00019EB0B0948EB0608ABFB027C06FB02CCB1
:100400000BFB03CCC01B71EB0C01C1E70B46024692
:1004100041464846BDE8F08B13B5084318BF4FF07E
:10042000FF300146AFF30080BDE81C407047032A4F
:1004300040F2308010F0030C00F0158011F8013B01
:10044000BCF1020F624498BF11F801CB00F8013BE8
:1004500038BF11F8013BA2F1040298BF00F801CBAC
:1004600038BF00F8013B11F0030300F02580083A83
:10047000C0F0088051F8043B083A51F804CBA0E8DA
:100480000810F5E7121D5CBF51F8043B40F8043B2F
:10049000AFF30080D20724BF11F8013B11F801CB64
:1004A00048BF11F8012B24BF00F8013B00F801CB35
:1004B00048BF00F8012B704710B5203AC0F00B8000
:1004C000B1E81850A0E81850B1E81850A0E818504A
:1004D000203ABFF4F5AF5FEA027C24BFB1E81850C0
:1004E000A0E8185044BF18C918C0BDE810405FEA22
:1004F000827C24BF51F8043B40F8043B08BF70479E
:10050000D20728BF31F8023B48BF11F8012B28BFA2
:1005100020F8023B48BF00F8012B70474FF0000263
:100520000429C0F0128010F0030C00F01B80CCF105
:10053000040CBCF1020F18BF00F8012BA8BF20F873
:10054000022BA1EB0C0100F00DB85FEAC17C24BFC7
:1005500000F8012B00F8012B48BF00F8012B704771
:100560004FF0000200B5134694469646203922BF4C
:10057000A0E80C50A0E80C50B1F12001BFF4F7AF97
:10058000090728BFA0E80C5048BF0CC05DF804EB79
:10059000890028BF40F8042B08BF704748BF20F8E7
:1005A000022B11F0804F18BF00F8012B70477047E5
:1005B0007047704708487CB57844009007487844F5
:1005C000009C0546019004E02046016808448047ED
:1005D000241DAC42F8D17CBDFC95010006960100BB
:1005E00000487047D8010020704770477047704737
:1005F00038B504460A4600206946AFF3008000285B
:1006000008BF38BD02460099204600F075F8012069
:1006100038BD012000F08AB8F8B5AFF30080054678
:1006200000200C460C2000BF0646A819A0420DD998
:10063000324669460020AFF30080070008BF00F093
:1006400075F80098A04218BF0546C419FFF7C8FF07
:1006500005600746F01D20F007004619284600F007
:100660000AF8B44208BFF8BDA21B31463868BDE89D
:10067000F84000F041B800210160416070470C2053
:10068000704770B50446051FFFF7AAFF0068002CED
:1006900014BF446870BD002C18BFAC423CBF20465C
:1006A0006468F8D301680A18AA4218BF456003D1EC
:1006B0002A6805461144016028684119A1421CBFFF
:1006C0006C6070BD6168696021680844286070BD15
:1006D00010B500F00DF8006810BD10B5044600F02C
:1006E00007F8046010BD000000487047D0010020EA
:1006F00000487047D0010020034640688C4600281F
:1007000018BF88423CBF03464068F8D318681844B5
:10071000884207D00CF1030020F00700001D411AA9
:10072000521A0146081D0A60FFF7ABBF10B500F072
:1007300039F8BDE8104000F02FB870477546FFF754
:10074000D3FFAE4605006946534620F007008546B4
:1007500018B020B5FFF7B2FDBDE820404FF000060D
:100760004FF000074FF000084FF0000BAC46ACE82C
:10077000C009ACE8C009ACE8C009ACE8C00921F088
:1007800007018D46704710B50446AFF30080204640
:10079000BDE81040FFF77DBD002801D000F02AB869
:1007A0007047000010B5012805D0002103A000F01B
:1007B00027F8012010BD09A1F8E70000534947526E
:1007C000544D454D3A204F7574206F662068656121
:1007D00070206D656D6F7279000000003A204865E9
:1007E0006170206D656D6F727920636F72727570C4
:1007F0007465640001491820ABBEFEE726000200C4
:1008000070B505460C460A2000E06D1C00F011F89A
:1008100035B128780028F8D102E0641C00F009F80E
:1008200014B120780028F8D1BDE870400A20AFF359
:10083000008008B569468DF800000320ABBE08BDF6
:10084000FFE7FEE780B545F6B800C2F2000000F011
:10085000ADFC80BD80B545F6B800C2F2000000F0E6
:10086000A5FC80BD80B545F6E000C2F2000000F0B6
:100870009DFC80BD80B545F6E000C2F2000000F0AE
:1008800095FC80BD84B08DF80F000291ADF8062074
:100890009DF80F000146009123281DD80099DFE83C
:1008A00001F012131415161B1B1B1B1B1B1B1B1B00
:1008B0001B1B1B1B1B1B1B1B1B1B1B1B1B1B1B1B88
:1008C0001B1B1718191A08E007E006E005E004E012
:1008D00003E002E001E000E0FFE7002004B0704721
:1008E0000020704780B582B045F2DC50C2F20000B3
:1008F000009042F67461C2F200010022019209F0F8
:1009000045F8009842F27461C2F2000109F020F843
:10091000019802B080BD000080B584B003900291C0
:10092000039945F2DC50C2F20000009009F010F883
:10093000009808F0B3FF03990298026840F2C830AB
:10094000C2F2000001903030FFF771FD019802996A
:100950000968A0F86010426E0398029909689047F0
:10096000002004B080BD000083B0029001918DF89A
:10097000032000208DF802009DF9020003B07047AB
:1009800080B545F64830C2F2000001F04BF980BD59
:1009900080B545F60810C2F2000001F043F980BDB1
:1009A00080B545F66810C2F2000001F03BF980BD49
:1009B00080B545F6A830C2F2000001F033F980BDE1
:1009C00080B545F6C810C2F2000001F02BF980BDD9
:1009D00080B545F62820C2F2000001F023F980BD61
:1009E00080B545F68820C2F2000001F01BF980BDF9
:1009F00080B545F60840C2F2000001F013F980BD51
:100A000080B545F6E820C2F2000001F00BF980BD88
:100A100082B001900198007810384AF6AB21CAF6EE
:100A2000AA21A0FB011000090090009949F6AC0032
:100A3000C0F60100405C0199C8650098042807D3FE
:100A4000FFE701990868042262F30900886506E05F
:100A50000199086840F2FF3290438865FFE70198EA
:100A6000806D02B07047000086B0059000208DF8C0
:100A700013000598806A03900598806910BBFFE712
:100A80000398029003281BD80299DFE801F0020DB9
:100A90000218059890F82F00C00720B1FFE7012049
:100AA0008DF81300FFE70CE00598C06AB0F1C07F35
:100AB00004D1FFE701208DF81300FFE701E000E01B
:100AC000FFE745E005988069B0F5005F25D1FFE7B5
:100AD0000398019003281ED80199DFE801F002066F
:100AE000021101208DF8130016E0059890F82F00F0
:100AF000C00720B1FFE701208DF81300FFE70BE0EE
:100B00000598C06AB0F1C07F04D1FFE701208DF8DD
:100B10001300FFE700E0FFE719E0039800900328C7
:100B200004D3FFE70098032804D00EE001208DF8DD
:100B300013000BE0059890F82F00C00720B1FFE7E5
:100B400001208DF81300FFE700E0FFE7FFE7FFE774
:100B50009DF8130006B0704784B003900291019293
:100B6000009303980168086820F4802008600098CA
:100B700003990968486003988068402809D1FFE715
:100B80000198039909688860029803990968C86008
:100B900008E0029803990968886001980399096838
:100BA000C860FFE704B070477047000080B50120BF
:100BB00001F00AFB80BD000080B5082001F004FBB5
:100BC00080BD000080B5102001F0FEFA80BD00005D
:100BD00080B5202001F0F8FA80BD000072B6FFE772
:100BE000FEE7000080B584B047F61020C1F6FF7024
:100BF0000068039047F61420C1F6FF700068029069
:100C000047F61820C1F6FF7000680190019903981B
:100C100008440390039888B1FFE7039840F27811E5
:100C2000C2F2000100910231082206F0EDF80099AD
:100C300002981231042206F0E7F8FFE704B080BD05
:100C400084B002900191029890F820008DF8030082
:100C50009DF80300012805D0FFE79DF80300022856
:100C60000AD1FFE7019A0298016848691043486178
:100C700000208DF80F0008E00299486A40F48020B7
:100C8000486201208DF80F00FFE79DF80F0004B0C7
:100C90007047000088B0069005910492039306986F
:100CA00090F820008DF80700069800688068009092
:100CB0000598806808B9FFE700E0FFE79DF80700A6
:100CC000012806D0FFE79DF80700022840F0808049
:100CD000FFE79DF80300400700280CD4FFE79DF8CC
:100CE00003000007002806D4FFE79DF80300C006B4
:100CF000002864D5FFE70098C0F3016002900299D4
:100D000001208840039908600598806868B9FFE76A
:100D100005980168C06840EA415006990968029A3E
:100D200001EB0211C1F880010EE005994A6888685C
:100D3000C96840EAC200084306990968029A01EBB3
:100D40000211C1F88001FFE705980069069909685A
:100D5000029A01EB0211C1F884010598007D012877
:100D60000CD1FFE706980068029900EB0111D1F859
:100D7000840140F48070C1F88401FFE70498406862
:100D800006990968029A01EB0211C1F88C010498D6
:100D9000006806990968029A01EB0211C1F88801FE
:100DA00006980068029900EB0111D1F8800140F02B
:100DB0000100C1F8800100208DF81F0011E00699A4
:100DC000486A40F40010486201208DF81F0008E0D6
:100DD0000699486A40F48020486201208DF81F007F
:100DE000FFE79DF81F0008B07047000086B0049030
:100DF0000391049800680190049890F820008DF801
:100E000003009DF80300012806D0FFE79DF80300CA
:100E1000022840F0B080FFE746F20040C4F2000034
:100E200001900199D1F8000240F00100C1F80002E0
:100E30000199D1F8000220F47C50C1F80002039817
:100E4000426A0199D1F8000240EA0220C1F800028A
:100E50000398406900F01F01012088400290029A27
:100E60000199D1F81C029043C1F81C020398C06993
:100E7000F0B9FFE7029A0199D1F80C029043C1F84A
:100E80000C02039A9088D168526940EA01400199A6
:100E900001EBC201C1F84002039A108891685269BF
:100EA00040EA0140019901EBC201C1F84402FFE7A9
:100EB0000398C06901281ED1FFE7029A0199D1F871
:100EC0000C021043C1F80C02039A90881168526911
:100ED00040EA0140019901EBC201C1F84002039AC6
:100EE00090899168526940EA0140019901EBC20181
:100EF000C1F84402FFE70398806940B9FFE7029A0E
:100F00000199D1F804029043C1F8040207E0029A63
:100F10000199D1F804021043C1F80402FFE70398D5
:100F2000006940B9FFE7029A0199D1F81402904391
:100F3000C1F8140207E0029A0199D1F81402104393
:100F4000C1F81402FFE70398006A012808D1FFE7FF
:100F5000029A0199D1F81C021043C1F81C02FFE764
:100F60000199D1F8000220F00100C1F80002002030
:100F70008DF8170008E00499486A40F48020486220
:100F800001208DF81700FFE79DF8170006B07047A5
:100F900081B0009001B0704786B004900391029236
:100FA0000193049890F820008DF803009DF8030049
:100FB000012806D0FFE79DF80300022840F0E880F2
:100FC000FFE7039880B9FFE704980068C0688007CE
:100FD00048B9FFE70499486A40F4001048620120CC
:100FE0008DF81700DDE00FE00498006800698007C5
:100FF00048B9FFE70499486A40F4001048620120AC
:101000008DF81700CDE0FFE704980068039900EB26
:101010000110D0F8B00100F0040002998860029835
:10102000806858B9FFE704980068039900EB011045
:10103000D0F8B001400D029908600AE004980068F9
:10104000039900EB0110D0F8B001C0080299486084
:10105000FFE704980068039900EB0110D0F8B00195
:1010600000F002000299C86004980068039900EB40
:101070000110D0F8B40100F00F00082804D3FFE7F6
:101080000299082008610BE004980068039900EBBE
:101090000110D0F8B40100F00F0002990861FFE7D9
:1010A00004980068039900EB0110D0F8B40180B2F5
:1010B000000A0299886104980068039900EB011006
:1010C000D0F8B401000C02994861049800680399B3
:1010D00000EB0110D0F8B80101990870049800687D
:1010E000039900EB0110D0F8B801000A019948708B
:1010F00004980068039900EB0110D0F8B801000CC7
:101100000199887004980068039900EB0110D0F8E9
:10111000B801000E0199C87004980068039900EBAB
:101120000110D0F8BC010199087104980068039976
:1011300000EB0110D0F8BC01000A01994871049835
:101140000068039900EB0110D0F8BC01000C019974
:10115000887104980068039900EB0110D0F8BC0175
:10116000000E0199C871039838B9FFE70498016827
:10117000C86840F02000C86006E00498016808696B
:1011800040F020000861FFE700208DF8170008E01C
:101190000499486A40F48020486201208DF81700C5
:1011A000FFE79DF8170006B07047000080B58AB0D1
:1011B00009900020089009980068406907900998F4
:1011C0000068406806900998006880680590099852
:1011D0000068C06804900998006800690390099845
:1011E0000068806902909DF81C00C007002800F08C
:1011F0009480FFE79DF81400C00758B3FFE70998F3
:101200000168012088609DF814008007002804D53B
:10121000FFE7099800F056FC1BE09DF8140040071A
:10122000002805D5FFE7089840F4006008900FE01B
:101230009DF814000007002805D5FFE7089840F442
:101240008050089003E0099800F038FCFFE7FFE7C2
:10125000FFE7FFE79DF81500C00760B3FFE70998B7
:1012600001684FF4807088609DF8150080070028A1
:1012700004D5FFE7099800F02DFC1BE09DF8150050
:101280004007002805D5FFE7089840F40050089073
:101290000FE09DF815000007002805D5FFE7089826
:1012A00040F48040089003E0099800F00FFCFFE74D
:1012B000FFE7FFE7FFE79DF81600C00760B3FFE711
:1012C000099801684FF4803088609DF81600800707
:1012D000002804D5FFE7099800F004FC1BE09DF806
:1012E00016004007002805D5FFE7089840F40040A5
:1012F00008900FE09DF816000007002805D5FFE7CD
:10130000089840F48030089003E0099800F0E6FB6C
:10131000FFE7FFE7FFE7FFE7FFE79DF81C00000797
:10132000002810D5FFE79DF81000C006002809D559
:10133000FFE7089840F400700890099801681020B1
:10134000C860FFE7FFE79DF81C00400700280FD5A5
:10135000FFE79DF810000007002808D5FFE709986F
:1013600001680820C860099800F0DEFAFFE7FFE78F
:101370009DF81C00800700280BD5FFE7099800683E
:10138000C068800720B1FFE7099800F0D1FAFFE7B5
:10139000FFE79DF81C004006002810D5FFE79DF8E8
:1013A0000C00C006002809D5FFE7089840F48060CB
:1013B00008900998016810200861FFE7FFE79DF891
:1013C0001C00800600280FD5FFE79DF80C000007E1
:1013D000002808D5FFE709980168082008610998E6
:1013E00000F0E2FAFFE7FFE79DF81C00C0060028C6
:1013F0000BD5FFE7099800680069800720B1FFE777
:10140000099800F0D5FAFFE7FFE79DF81E00800776
:1014100000280FD5FFE79DF81800C006002808D562
:10142000FFE70998016810204860099800F0FCFA6D
:10143000FFE7FFE79DF81E00C00778B1FFE79DF8C2
:1014400018000007002808D5FFE709980168082060
:101450004860099800F04AFBFFE7FFE79DF81D0090
:101460000006002840F18D80FFE79DF81800400736
:10147000002840F18180FFE79DF81D00C00750B1B2
:10148000FFE79DF80800C00728B1FFE7089840F083
:1014900001000890FFE79DF81D00800700280BD58C
:1014A000FFE79DF808008007002805D5FFE70898AA
:1014B00040F002000890FFE79DF81D00400700285B
:1014C0000BD5FFE79DF808004007002805D5FFE78A
:1014D000089840F004000890FFE79DF81D00000701
:1014E000002848D5FFE79DF8080010F0700F42D0A3
:1014F000FFE7029800F0700001460191102814D017
:10150000FFE70198202815D0FFE70198302816D072
:10151000FFE70198402817D0FFE70198502818D01E
:10152000FFE70198602819D01DE0089840F00800F6
:10153000089019E0089840F01000089014E008980E
:1015400040F0200008900FE0089840F0400008901C
:101550000AE0089840F08000089005E0089840F400
:101560008070089000E0FFE709980168886920F022
:1015700070008861FFE7FFE7099801680420486070
:10158000FFE7089848B1FFE7089A0999486A1043AD
:1015900048620998FFF7FCFCFFE70AB080BD000035
:1015A00080B584B00290029820B9FFE701208DF841
:1015B0000F00E0E0029890F8200020B9FFE70298C1
:1015C00000F0DEF8FFE702980168086840F00100CB
:1015D000086001F01DF80190FFE70298006840687C
:1015E000C007A8B9FFE701F013F80199401A0B28CA
:1015F0000DD3FFE70299486A40F40030486202992F
:10160000052081F8200001208DF80F00B3E0E4E709
:1016100002980168086820F00200086000F0F8FFF6
:101620000190FFE70298006840688007002815D500
:10163000FFE700F0EDFF0199401A0B280DD3FFE7FB
:101640000299486A40F4003048620299052081F806
:10165000200001208DF80F008DE0E3E70298007E66
:10166000012807D1FFE702980168086840F0800070
:10167000086006E002980168086820F080000860B1
:10168000FFE70298407E012807D1FFE70298016832
:10169000086840F04000086006E0029801680868A9
:1016A00020F040000860FFE70298807E012807D103
:1016B000FFE702980168086840F02000086006E033
:1016C00002980168086820F020000860FFE702988F
:1016D000C07E012807D1FFE702980168086820F062
:1016E0001000086006E002980168086840F01000E9
:1016F0000860FFE70298007F012807D1FFE7029802
:101700000168086840F00800086006E00298016877
:10171000086820F008000860FFE70298407F012871
:1017200007D1FFE702980168086840F004000860EC
:1017300006E002980168086820F004000860FFE7EE
:10174000029B19685A689868D3F80CC040EA0C00EC
:10175000D3F810C040EA0C005B691843013A10430B
:10176000C861029900204862029A012182F8201083
:101770008DF80F00FFE79DF80F0004B080BD00005A
:1017800080B592B01190002010900F900E900D90A7
:101790000C901198006846F20041C4F200018842A2
:1017A00052D1FFE740F2F820C2F200000168013197
:1017B00001600068012812D1FFE7FFE700200B90CD
:1017C00043F64000C4F20200016841F0007101607C
:1017D000006800F000700B900B98FFE7FFE7FFE751
:1017E00000200A9043F63000C4F20200016841F084
:1017F00008010160006800F008000A900A98FFE7FD
:1018000003200C9002210D91002105910E910F9063
:101810000920109040F60040C4F202000CA900F02C
:10182000EFFC059A14200490114601F0A3F90498E6
:1018300001F096F9059A15200690114601F09AF9E3
:10184000069801F08DF96DE01198006846F60001E8
:10185000C4F20001884264D1FFE7FFE7002009904D
:1018600043F64000C4F20200016841F0806101606B
:10187000006800F0806009900998FFE740F2F820C6
:10188000C2F200000168013101600068012812D134
:10189000FFE7FFE70020089043F64000C4F2020093
:1018A000016841F000710160006800F0007008906C
:1018B0000898FFE7FFE7FFE70020079043F63000B6
:1018C000C4F20200016841F002010160006800F00A
:1018D000020007900798FFE760200C9002200D900F
:1018E000002002900E9003200F900920109040F2EB
:1018F0000040C4F202000CA900F082FC029A4020D1
:101900000190114601F036F9019801F029F9029A87
:1019100041200390114601F02DF9039801F020F9C0
:10192000FFE7FFE712B080BD81B0009001B07047C3
:1019300080B586B005900598006846F20041C4F273
:101940000001884212D1FFE7059840F25021C2F20F
:10195000000103910A1D049201F120030021FFF709
:101960001BFB03990498896A88471BE00598006867
:1019700046F60001C4F20001884212D1FFE7059843
:1019800040F29C21C2F2000101910A1D029201F174
:1019900020030021FFF700FB01990298896A88471C
:1019A000FFE7FFE706B080BD81B0009001B070474F
:1019B00080B586B005900598006846F20041C4F2F3
:1019C0000001884212D1FFE7059840F25021C2F28F
:1019D000000103910A1D049201F120030121FFF788
:1019E000DBFA03990498896A88471BE00598006828
:1019F00046F60001C4F20001884212D1FFE70598C3
:101A000040F29C21C2F2000101910A1D029201F1F3
:101A100020030121FFF7C0FA01990298896A8847DB
:101A2000FFE7FFE706B080BD81B0009001B07047CE
:101A300080B584B00290029890F8200001282FD140
:101A4000FFE70299022081F82000029801680868E7
:101A500020F00100086000F0DBFD0190FFE7029834
:101A600000684068C007A8B1FFE700F0D1FD019908
:101A7000401A0B280DD3FFE70299486A40F4003062
:101A800048620299052081F8200001208DF80F009E
:101A90000FE0E4E70299002048628DF80F0008E0AB
:101AA0000299486A40F40020486201208DF80F0036
:101AB000FFE79DF80F0004B080BD000081B00090EA
:101AC00001B0704781B0009001B0704781B00090C4
:101AD00001B0704781B0009001B0704781B00090B4
:101AE00001B0704781B0009001B0704781B00090A4
:101AF00001B0704780B584B002900298806D01906B
:101B000000F086FD0090029890F8350002280DD074
:101B1000FFE7029980204865FFE70299002081F8DD
:101B20003400FFE701208DF80F0055E002980168AE
:101B3000086820F01600086002980168486920F0E3
:101B4000800048610298006C20B9FFE70298806C21
:101B500038B1FFE702980168086820F008000860C3
:101B6000FFE702980168086820F001000860FFE7BD
:101B7000029800680068C007C8B1FFE700F048FDA0
:101B80000099401A062811D3FFE7029920204865E2
:101B90000299032081F83500FFE70299002081F8BF
:101BA0003400FFE703208DF80F0015E0E0E702980E
:101BB000C16D3F208840019988600299012081F819
:101BC0003500FFE70299002081F83400FFE7FFE7C6
:101BD00000208DF80F00FFE79DF80F0004B080BDD6
:101BE00082B00090009890F83500022807D0FFE7F7
:101BF00000998020486501208DF807000EE00099CB
:101C0000052081F8350000980168086820F001007F
:101C10000860FFE700208DF80700FFE79DF8070048
:101C200002B0704780B586B005900020039040F266
:101C3000C000C2F20000006848F2B511C1F64E3192
:101C4000A0FB0110800A02900598806D0190019818
:101C50000068049004980599C96DC84000070028E1
:101C60001AD5FFE70598006800684007002812D5DC
:101C7000FFE705980168086820F0040008600598EF
:101C8000C16D08208840019988600599486D40F031
:101C900001004865FFE7FFE704980599C96DC84052
:101CA000C007A0B1FFE7059800684069000600285A
:101CB0000CD5FFE70598C16D012088400199886027
:101CC0000599486D40F002004865FFE7FFE704987A
:101CD0000599C96DC8404007002814D5FFE705984D
:101CE00000680068800700280CD5FFE70598C16DE3
:101CF00004208840019988600599486D40F00400EF
:101D00004865FFE7FFE704980599C96DC840C0061C
:101D1000002847D5FFE705980068006800070028FD
:101D20003FD5FFE70598C16D102088400199886074
:101D3000059800680068400300281AD5FFE7059859
:101D4000006800680003002809D4FFE70598006CCC
:101D500020B1FFE70598016C8847FFE708E0059888
:101D6000806C20B1FFE70598816C8847FFE7FFE7AB
:101D700016E0059800680068C005002807D4FFE752
:101D800005980168086820F008000860FFE70598DA
:101D9000006C20B1FFE70598016C8847FFE7FFE77B
:101DA000FFE7FFE704980599C96DC8408006002841
:101DB00040F18D80FFE7059800680068C0060028A4
:101DC00040F18480FFE70598C16D2020884001998B
:101DD0008860059890F83500052834D1FFE705980C
:101DE0000168086820F016000860059801684869D5
:101DF00020F0800048610598006C20B9FFE7059845
:101E0000806C38B1FFE705980168086820F0080089
:101E10000860FFE70598C16D3F2088400199886000
:101E20000599012081F83500FFE70599002081F828
:101E30003400FFE70598006D20B1FFE70598016DBC
:101E40008847FFE77BE005980068006840030028AA
:101E50001AD5FFE70598006800680003002809D438
:101E6000FFE70598406C20B1FFE70598416C884773
:101E7000FFE708E00598C06B20B1FFE70598C16B4C
:101E80008847FFE7FFE720E0059800680068C00585
:101E9000002811D4FFE705980168086820F01000B9
:101EA00008600599012081F83500FFE705990020B9
:101EB00081F83400FFE7FFE70598C06B20B1FFE72A
:101EC0000598C16B8847FFE7FFE7FFE7FFE7059845
:101ED000406DA0B3FFE70598406DC00730B3FFE742
:101EE0000599052081F8350005980168086820F0FB
:101EF00001000860FFE703980130039002998842CF
:101F000001D9FFE707E0FFE7059800680068C00710
:101F10000028F0D1FFE70599012081F83500FFE79F
:101F20000599002081F83400FFE7FFE70598C06CB1
:101F300020B1FFE70598C16C8847FFE7FFE706B0CF
:101F400080BD000080B586B004900020039000F0B2
:101F50005FFB0290049820B9FFE701208DF817007D
:101F6000A3E00498406A08B1FFE7FFE70499022064
:101F700081F83500FFE70499002081F83400FFE77D
:101F800004980168086820F001000860FFE70498E1
:101F900000680068C00790B1FFE700F039FB0299C4
:101FA000401A06280AD3FFE70499202048650499BF
:101FB000032081F835008DF8170076E0E7E70498F4
:101FC000006800680390039848F23F01CFF21001C7
:101FD00008400390049900914868D1F808C0CB6884
:101FE0000A6940EA0C00184310434A6910438A69A1
:101FF0001043CA691043096A0143039808430390D8
:102000000498406A042808D1FFE70499C86A096B5C
:102010000143039808430390FFE703980499096874
:1020200008600498006840690390039820F0070056
:1020300003900498416A0398084303900498406A07
:1020400004281AD1FFE70498816A03980843039093
:102050000498C06A80B1FFE70498FEF705FD50B10F
:10206000FFE70499402048650499012081F8350074
:102070008DF8170019E0FFE7FFE703980499096856
:1020800048610498FEF7C4FC01900498C16D3F209C
:10209000884001998860049900204865049A0121CC
:1020A00082F835108DF81700FFE79DF8170006B08D
:1020B00080BD000080B588B006900591049203931E
:1020C00000208DF80B000698806D0190FFE70698C0
:1020D00090F83400012804D1FFE702208DF81F009A
:1020E00045E00699012081F83400FFE7FFE70698F4
:1020F00090F8350001282BD1FFE70699022081F8DE
:10210000350006990020486506980599049A039BB6
:10211000FEF722FD0698C16D3F2088400199886036
:1021200006980168086840F0160008600698006C80
:1021300038B1FFE706980168086840F008000860B9
:10214000FFE706980168086840F00100086009E0B0
:10215000FFE70699002081F83400FFE702208DF8A0
:102160000B00FFE79DF80B008DF81F00FFE79DF8BF
:102170001F0008B080BD000080B584B0039000F05F
:1021800047FA0290039801900198013048B1FFE7A7
:1021900040F2C310C2F20000017801980844019097
:1021A000FFE7FFE700F034FA0299401A01998842EC
:1021B00001D2FFE7F6E704B080BD000081B0ADF8C2
:1021C000020001B07047000080B582B0ADF8060093
:1021D00043F61440C4F201000068BDF8061008423E
:1021E0000CD0FFE7BDF8060043F61441C4F201012C
:1021F0000860BDF80600FFF7E1FFFFE702B080BD11
:102200008EB00D900C9100200A90099008900B90D0
:10221000FFE70B980F2800F2CC81FFE70B99012014
:1022200088400A900C9800680A990840099009981B
:102230000A99884240F0B881FFE70C98406800F0A6
:102240000300012807D0FFE70C98406800F0030066
:1022500002282FD1FFE70D98806808900B98410065
:10226000032000FA01F10898884308900C98C06890
:102270000B99490000FA01F1089808430890089862
:102280000D9988600D98406808900B99012000FA1C
:1022900001F10898884308900C984068C0F300103A
:1022A0000B9900FA01F108980843089008980D99D5
:1022B0004860FFE70C98406800F00300032818D03E
:1022C000FFE70D98C06808900B984100032000FAC2
:1022D00001F10898884308900C9880680B99490090
:1022E00000FA01F108980843089008980D99C86011
:1022F000FFE70C98406800F00300022826D1FFE7B2
:102300000D980B996FF0030202EA51010844006A2C
:1023100008900B9800F0070081000F2000FA01F1EF
:102320000898884308900C9800690B9901F0070100
:10233000890000FA01F108980843089008980D995F
:102340000B9B02EA530211440862FFE70D980068F4
:1023500008900B984100032000FA01F10898884387
:1023600008900C98406800F003000B99490000FAAF
:1023700001F108980843089008980D9908600C9896
:1023800080798007002800F00E81FFE7FFE700203A
:10239000079043F64400C4F20200016841F4804112
:1023A0000160006800F4804007900798FFE70B98F1
:1023B00020F0030043F60801C4F2010140580890E0
:1023C0000B9800F0030081000F2000FA01F108983B
:1023D000884308900D980021C4F20201884203D17D
:1023E000FFE7002006905EE00D9840F20041C4F245
:1023F0000201884203D1FFE70120059050E00D98CB
:1024000040F60001C4F20201884203D1FFE7022036
:10241000049042E00D9840F60041C4F20201884267
:1024200003D1FFE70320039034E00D9841F200014F
:10243000C4F20201884203D1FFE70420029026E0A3
:102440000D9841F20041C4F20201884203D1FFE736
:102450000520019018E00D9841F60001C4F2020138
:10246000884203D1FFE7062000900AE00D9941F66B
:102470000042C4F202020820914208BF07200090E7
:10248000FFE700980190FFE701980290FFE70298AC
:102490000390FFE703980490FFE704980590FFE797
:1024A00005980690FFE70698C0B20B9901F003016A
:1024B000890000FA01F108980843089008980B99E0
:1024C00021F0030143F60802C4F20102885043F6EA
:1024D0000840C4F2010000680890099908988843F0
:1024E00008900C988079C006002805D5FFE7099967
:1024F000089808430890FFE7089843F60841C4F29B
:102500000101086043F60C40C4F201000068089025
:1025100009990898884308900C98807980060028CB
:1025200005D5FFE70999089808430890FFE7089840
:1025300043F60C41C4F20101086043F60440C4F2C2
:1025400001000068089009990898884308900C9841
:1025500080798007002805D5FFE709990898084386
:102560000890FFE7089843F60441C4F201010860AF
:1025700043F60040C4F201000068089009990898E9
:10258000884308900C988079C00728B1FFE7099923
:10259000089808430890FFE7089843F60041C4F202
:1025A00001010860FFE7FFE7FFE70B9801300B90A0
:1025B0002FE60EB07047000083B00290ADF8061011
:1025C000029840690090009ABDF8060002EA0001F6
:1025D000904340EA01400299886103B070470000CF
:1025E00082B00190ADF802108DF801209DF8010035
:1025F00028B1FFE7BDF802000199886105E0BDF848
:102600000200000401998861FFE702B070470000F2
:1026100046F29840C2F200000068704780B58EB064
:102620000C900C9820B9FFE701208DF8370043E1AA
:102630000C9890F83D0040B9FFE70C99002081F814
:102640003C000C9800F03CF9FFE70C99242081F83D
:102650003D000C980168086820F0010008600C98A3
:102660000168086840F4004008600C980168086838
:1026700020F40040086001F049FD0A900C98406881
:1026800048F2A061C0F2010188420BD8FFE70A9925
:1026900048F28042C0F21E020020914238BF012061
:1026A00009900AE00A9940F60012C0F23D020020AB
:1026B000914238BF01200990FFE70998012804D111
:1026C000FFE701208DF83700F6E00A984DF68361A8
:1026D000C4F21B31A0FB0110800C0B900C98006819
:1026E000406820F03F000B9908430C990968486046
:1026F0000C980068006A20F03F0008900C98406831
:1027000048F2A061C0F20101884204D8FFE70B98AB
:10271000013007900EE00B984FF49671484344F651
:10272000D351C1F26201A0FB0101012000EB911025
:102730000790FFE70898079908430C990968086211
:102740000C980068C0694CF6FF71884306900C989D
:10275000406848F2A061C0F2010188421FD8FFE73B
:102760000A9801380C9949684900B0FBF1F0013032
:102770006FF31F30032803D8FFE7042005900BE018
:102780000A9801380C9949684900B0FBF1F0013012
:102790006FF31F300590FFE7059804904CE00C980C
:1027A000806868B9FFE70A9801380C99496801EB1D
:1027B0004101B0FBF1F001306FF31F3003900DE0E9
:1027C0000A9801380C99496819225143B0FBF1F07D
:1027D0000130042161F31F300390FFE703980005E7
:1027E00018B9FFE70120029023E00C98806868B9CF
:1027F000FFE70A9801380C99496801EB4101B0FBE9
:10280000F1F001306FF31F3001900DE00A980138AC
:102810000C99496819225143B0FBF1F001300421B1
:1028200061F31F300190FFE7019840F400400290EF
:10283000FFE702980490FFE70698049908430C9973
:102840000968C8610C980068006820F0C0000C9B03
:102850001968DA691B6A1A43104308600C9800680B
:10286000806848F2FF3188430C9A1168D368126976
:102870001A43104388600C980068C06820F0FF007D
:102880000C9B19685A699B691A431043C8600C98DD
:102890000168086840F0010008600C990020086495
:1028A0000C9A202182F83D100C9908630C9981F84C
:1028B0003E008DF83700FFE79DF837000EB080BD71
:1028C00080B590B00F9000200E900D900C900B9062
:1028D0000A900F98006845F60041C4F20001884252
:1028E00040F0B380FFE7FFE70020099043F6300097
:1028F000C4F20200016841F004010160006800F0C8
:10290000040009900998FFE7FFE70020089043F6CC
:102910003000C4F20200016841F00101016000686A
:1029200000F0010008900898FFE74FF400700A904B
:10293000122002900B90012003900C900320049031
:102940000D90042005900E9040F60000C4F20200A5
:102950000AA90691FFF754FCDDF808C0039B049A0E
:10296000059806994FF4807ECDF828E0CDF82CC06C
:102970000C930D920E900020C4F20200FFF740FC71
:10298000FFE70020079043F64000C4F20200016810
:1029900041F400010160006800F40000079007980E
:1029A000FFE745F60810C2F20000019046F2400130
:1029B000C4F2020101604FF0C061416000218160FA
:1029C000C1604FF48062026141618161C161016255
:1029D0004162FFF7B7FA18B1FFE7FEF7FFF8FFE72C
:1029E000FFE70F9845F60811C2F2000181630F98C6
:1029F0008863FFE745F66810C2F20000009046F2D7
:102A00007001C4F2020101604FF0C06141604021D9
:102A100081600021C1604FF4806202614161816187
:102A2000C16101624162FFF78DFA18B1FFE7FEF75D
:102A3000D5F8FFE7FFE70F9845F66811C2F20001ED
:102A400041630F988863FFE7FFE710B080BD000087
:102A500040F2C310C2F20000027846F29841C2F27E
:102A600000010868104408607047000080B543F614
:102A70000041C4F20201086840F400700860086870
:102A800040F480600860086840F4807008600320AB
:102A900000F08AF80F2000F005F800F03BF8002065
:102AA00080BD000080B582B0009040F2C000C2F24C
:102AB0000000006840F2C311C2F200010A784FF42E
:102AC0007A71B1FBF2F1B0FBF1F002F0B3FB20B18F
:102AD000FFE701208DF8070018E000980F280DD8B7
:102AE000FFE700994FF0FF30002200F043F8009814
:102AF00040F2C411C2F20001086003E001208DF829
:102B0000070003E000208DF80700FFE79DF80700AD
:102B100002B080BD82B0FFE70020019043F6440080
:102B2000C4F20200016841F480410160006800F4D1
:102B3000804001900198FFE7FFE70020009043F6F6
:102B40004000C4F20200016841F080510160006859
:102B500000F0805000900098FFE702B0704700003E
:102B600080B582B08DF807009DF9070015F0CCF80C
:102B700002B080BD80B586B08DF817000491039235
:102B80000020029015F0D8F802909DF917000190EE
:102B900002980499039A04F017FE0146019815F073
:102BA000D3F806B080BD000080B582B001900198D6
:102BB00015F0ECF802B080BD82B001908DF80310E2
:102BC00002B0704782B00190ADF80210BDF802006B
:102BD000019909684862002002B0704784B00390F0
:102BE0008DF80B10ADF8082003980068406A00903B
:102BF0009DF80B0048B9FFE7BDF80810009840EABF
:102C0000014003990968886233E003980068816A8B
:102C1000009800EB1140009000208DF80700FFE7BE
:102C20009DF807009DF80B100139884213D2FFE789
:102C3000039800689DF8071000EB8100D0F804119C
:102C4000009800EB11400090FFE79DF8070001306D
:102C50008DF80700E4E7BDF80810009840EA01404D
:102C6000039909689DF80B2001EB8201C1F800016E
:102C7000FFE7002004B0704780B582B00190019852
:102C8000D0F8E00407F0ECFD02B080BD80B582B062
:102C900001908DF80310019AD2F8E0049DF803101A
:102CA00001EBC10302EB8302126A07F037FC02B0AA
:102CB00080BD000080B582B001908DF80310019AAC
:102CC000D2F8E0049DF8031001EBC10302EB83028C
:102CD000D2F8602207F0EAFC02B080BD80B582B075
:102CE00001900198D0F8E00407F0C0FD02B080BD6B
:102CF00080B584B003908DF80B109DF80B00000692
:102D000000280CD5FFE703989DF80B1001F00F0188
:102D100001EBC10100EB8100143001900CE003983D
:102D20009DF80B1001F00F0101EBC10100EB8100D8
:102D300000F515700190FFE703980068019909F00C
:102D400011FB8DF80A009DF80A0004B080BD000058
:102D500080B584B002908DF807109DF8070000063A
:102D600000280FD5FFE702989DF8071001F00F012A
:102D700001EBC10100EB81001430009000990120AB
:102D800048700FE002989DF8071001F00F0101EB69
:102D9000C10100EB810000F5157000900099002042
:102DA0004870FFE79DF8070000F00F0000990870D9
:102DB000FFE7029890F89404012804D1FFE702206D
:102DC0008DF80F0014E00299012081F89404FFE7C8
:102DD000FFE702980068009908F0B4FDFFE7029948
:102DE000002081F89404FFE700208DF80F00FFE732
:102DF0009DF80F0004B080BD80B584B002908DF8BE
:102E000007109DF8070000F00F0002990979884229
:102E100004D9FFE701208DF80F004DE09DF8070071
:102E2000000600280FD5FFE702989DF8071001F073
:102E30000F0101EBC10100EB8100143000900099FB
:102E4000012048700FE002989DF8071001F00F0173
:102E500001EBC10100EB810000F5157000900099B5
:102E600000204870FFE70099002088709DF8070057
:102E700000F00F0000990870FFE7029890F89404A2
:102E8000012804D1FFE702208DF80F0014E0029919
:102E9000012081F89404FFE7FFE702980068009999
:102EA00008F0C0FFFFE70299002081F89404FFE7D3
:102EB00000208DF80F00FFE79DF80F0004B080BDE3
:102EC00082B001908DF8031001989DF8031001F075
:102ED0000F0101EBC10100EB8100D0F8680202B0E4
:102EE0007047000080B586B004908DF80F10ADF8E3
:102EF0000C208DF80B3000208DF80A009DF80F0093
:102F0000000600280FD5FFE704989DF80F1001F088
:102F10000F0101EBC10100EB810014300190019918
:102F2000012048700FE004989DF80F1001F00F0188
:102F300001EBC10100EB810000F5157001900199D2
:102F400000204870FFE79DF80F0000F00F00019986
:102F50000870BDF80C006FF3DF20019988609DF8C0
:102F60000B00019908710198407820B1FFE70199A1
:102F700008784883FFE79DF80B00022804D1FFE79B
:102F8000019900204871FFE7FFE7049890F8940446
:102F9000012804D1FFE702208DF8170015E00499FD
:102FA000012081F89404FFE7FFE704980068019985
:102FB00008F09AFBFFE70499002081F89404FFE7EA
:102FC0009DF80A008DF81700FFE79DF8170006B07E
:102FD00080BD000080B586B005908DF81310039277
:102FE000029305989DF8131001F00F0101EBC10148
:102FF00000EB810000F51570019003980199C860FD
:10300000029801990861019900204861019948706E
:103010009DF8130000F00F00019908700598807961
:10302000012804D1FFE703980199C861FFE7059AD9
:1030300010680199927908F099FF002006B080BDD0
:1030400080B584B002908DF807109DF8070000F05D
:103050000F0002990979884204D9FFE701208DF811
:103060000F0058E09DF80700000600280FD5FFE785
:1030700002989DF8071001F00F0101EBC10100EB70
:103080008100143000900099012048700DE00298F2
:103090009DF8071001EBC10100EB810000F51570F0
:1030A0000090009900204870FFE700990120887087
:1030B0009DF8070000F00F0000990870FFE70298E4
:1030C00090F89404012804D1FFE702208DF80F0046
:1030D00021E00299012081F89404FFE7FFE70298BC
:1030E0000068009908F0EEFE9DF80700000740B95F
:1030F000FFE7029A1068917902F29C4208F042FEC2
:10310000FFE7FFE70299002081F89404FFE7002021
:103110008DF80F00FFE79DF80F0004B080BD0000A0
:1031200080B586B005908DF8131003920293059830
:103130009DF8131001F00F0101EBC10100EB8100BC
:103140001430019003980199C860029801990861B0
:103150000199002048610199012048709DF81300F1
:1031600000F00F000199087005988079012804D1BA
:10317000FFE703980199C861FFE7059A1068019974
:10318000927908F0F3FE002006B080BD80B58CB0C7
:103190000B900B9800680A900A9809900B980068A9
:1031A00009F016FA002840F00B84FFE70B9800683E
:1031B00009F082FA10B9FFE700F002BC0998D0F8D4
:1031C0000808C0F30D200B99C1F8D4040B980068CF
:1031D00009F072FA8007002807D5FFE70B9801680D
:1031E000486900F002004861FFE70B98006809F0A9
:1031F00063FAC006002862D5FFE70B98016888696A
:1032000020F0100088610A98006A02900B980299D9
:1032100001F00F0101EBC10100EB810000F5157019
:103220000890029800F4F0110220B0EB514F23D126
:10323000FFE7BDF8080047F6F07108421BD0FFE732
:103240000A980899C968029AC2F30A1209F042FA68
:10325000029847F6F07100EA0103089AD06800EB83
:103260001310D060029800EA01020899486900EB47
:1032700012104861FFE71BE0029800F4F0110620ED
:10328000B0EB514F12D1FFE70A980B9901F29C4124
:10329000082209F01FFA029847F6F07100EA0102CD
:1032A0000899486900EB1210486100E0FFE7FFE76A
:1032B0000B980168886940F010008861FFE70B985F
:1032C000006809F0F9F90003002840F1A680FFE743
:1032D000002004900B98006809F09CF90690FFE725
:1032E0000698002800F09880FFE79DF81800C007B6
:1032F000002800F08A80FFE70B9800689DF8101006
:1033000009F0C2F905909DF81400C00760B1FFE70D
:103310000998049900EB41110120C1F8080B0B98A2
:10332000049904F0D5FAFFE79DF81400000700287F
:103330000CD5FFE70998049900EB41110820C1F86A
:10334000080B0B98049904F07DFAFFE79DF8140030
:10335000C006002808D5FFE70998049900EB411141
:103360001020C1F8080BFFE79DF814008007002823
:103370002DD5FFE70A9840690006002808D5FFE729
:103380000999D1F8040840F48060C1F80408FFE707
:103390000B98049901EBC10100EB810000F5157059
:1033A00008900898C078012809D1FFE70899002003
:1033B000C8700B989DF8101000F012FBFFE70998F9
:1033C000049900EB41110220C1F8080BFFE79DF8BA
:1033D00014008006002808D5FFE70998049900EB3F
:1033E00041112020C1F8080BFFE79DF81500800669
:1033F000002809D5FFE70998049900EB41114FF423
:103400000050C1F8080BFFE7FFE704980130049073
:1034100006984008069063E7FFE70B98006809F0FC
:103420004BF94003002840F1C680FFE70B98006885
:1034300009F0DEF8069000200490FFE706980028C7
:1034400000F0B880FFE79DF81800C007002800F0E2
:10345000AA80FFE70B9800689DF8101009F0ECF8BF
:1034600005909DF81400C00700283ED0FFE704989F
:1034700000F00F01012000FA01F10391039B099A6A
:10348000D2F834189943C2F834180999049A01EB18
:103490004211C1F808090B98807901281FD1FFE774
:1034A0000B98049901EBC10100EB8101CA69086A1C
:1034B00010440862049888B9FFE70B98049901EB5F
:1034C000C10100EB8100406A40B9FFE70B99086831
:1034D00001F29C42012108F055FCFFE7FFE70B9841
:1034E0009DF81010FFF7D2FBFFE79DF814000007CE
:1034F000002808D5FFE70998049900EB411108203E
:10350000C1F80809FFE79DF81400C006002808D597
:10351000FFE70998049900EB41111020C1F8080950
:10352000FFE79DF814004006002808D5FFE709983A
:10353000049900EB41114020C1F80809FFE79DF80C
:1035400014008007002822D5FFE70A98049908F0A4
:10355000DBFF0B98049901EBC10100EB81001430F3
:1035600008900898C078012809D1FFE70899002041
:10357000C8700B989DF8101000F024FAFFE7099826
:10358000049900EB41110220C1F80809FFE79DF8FA
:1035900014000006002805D5FFE70B98049904F0F5
:1035A0007BFAFFE7FFE70498013004900698400893
:1035B000069043E7FFE70B98006809F07DF8C00F1D
:1035C00000B3FFE70999D1F8040820F00100C1F821
:1035D00004080B9890F8CC04012808D1FFE70B9859
:1035E000002180F8CC140B98FFF7E6FA03E00B9863
:1035F00000F0A8FBFFE70B980168486900F0004065
:103600004861FFE70B98006809F056F800050028AC
:1036100011D5FFE70998D0F80808C00720B1FFE7E7
:103620000B9800F01BFCFFE70B980168486900F459
:1036300000604861FFE70B98006809F03DF8C0049E
:10364000002840F18680FFE70999D1F8040820F0AE
:103650000100C1F804080B980068102108F054FF1D
:1036600000200790FFE707980B990979884231D22B
:10367000FFE70998079900EB41114FF67F30C1F839
:1036800008090999079A01EB4212D2F8001921F4AE
:103690000011C2F800190999079A01EB4211C1F80B
:1036A000080B0998079900EB4111D1F8000B20F4A1
:1036B0000010C1F8000B0998079900EB4111D1F8EF
:1036C000000B40F00060C1F8000BFFE707980130E5
:1036D0000790C8E70999D1F81C0840F00110C1F81B
:1036E0001C080B98C07B78B1FFE70999D1F88408D2
:1036F00040F00B00C1F884080999D1F8440840F063
:103700000B00C1F844080FE00999D1F8140842F2FF
:103710002B021043C1F814080999D1F8100840F0A1
:103720000B00C1F81008FFE70999D1F8000820F450
:10373000FE60C1F800080B9A1068917902F29C4271
:1037400008F020FB0B980168486900F4805048613C
:10375000FFE70B98006808F0AFFF800400281FD532
:10376000FFE70B98006808F02FF80B98006808F046
:1037700009FF0B99C8710B980068019000F0C0FC1C
:10378000014601980B9AD27909F09CF80B9800F049
:10379000AFFA0B980168486900F400504861FFE7F0
:1037A0000B98006808F088FF000700280AD5FFE79B
:1037B0000B9800F0D1FA0B980168486900F00800F6
:1037C0004861FFE70B98006808F076FF00060028C4
:1037D00025D5FFE70A99886920F0800088610120DB
:1037E0000490FFE704980B990979884216D2FFE705
:1037F0000B98049901EBC10100EB810090F857028E
:10380000012806D1FFE70B989DF81010FFF770FA1A
:10381000FFE7FFE7049801300490E3E7FFE70B9828
:10382000006808F049FFC00200283CD5FFE70120EE
:103830000490FFE704980B99097988422CD2FFE79E
:103840000998049900EB4110D0F8000902900B98F8
:10385000049901EBC10100EB8100007E012816D123
:10386000FFE79DF80B000006002810D5FFE70B9836
:10387000049901EBC10100EB81010120C8750B988F
:103880009DF8101041F08001FFF732FAFFE7FFE7E3
:10389000049801300490CDE70B980168486900F462
:1038A00080104861FFE70B98006808F005FF800270
:1038B000002855D5FFE701200490FFE704980B99F5
:1038C0000979884245D2FFE70998049900EB411035
:1038D000D0F8000B02900B98049901EBC10100EBAA
:1038E000810090F8580201282ED1FFE79DF80B00C7
:1038F0000006002828D5FFE7029800F480300B99D5
:10390000D1F8D41401F0010188421DD1FFE70B98D2
:10391000049901EBC10100EB8101012081F85702FC
:103920000A99886940F0800088610A984069000619
:10393000002808D4FFE70999D1F8040840F4007082
:10394000C1F8040805E0FFE7FFE7049801300490A0
:10395000B4E70B980168486900F400104861FFE77C
:103960000B98006808F0A8FE400000280AD5FFE781
:103970000B98FFF781F90B980168486900F08040C7
:103980004861FFE70B98006808F096FE40070028A2
:1039900015D5FFE70B980068406802909DF8080075
:1039A0004007002804D5FFE70B98FFF797F9FFE7DA
:1039B000029A0B980168486810434860FFE7FFE7E8
:1039C0000CB080BD80B582B001908DF803100198D5
:1039D000D0F8E0049DF8031006F0E4FF02B080BDCB
:1039E00080B582B001908DF803100198D0F8E00402
:1039F0009DF8031007F00EF802B080BD80B58EB0C0
:103A00000C900C9820B9FFE701208DF8370012E1E7
:103A10000C9800680B900C9890F8950440B9FFE75B
:103A20000C99002081F894040C9800F009F9FFE744
:103A30000C99032081F895040B98B0F1A04F04D1A4
:103A4000FFE70C9900208871FFE70C98006808F0E8
:103A50008FF90C9B1868197C8DF8241059689A68A6
:103A6000DB680893079206910699079A089BDDF890
:103A700024C0EE46CEF800C007F0BCFE40B1FFE720
:103A80000C99022081F8950401208DF83700D2E0CE
:103A90000C980068002108F077FE40B1FFE70C9910
:103AA000022081F8950401208DF83700C3E0002042
:103AB0008DF82B00FFE79DF82B000C9909798842BF
:103AC00041DAFFE70C989DF82B1001EBC10100EBE8
:103AD0008101012048759DF82B000C9900EBC00274
:103AE00001EB820108759DF82B000C9900EBC002D8
:103AF00001EB8201C8850C989DF82B1001EBC101E8
:103B000000EB8101002008760C999DF82B2002EB38
:103B1000C20201EB8201C8610C999DF82B2002EBD7
:103B2000C20201EB820108620C999DF82B2002EB86
:103B3000C20201EB82014862FFE79DF82B000130D1
:103B40008DF82B00B7E700208DF82B00FFE79DF8DC
:103B50002B000C99097988423EDAFFE70C989DF812
:103B60002B1001EBC10100EB8101002081F855020F
:103B70009DF82B100C9A01EBC10302EB830282F833
:103B800054120C999DF82B2002EBC20201EB82012A
:103B900081F858020C999DF82B2002EBC20201EB30
:103BA0008201C1F85C020C999DF82B2002EBC20245
:103BB00001EB8201C1F860020C999DF82B2002EB09
:103BC000C20201EB8201C1F86402FFE79DF82B00FD
:103BD00001308DF82B00BAE70C9B1868197C8DF822
:103BE000141059689A68DB68049303920291029951
:103BF000039A049BDDF814C0EE46CEF800C007F02F
:103C000069FF40B1FFE70C99022081F8950401207B
:103C10008DF837000FE00C990020019048740C9942
:103C2000012081F895040C98006807F03DFF019889
:103C30008DF83700FFE79DF837000EB080BD00001B
:103C400080B58AB0099000200890079006900590F2
:103C5000049009980068B0F1A04F47D1FFE7FFE753
:103C60000020039043F63000C4F20200016841F0E6
:103C700001010160006800F0010003900398FFE774
:103C80004FF4C050049002200590002006900320BD
:103C900007900A2008900020C4F2020004A9FEF751
:103CA000AFFAFFE743F63401C4F20201086840F0BE
:103CB00080000860FFE70020029043F64400C4F251
:103CC0000200016841F480410160006800F4804016
:103CD00002900298FFE7FFE743200190002211467F
:103CE000FEF748FF0198FEF73BFFFFE70AB080BDF3
:103CF00080B582B0019001208DF803000198C07951
:103D000020B9FFE700208DF803000CE00198C0798E
:103D1000022804D1FFE701208DF8030002E0FCF740
:103D20005DFFFFE7FFE70198D0F8E0049DF803107E
:103D300006F070FF0198D0F8E00406F0EBFE02B048
:103D400080BD000080B582B001900198D0F8E004F9
:103D500006F02EFF02B080BD80B582B001900198C0
:103D6000D0F8E00406F036FF02B080BD80B584B024
:103D700002908DF80710FFE7029890F8940401284C
:103D800004D1FFE702208DF80F0019E0029901200D
:103D900081F89404FFE7FFE79DF807000299487453
:103DA000029800689DF8071008F05EFDFFE7029991
:103DB000002081F89404FFE700208DF80F00FFE752
:103DC0009DF80F0004B080BD80B582B001900199CC
:103DD000D1F8E00401F29C4106F046FF02B080BD3C
:103DE00080B584B00290029800680190FFE70298C5
:103DF00090F89404012804D1FFE702208DF80F0009
:103E000028E00299012081F89404FFE7FFE7019878
:103E1000C068400600280BD5FFE70298407B0128C8
:103E200006D1FFE70199886B40F480308863FFE793
:103E30000298006808F024FB0298006807F01EFE54
:103E4000FFE70299002081F89404FFE700208DF835
:103E50000F00FFE79DF80F0004B080BD80B582B071
:103E600001900198D0F8E00406F080FF0198016805
:103E7000D1F8000E40F00100C1F8000E0198C07AA0
:103E800048B1FFE74EF61051CEF20001086840F04D
:103E900006000860FFE702B080BD000080B584B076
:103EA00002900191029820B9FFE701208DF80F00E0
:103EB00021E1019843F60041C4F20201096801F0D2
:103EC0000701884212D9FFE7019943F60040C4F286
:103ED00002000170006800F007000199884204D0D8
:103EE000FFE701208DF80F0005E1FFE70298007859
:103EF000800700282AD5FFE70298007840070028AD
:103F000009D5FFE743F60801C4F20201086840F44E
:103F1000E0500860FFE7029800780007002809D504
:103F2000FFE743F60801C4F20201086840F460406C
:103F30000860FFE743F60801C4F20201086820F0B8
:103F4000F000029A926810430860FFE70298007838
:103F5000C00700286ED0FFE702984068012811D101
:103F6000FFE743F60000C4F20200006800F40031ED
:103F70000020B0EB514F04D1FFE701208DF80F0076
:103F8000B9E02CE002984068022805D0FFE70298CB
:103F90004068032811D1FFE743F60000C4F2020095
:103FA000006800F000710020B0EB516F04D1FFE712
:103FB00001208DF80F009EE010E043F60000C4F2EF
:103FC0000200006800F002010020B0EB510F04D1A4
:103FD000FFE701208DF80F008DE0FFE7FFE743F6D4
:103FE0000801C4F20201086820F00300029A526836
:103FF00010430860FEF70CFB0090FFE743F6080053
:10400000C4F20200006800F00C0002994968B0EBAD
:10401000810F0ED0FFE7FEF7FBFA0099401A41F23C
:104020008931884204D3FFE703208DF80F0062E056
:10403000E4E7FFE7019843F60041C4F20201096892
:1040400001F00701884212D2FFE7019943F60040D0
:10405000C4F202000170006800F007000199884274
:1040600004D0FFE701208DF80F0044E0FFE702983D
:104070000078400700280CD5FFE743F60801C4F29A
:104080000201086820F4E050029AD26810430860E8
:10409000FFE702980078000700280DD5FFE743F6F8
:1040A0000801C4F20201086820F46040029A126913
:1040B00040EAC2000860FFE700F04CF843F6080150
:1040C000C4F202010968C9B20A0949F69401C0F6AE
:1040D0000101895CC84040F2C001C2F200010860E1
:1040E00040F2C410C2F200000068FEF7DBFC0020C2
:1040F0008DF80F00FFE79DF80F0004B080BD0000B1
:1041000040F2C000C2F200000068704780B5FFF7BF
:10411000F7FF43F60801C4F202010968C1F38222E5
:1041200049F6A401C0F60101895CC84080BD0000C9
:1041300080B5FFF7E5FF43F60801C4F20201096804
:1041400089B24A0B49F6A401C0F60101895CC84056
:1041500080BD000080B586B00020059004900390DB
:10416000029043F60800C4F20200006800F00C0060
:104170000146019140B1FFE7019804280AD0FFE70A
:10418000019808280CD04FE042F20040C0F2F40041
:1041900002904FE041F60030C0F2B700029049E0D3
:1041A00043F60400C4F20200016801F03F010591EA
:1041B00000684002002813D5FFE743F60400C4F26C
:1041C00002000068C0F3881041F60031C0F2B70168
:1041D000A0FB0101059A0023FCF7B1F8049012E05E
:1041E00043F60400C4F202000068C0F3881042F2F3
:1041F0000041C0F2F401A0FB0101059A0023FCF785
:104200009EF80490FFE743F60400C4F20200006841
:1042100000F44031022000EBD13003900498039960
:10422000B0FBF1F0029005E042F20040C0F2F40071
:104230000290FFE7029806B080BD000080B586B00E
:104240000490049820B9FFE701208DF8170050E38F
:1042500004980078C007002800F0A580FFE743F627
:104260000800C4F20200006800F00C00042813D01B
:10427000FFE743F60800C4F20200006800F00C00FB
:1042800008281ED1FFE743F60400C4F202000068CC
:104290004002002815D5FFE743F60000C4F20200F3
:1042A000006800F400310020B0EB514F08D0FFE768
:1042B0000498406820B9FFE701208DF8170018E343
:1042C00070E0FFE704984068B0F5803F09D1FFE750
:1042D00043F60001C4F20201086840F4803008602F
:1042E00020E004984068B0F5A02F0DD1FFE743F619
:1042F0000001C4F20201086840F4802008600868E8
:1043000040F4803008600CE043F60001C4F2020182
:10431000086820F480300860086820F48020086075
:10432000FFE7FFE7FFE704984068E8B1FFE7FEF723
:104330006FF90390FFE743F60000C4F20200006843
:1043400000F400310020B0EB514F0CD1FFE7FEF735
:104350005FF90399401A652804D3FFE703208DF81D
:104360001700C6E2E7E71CE0FEF752F90390FFE70B
:1043700043F60000C4F20200006800F4003100209F
:10438000B0EB514F0CD0FFE7FEF742F90399401A0A
:10439000652804D3FFE703208DF81700A9E2E7E7BB
:1043A000FFE7FFE7FFE7049800788007002840F167
:1043B0009680FFE743F60800C4F20200006810F0A0
:1043C0000C0F13D0FFE743F60800C4F202000068A8
:1043D00000F00C0008282CD1FFE743F60400C4F2DB
:1043E000020000684002002823D4FFE743F60000E3
:1043F000C4F20200006800F002010020B0EB510F8F
:1044000009D0FFE70498C068012804D0FFE7012025
:104410008DF817006DE243F60001C4F2020108684E
:1044200020F0F800049A126940EAC2000860FFE731
:1044300054E00498C06870B3FFE70021C4F247213C
:1044400001200860FEF7E4F80390FFE743F6000060
:10445000C4F20200006800F002010020B0EB510F2E
:104460000CD1FFE7FEF7D4F80399401A032804D3D0
:10447000FFE703208DF817003BE2E7E743F6000172
:10448000C4F20201086820F0F800049A126940EAB8
:10449000C200086021E00021C4F24721002008602A
:1044A000FEF7B6F80390FFE743F60000C4F20200FF
:1044B000006800F002010020B0EB510F0CD0FFE7C4
:1044C000FEF7A6F80399401A032804D3FFE7032058
:1044D0008DF817000DE2E7E7FFE7FFE7FFE7049835
:1044E0000078000700284BD5FFE70498406918B30F
:1044F000FFE740F68061C4F2472101200860FEF723
:1045000087F80390FFE743F67400C4F202000068E6
:1045100000F002010020B0EB510F0CD1FFE7FEF7D5
:1045200077F80399401A032804D3FFE703208DF896
:104530001700DEE1E7E722E040F68061C4F24721A0
:1045400000200860FEF764F80390FFE743F674006C
:10455000C4F20200006800F002010020B0EB510F2D
:104560000CD0FFE7FEF754F80399401A032804D350
:10457000FFE703208DF81700BBE1E7E7FFE7FFE760
:10458000049800784007002840F1CE80FFE7002023
:104590008DF8070043F64000C4F202000068C00036
:1045A000002815D4FFE7FFE70020009043F6400005
:1045B000C4F20200016841F080510160006800F01F
:1045C000805000900098FFE701208DF80700FFE77A
:1045D00047F20000C4F200000068C005002822D4A1
:1045E000FFE747F20001C4F20001086840F4807060
:1045F0000860FEF70DF80390FFE747F20000C4F2F1
:1046000000000068C00500280CD4FFE7FEF700F8A2
:104610000399401A032804D3FFE703208DF81700FD
:1046200067E1EAE7FFE7FFE704988068012809D11E
:10463000FFE743F67001C4F20201086840F0010090
:1046400008601FE00498806805280DD1FFE743F655
:104650007001C4F20201086840F0040008600868B4
:1046600040F0010008600CE043F67001C4F2020162
:10467000086820F001000860086820F00400086065
:10468000FFE7FFE7FFE704988068F8B1FFE7FDF771
:10469000BFFF0390FFE743F67000C4F2020000681A
:1046A00000F002010020B0EB510F0ED1FFE7FDF743
:1046B000AFFF0399401A41F28931884204D3FFE7E2
:1046C00003208DF8170014E1E5E71EE0FDF7A0FFD9
:1046D0000390FFE743F67000C4F20200006800F0A8
:1046E00002010020B0EB510F0ED0FFE7FDF790FF65
:1046F0000399401A41F28931884204D3FFE703202D
:104700008DF81700F5E0E5E7FFE79DF807000128C1
:1047100009D1FFE743F64001C4F20201086820F026
:1047200080500860FFE7FFE704988069002800F0E8
:10473000DC80FFE743F60800C4F20200006800F0E6
:104740000C00082800F08580FFE7049880690228A3
:104750005CD1FFE76021C4F2472100200860FDF72B
:1047600057FF0390FFE743F60000C4F20200006821
:1047700000F000710020B0EB516F0CD0FFE7FDF7A7
:1047800047FF0399401A032804D3FFE703208DF85D
:104790001700AEE0E7E70499C869D1F820C04B6A7A
:1047A0008A6A40EA0C0040EA8310D2034FF6FF7396
:1047B0009A43A2F580321043C96A40EA016043F689
:1047C0000401C4F2020108606021C4F24721012003
:1047D0000860FDF71DFF0390FFE743F60000C4F2F9
:1047E0000200006800F000710020B0EB516F0CD1A6
:1047F000FFE7FDF70DFF0399401A032804D3FFE7F5
:1048000003208DF8170074E0E7E721E06021C4F28F
:10481000472100200860FDF7FBFE0390FFE743F609
:104820000000C4F20200006800F000710020B0EB4C
:10483000516F0CD0FFE7FDF7EBFE0399401A0328F8
:1048400004D3FFE703208DF8170052E0E7E7FFE706
:104850004AE004988069012804D1FFE701208DF81F
:10486000170046E043F60400C4F20200006802901C
:1048700004988069012831D0FFE7029800F4800095
:104880000499C969884229D1FFE7029800F03F00E6
:104890000499096A884221D1FFE7029847F6C0715E
:1048A00008400499496AB0EB811F17D1FFE70298CD
:1048B00000F440300499896AC9034FF6FF729143AE
:1048C000A1F58031884209D1FFE7029800F07060BD
:1048D0000499C96AB0EB016F04D0FFE701208DF89D
:1048E000170006E0FFE7FFE7FFE700208DF817005D
:1048F000FFE79DF8170006B080BD000081B0009072
:1049000001B0704780B584B00290029820B9FFE7EB
:1049100001208DF80F0071E00298406A60B9FFE74E
:1049200002984068B0F5827F01D1FFE703E0029969
:104930000020C861FFE705E00299002008610299A4
:104940004861FFE7029900208862029890F85100C0
:1049500040B9FFE70299002081F85000029800F06A
:1049600051F8FFE70299022081F85100029801688E
:10497000086820F040000860029A019211685068AF
:10498000D2F808C0D36800F482700CF4044C604480
:1049900003F400631844136903F0020318445369D5
:1049A00003F001031844936903F400731844D369B6
:1049B00003F038031844136A03F080031843926A23
:1049C00002F4005210430860029A508B00F0040079
:1049D0001168526A02F0100210444860029801689F
:1049E000C86920F40060C861029900204865029AF5
:1049F000012182F851108DF80F00FFE79DF80F009C
:104A000004B080BD80B590B00F9000200E900D9046
:104A10000C900B900A900F98006843F20001C4F2CA
:104A20000101884240F0C080FFE7FFE700200990C5
:104A300043F64400C4F20200016841F48051016071
:104A4000006800F4805009900998FFE7FFE7002014
:104A5000089043F63000C4F20200016841F0020100
:104A60000160006800F0020008900898FFE7FFE787
:104A70000020079043F63000C4F20200016841F0C4
:104A800001010160006800F0010007900798FFE74E
:104A900018200A90022001900B90012002900C90A7
:104AA000032005900D90052003900E9040F20040E9
:104AB000C4F202000AA90491FDF7A2FBDDF804C0CC
:104AC000029B03980499059A4FF0800ECDF828E0D8
:104AD000CDF82CC00C930D920E900020C4F2020071
:104AE000FDF78EFB059A45F6C810C2F2000006904D
:104AF00046F24041C4F2020101604FF0C0614160E2
:104B000000218160C1604FF4806303614161816174
:104B1000C1614FF440330362042343628262C16285
:104B20000163FDF70FFA18B1FFE7FCF757F8FFE74D
:104B3000FFE70F9845F6C811C2F20001C1640F9853
:104B40008863FFE745F62820C2F20000009046F295
:104B50005841C4F2020101604FF0C0614160402140
:104B600081600021C1604FF4806202614161816116
:104B7000C1614FF400320262042242620322826267
:104B8000C1620163FDF7DEF918B1FFE7FCF726F813
:104B9000FFE7FFE70F9845F62821C2F20001816484
:104BA0000F988863FFE7FFE710B080BD81B00090E9
:104BB00001B0704781B0009001B0704780B58CB0F3
:104BC000DDF838C00A9009910892ADF81E30012036
:104BD0000390FDF71DFD04900A9890F851008DF8A0
:104BE00017000A9840680690BDF81E00ADF81C003A
:104BF0009DF81700012812D0FFE70698B0F5827FD4
:104C000009D1FFE70A98806828B9FFE79DF81700E7
:104C1000042804D0FFE702208DF82F009BE10998BB
:104C200038B1FFE7089820B1FFE7BDF81E0020B9B2
:104C3000FFE701208DF82F008DE1FFE70A9890F83B
:104C40005000012804D1FFE702208DF82F0082E1F7
:104C50000A99012081F85000FFE7FFE70A9890F8D1
:104C60005100042805D0FFE70A99052081F851007A
:104C7000FFE70A990020486508990A9A9163BDF8F0
:104C80001E100A9AD187BDF81E100A9A91870999B9
:104C90000A9A1163BDF81E100A9AD186BDF81E103B
:104CA0000A9A91860A9908640A9948640A980068E1
:104CB000006800F04000402807D0FFE70A9801682C
:104CC000086840F040000860FFE70A98C068B0F547
:104CD000006F40F08180FFE70A98406828B1FFE745
:104CE000BDF81C0001280ED1FFE70A980168006B8F
:104CF0000088C8600A99086B023008630A99C88E58
:104D00000138C886FFE7FFE70A98C18E01200190AD
:104D100039B9FFE70A98C08F002818BF0120019019
:104D2000FFE70198C007002855D0FFE70A98006800
:104D300080688007002818D5FFE70A98C08EA0B1C8
:104D4000FFE70398012810D1FFE70A980168006B7C
:104D50000088C8600A99086B023008630A99C88EF7
:104D60000138C88600200390FFE70A980068806831
:104D7000C007A8B1FFE70A98C08F88B1FFE70A987B
:104D80000068C0680A99896B08800A99886B0230AC
:104D900088630A99C88F0138C88701200390FFE70C
:104DA000FDF736FC0499401A0E99884212D3FFE7AA
:104DB0000E98013070B1FFE70A99012081F8510087
:104DC000FFE70A99002081F85000FFE703208DF8E3
:104DD0002F00C0E098E782E00A98406828B1FFE71A
:104DE000BDF81C0001280ED1FFE70A980168006B8E
:104DF000007808730A99086B013008630A99C88E15
:104E00000138C886FFE7FFE70A98C18E01200090AD
:104E100039B9FFE70A98C08F002818BF0120009019
:104E2000FFE70098C007002858D0FFE70A980068FD
:104E300080688007002818D5FFE70A98C08EA0B1C7
:104E4000FFE70398012810D1FFE70A980168006B7B
:104E5000007808730A99086B013008630A99C88EB4
:104E60000138C88600200390FFE70A980068806830
:104E7000C007A8B1FFE70A98C08F88B1FFE70A987A
:104E80000068C0680A99896B08700A99886B0130BC
:104E900088630A99C88F0138C88701200390FFE70B
:104EA000FDF7B6FB0499401A0E99884204D3FFE738
:104EB0000E98013018B9FFE70E9870B9FFE70A990C
:104EC000012081F85100FFE70A99002081F8500085
:104ED000FFE703208DF82F003DE095E7FFE70A98F4
:104EE0000E99049A02F0AEFF68B1FFE70A992020FC
:104EF0004865FFE70A99002081F85000FFE701208C
:104F00008DF82F0027E00A98806870B9FFE7FFE767
:104F1000002002900A980068C06802900A98006811
:104F2000806802900298FFE7FFE70A99012081F864
:104F30005100FFE70A99002081F85000FFE70A9826
:104F4000406D20B1FFE701208DF82F0003E0002025
:104F50008DF82F00FFE79DF82F000CB080BD0000FA
:104F600080B588B0069005910492ADF80E30069891
:104F700090F851008DF807000698406802909DF85F
:104F80000700012812D0FFE70298B0F5827F09D10F
:104F9000FFE70698806828B9FFE79DF80700042816
:104FA00004D0FFE702208DF81F00DFE0059838B13C
:104FB000FFE7049820B1FFE7BDF80E0020B9FFE736
:104FC00001208DF81F00D1E0FFE7069890F850000F
:104FD000012804D1FFE702208DF81F00C6E00699E2
:104FE000012081F85000FFE7FFE7069890F8510094
:104FF000042805D0FFE70699052081F85100FFE756
:105000000699002048650599069A1163BDF80E10AF
:10501000069A9186BDF80E10069AD1860499069AD2
:105020009163BDF80E10069A9187BDF80E10069A8E
:10503000D1870699086406994864069890F851004B
:1050400004280FD1FFE70698C16C47F60540C0F66B
:10505000000008640698C16C47F63540C0F60000B1
:10506000C8630EE00698C16C47F61D40C0F600000C
:1050700008640698C16C47F6D940C0F60000C863C2
:10508000FFE70698C16C47F6D130C0F60000C8644F
:105090000698C16C00200865069B19689A6BD86C4D
:1050A0000C31DB8FFDF706F878B1FFE70699486D04
:1050B00040F010004865FFE70699002081F8500095
:1050C000FFE701208DF81F0050E00698016848684E
:1050D00040F0010048600698816C00200864069941
:1050E000896CC8630699896CC8640699896C0865DF
:1050F000069B1A68196B986C0C32DB8EFCF7DAFF92
:1051000078B1FFE70699486D40F010004865FFE769
:105110000699002081F85000FFE701208DF81F005C
:1051200024E006980068006800F04000402807D09E
:10513000FFE706980168086840F040000860FFE754
:10514000FFE70699002081F85000FFE70698016804
:10515000486840F02000486006980168486840F0C0
:105160000200486000208DF81F00FFE79DF81F0037
:1051700008B080BD80B584B003900398006843F206
:105180000001C4F20101884213D1FFE740F2186127
:10519000C2F20001029148680989FDF70DFA0299EF
:1051A000D1F81031B1F80A2101F10A008A3198478B
:1051B00039E00398006843F60001C4F20001884218
:1051C00013D1FFE740F22C71C2F20001019148684F
:1051D0000989FDF7F1F90199D1F81031B1F80A21E7
:1051E00001F10A008A3198471CE00398006843F6F1
:1051F0000041C4F20001884213D1FFE740F64001AC
:10520000C2F20001009148680989FDF7D5F90099BB
:10521000D1F81031B1F80A2101F10A008A3198471A
:10522000FFE7FFE7FFE704B080BD000081B000901A
:1052300001B0704780B582B00190019802F01CFF68
:1052400002B080BD81B0009001B0704781B0009085
:1052500001B0704784B00290019100200090FFE7F8
:10526000029890F83C00012804D1FFE702208DF855
:105270000F0044E00299012081F83C00FFE7FFE7BE
:10528000009820F0FF000199C96808430090009839
:1052900020F440700199896808430090009820F438
:1052A00080600199496808430090009820F40060EC
:1052B0000199096808430090009820F480500199F2
:1052C000096908430090009820F400500199496949
:1052D00008430090009820F480400199C969084370
:1052E00000900098029909684864FFE7029900203D
:1052F00081F83C00FFE700208DF80F00FFE79DF8E4
:105300000F0004B07047000085B003900291FFE7E2
:10531000039890F83C00012804D1FFE702208DF8A3
:1053200013007EE00399012081F83C00FFE7FFE7CE
:105330000399022081F83D000398006840680190BD
:105340000398006880680090019820F07000019038
:10535000029801680198084301900198039909682F
:105360004860039800680021C4F2010188423CD0E3
:10537000FFE703980068B0F1804F36D0FFE703984D
:10538000006840F20041C4F2000188422DD0FFE7DE
:105390000398006840F60001C4F20001884224D05E
:1053A000FFE70398006840F60041C4F2000188421C
:1053B0001BD0FFE70398006840F20041C4F20101EE
:1053C000884212D0FFE70398006844F20001C4F25B
:1053D0000101884209D0FFE70398006841F6000107
:1053E000C4F2000188420ED1FFE7009820F080004F
:1053F0000090029841680098084300900098039933
:1054000009688860FFE70399012081F83D00FFE704
:105410000399002081F83C00FFE700208DF813007D
:10542000FFE79DF8130005B07047000080B582B01B
:105430000090009820B9FFE701208DF807003FE0B9
:10544000009890F83D0040B9FFE70099002081F8EE
:105450003C00009800F038F8FFE70099022081F83E
:105460003D00009951F8040B02F0ACFE00990120B8
:1054700081F84600FFE70099012081F83E0000997D
:1054800081F83F00009981F84000009981F84100BF
:10549000FFE7FFE70099012081F84200009981F8B9
:1054A0004300009981F84400009981F84500FFE726
:1054B0000099012081F83D0000208DF80700FFE7EA
:1054C0009DF8070002B080BD80B58EB00D90002021
:1054D0000C900B900A90099008900D98006800219C
:1054E000C4F20101884234D1FFE7FFE700200790B2
:1054F00043F64400C4F20200016841F0010101607A
:10550000006800F0010007900798FFE7FFE7002020
:10551000069043F63000C4F20200016841F0100129
:105520000160006800F0100006900698FFE74FF455
:10553000005008900220099000200A900B90012052
:105540000C9041F20000C4F2020008A9FCF758FEDA
:1055500081E00D98006840F20041C4F200018842E9
:1055600012D1FFE7FFE70020059043F64000C4F2A8
:105570000200016841F002010160006800F00200D1
:1055800005900598FFE765E00D98006840F600017A
:10559000C4F2000188421BD1FFE7FFE7002004901E
:1055A00043F64000C4F20200016841F004010160CA
:1055B000006800F0040004900498FFE71E200190AA
:1055C00000221146FDF7D6FA0198FDF7C9FA40E02E
:1055D0000D98006840F60041C4F2000188421BD1DA
:1055E000FFE7FFE70020039043F64000C4F202000B
:1055F000016841F008010160006800F008000390B4
:105600000398FFE73220009001210022FDF7B2FA53
:105610000098FDF7A5FA1BE00D98006844F20041E0
:10562000C4F20101884212D1FFE7FFE70020029097
:1056300043F64400C4F20200016841F40031016005
:10564000006800F4003002900298FFE7FFE7FFE7F0
:10565000FFE7FFE7FFE70EB080BD000083B00190D9
:10566000019890F83D00012804D0FFE701208DF853
:105670000B006AE00199022081F83D000198016861
:10568000C86840F00100C860019800680021C4F2B9
:10569000010188423CD0FFE701980068B0F1804FDB
:1056A00036D0FFE70198006840F20041C4F20001E3
:1056B00088422DD0FFE70198006840F60001C4F24F
:1056C0000001884224D0FFE70198006840F60041BD
:1056D000C4F2000188421BD0FFE70198006840F245
:1056E0000041C4F20101884212D0FFE7019800682E
:1056F00044F20001C4F20101884209D0FFE7019899
:10570000006841F60001C4F20001884212D1FFE7AF
:1057100001980068806800F0070000900098062853
:1057200007D0FFE701980168086840F001000860B1
:10573000FFE706E001980168086840F00100086092
:10574000FFE700208DF80B00FFE79DF80B0003B08A
:105750007047000080B586B00490039100208DF85A
:105760000B00FFE7049890F83C00012804D1FFE704
:1057700002208DF81700ABE00499012081F83C006D
:10578000FFE7FFE70499022081F83D0004980068D4
:1057900080680190019820F077000190019820F432
:1057A0007F40019001980499096888600398006817
:1057B0000090002872D0FFE7009810286ED0FFE715
:1057C000009820286AD0FFE70098302866D0FFE7CD
:1057D0000098402855D0FFE70098502837D0FFE7C1
:1057E0000098602840D0FFE7009870280BD0FFE7B2
:1057F0000098B0F5805F05D0FFE70098B0F5005F36
:1058000016D052E055E004980068039B5A689968E6
:10581000DB6802F0CBFD0498006880680190019875
:1058200040F077000190019804990968886040E091
:1058300004980068039B5A689968DB6802F0B6FD1B
:1058400004980168886840F48040886031E00498DA
:105850000068039A5168D26803F09EF804980068C3
:10586000502102F0BDFD24E004980068039A5168BD
:10587000D26803F0B9F804980068602102F0B0FD26
:1058800017E004980068039A5168D26803F084F81E
:1058900004980068402102F0A3FD0AE00498006823
:1058A0000399096802F09CFD03E001208DF80B00CC
:1058B000FFE70499012081F83D00FFE704990020EB
:1058C00081F83C00FFE79DF80B008DF81700FFE71B
:1058D0009DF8170006B080BD81B0009001B0704700
:1058E00080B584B0039003980068C0680290039864
:1058F0000068006901909DF804008007002824D505
:10590000FFE79DF80800800700281DD5FFE70398F2
:1059100001686FF00200086103990120087703987D
:1059200000688069800720B1FFE70398FFF7D4FF84
:1059300006E0039800F070F9039800F065FAFFE7BD
:10594000039900200877FFE7FFE79DF80400400770
:10595000002825D5FFE79DF80800400700281ED540
:10596000FFE7039801686FF00400086103990220C3
:10597000087703980068806910F4407F04D0FFE73F
:105980000398FFF7A9FF06E0039800F045F9039894
:1059900000F03AFAFFE7039900200877FFE7FFE7F6
:1059A0009DF804000007002824D5FFE79DF80800B3
:1059B000000700281DD5FFE7039801686FF0080075
:1059C000086103990420087703980068C06980077C
:1059D00020B1FFE70398FFF77FFF06E0039800F090
:1059E0001BF9039800F010FAFFE7039900200877ED
:1059F000FFE7FFE79DF80400C006002825D5FFE774
:105A00009DF80800C00600281ED5FFE7039801682E
:105A10006FF0100008610399082008770398006868
:105A2000C06910F4407F04D0FFE70398FFF754FFEC
:105A300006E0039800F0F0F8039800F0E5F9FFE7BE
:105A4000039900200877FFE7FFE79DF80400C007EF
:105A500078B1FFE79DF80800C00748B1FFE7039859
:105A600001686FF001000861039800F0B7FAFFE7E2
:105A7000FFE79DF804000006002810D5FFE79DF819
:105A800008000006002809D5FFE7039801686FF0B9
:105A9000800008610398FFF7D5FBFFE7FFE79DF85B
:105AA00004004006002810D5FFE79DF808004006D6
:105AB000002809D5FFE7039801686FF040000861EE
:105AC000039800F079FBFFE7FFE79DF804008006EC
:105AD000002810D5FFE79DF808008006002809D5AA
:105AE000FFE7039801686FF0200008610398FFF753
:105AF000ADFBFFE7FFE704B080BD000080B58AB0D2
:105B0000099000200890079006900590049009984D
:105B100000680021C4F20101884223D1FFE7FFE7BA
:105B20000020039043F63000C4F20200016841F007
:105B300010010160006800F0100003900398FFE777
:105B40004FF42060049002200590002006900790FA
:105B50000120089041F20000C4F2020004A9FCF701
:105B60004FFB57E00998006840F60001C4F20001BD
:105B7000884222D1FFE7FFE70020029043F6300081
:105B8000C4F20200016841F002010160006800F007
:105B9000020002900298FFE74FF480700490022008
:105BA0000590002106910791089040F20040C4F250
:105BB000020004A9FCF724FB2BE00998006844F2DA
:105BC0000041C4F20101884222D1FFE7FFE7002033
:105BD000019043F63000C4F20200016841F0200158
:105BE0000160006800F0200001900198FFE740206C
:105BF000049002200590012106910790032008904F
:105C000041F20040C4F2020004A9FCF7F9FAFFE7F0
:105C1000FFE7FFE70AB080BD81B0009001B0704798
:105C200080B586B004900391029200208DF80700A1
:105C3000FFE7049890F83C00012804D1FFE7022018
:105C40008DF8170089E00499012081F83C00FFE7F6
:105C5000FFE7029800900C2800F270800099DFE8BE
:105C600001F0076D6D6D206D6D6D3A6D6D6D5300BA
:105C700004980068039902F0D3FC049801688869CD
:105C800040F00800886104980168886920F00400E9
:105C900088610398026904980168886910438861E3
:105CA00050E004980068039902F030FD0498016800
:105CB000886940F40060886104980168886920F46C
:105CC000806088610398026904980168886940EAE5
:105CD0000220886136E004980068039902F090FD84
:105CE00004980168C86940F00800C8610498016818
:105CF000C86920F00400C86103980269049801682B
:105D0000C8691043C8611DE004980068039902F057
:105D1000F1FD04980168C86940F40060C861049806
:105D20000168C86920F48060C8610398026904981A
:105D30000168C86940EA0220C86103E001208DF8CB
:105D40000700FFE7FFE70499002081F83C00FFE728
:105D50009DF807008DF81700FFE79DF8170006B0C3
:105D600080BD000080B582B00090009820B9FFE7A8
:105D700001208DF807003FE0009890F83D0040B901
:105D8000FFE70099002081F83C00009800F038F807
:105D9000FFE70099022081F83D00009951F8040BBB
:105DA00002F010FA0099012081F84600FFE70099FF
:105DB000012081F83E00009981F83F00009981F8A8
:105DC0004000009981F84100FFE7FFE700990120BA
:105DD00081F84200009981F84300009981F844005D
:105DE000009981F84500FFE70099012081F83D0006
:105DF00000208DF80700FFE79DF8070002B080BD86
:105E000081B0009001B0704781B0009001B0704740
:105E100080B58CB00A900991099828B9FFE70A98D3
:105E200090F83E0007901CE00998042805D1FFE790
:105E30000A9890F83F00069010E00998082805D1CC
:105E4000FFE70A9890F84000059004E00A9890F85F
:105E500041000590FFE705980690FFE70698079038
:105E6000FFE70798012804D0FFE701208DF82F00F5
:105E7000AFE0099828B9FFE70A99022081F83E00AF
:105E80001EE00998042806D1FFE70A99022081F84C
:105E90003F00049012E00998082806D1FFE70A990C
:105EA000022081F84000039005E00A99022081F861
:105EB00041000390FFE703980490FFE70498FFE791
:105EC0000A98006809990122019202F053FA019898
:105ED0000A9909680022C4F20102914202900CD092
:105EE000FFE70A9800684FF60041CBF6FE710844C0
:105EF000B0FA80F040090290FFE70298C00738B17D
:105F0000FFE70A980168486C40F400404864FFE7E6
:105F10000A9800680021C4F2010188423CD0FFE7E2
:105F20000A980068B0F1804F36D0FFE70A98006801
:105F300040F20041C4F2000188422DD0FFE70A98E8
:105F4000006840F60001C4F20001884224D0FFE757
:105F50000A98006840F60041C4F2000188421BD054
:105F6000FFE70A98006840F20041C4F2010188424C
:105F700012D0FFE70A98006844F20001C4F2010160
:105F8000884209D0FFE70A98006841F60001C4F290
:105F90000001884212D1FFE70A980068806800F08B
:105FA000070008900898062807D0FFE70A980168BC
:105FB000086840F001000860FFE706E00A98016801
:105FC000086840F001000860FFE700208DF82F000E
:105FD000FFE79DF82F000CB080BD000080B582B0B7
:105FE0000190019800680021C4F20101884207D1A4
:105FF000FFE740F68410C2F2000040688047D9E015
:1060000001980068B0F1804F07D1FFE740F68C108F
:10601000C2F2000040688047CBE00198006840F27F
:106020000041C4F20001884207D1FFE740F6941016
:10603000C2F2000040688047BAE00198006840F66C
:106040000001C4F20001884207D1FFE740F69C102E
:10605000C2F2000040688047A9E00198006840F65D
:106060000041C4F20001884207D1FFE740F6A410C6
:10607000C2F200004068804798E00198006841F251
:106080000001C4F20001884207D1FFE740F6AC10DE
:10609000C2F200004068804787E00198006841F242
:1060A0000041C4F20001884207D1FFE740F6B41076
:1060B000C2F200004068804776E00198006840F234
:1060C0000041C4F20101884207D1FFE740F6BC104D
:1060D000C2F200004068804765E00198006844F221
:1060E0000001C4F20101884207D1FFE740F6C41065
:1060F000C2F200004068804754E00198006844F212
:106100000041C4F20101884207D1FFE740F65C106C
:10611000C2F200004068804743E00198006844F6FE
:106120000001C4F20101884207D1FFE740F6641084
:10613000C2F200004068804732E00198006841F6F2
:106140000001C4F20001884207D1FFE740F66C105D
:10615000C2F200004068804721E00198006841F6E3
:106160000041C4F20001884207D1FFE740F67410F5
:10617000C2F200004068804710E00198006842F2D7
:106180000001C4F20001884207D1FFE740F67C100D
:10619000C2F2000040688047FFE7FFE7FFE7FFE744
:1061A000FFE7FFE7FFE7FFE7FFE7FFE7FFE7FFE7BF
:1061B000FFE7FFE702B080BD81B0009001B07047FB
:1061C00080B586B004900391ADF80A20049890F849
:1061D000420020284DD1FFE7039820B1FFE7BDF82A
:1061E0000A0020B9FFE701208DF8170045E0049967
:1061F0000120086304990020486304980399BDF8BE
:106200000A2002F041FF8DF809009DF8090058BBF3
:10621000FFE70498006B012821D1FFE7FFE700208A
:106220000190049800680068019004980068406834
:1062300001900198FFE7FFE7FFE70498006850E846
:10624000030F40F010000090FFE7009904980268E7
:1062500042E803100028F0D1FFE7FFE703E0012048
:106260008DF80900FFE7FFE79DF809008DF817009A
:1062700003E002208DF81700FFE79DF8170006B035
:1062800080BD000080B58EB00D90ADF832100D9835
:10629000006841F20001C4F20101884219D1FFE710
:1062A000BDF8321040F6F010C2F200000A90A0F8DB
:1062B0000814D0F80C24BDF8321000F501700B90D2
:1062C00090470A9A0B990D98B2F80424FFF778FFCB
:1062D000BDE00D98006844F20041C4F2000188421C
:1062E00019D1FFE7BDF8321040F60060C2F200009D
:1062F0000890A0F80814D0F80C24BDF8321000F56E
:10630000017009909047089A09990D98B2F80424F1
:10631000FFF756FF9AE00D98006844F60001C4F2BA
:106320000001884228D1FFE7BDF8321041F2102069
:10633000C2F200000690A0F80814D0F80C24BDF8B2
:10634000321000F501700790904706990798B1F850
:106350000414FAF705F9069A07990D98B2F804247F
:10636000FFF72EFF45F64830C2F2000001680868CA
:1063700020F00800086068E00D98006844F60041CD
:10638000C4F20001884219D1FFE7BDF8321041F292
:106390002060C2F200000490A0F80814D0F80C2489
:1063A000BDF8321000F5017005909047049A0599E8
:1063B0000D98B2F80424FFF703FF45E00D9800683C
:1063C00045F20001C4F20001884219D1FFE7BDF88F
:1063D000321041F63020C2F200000290A0F80814FA
:1063E000D0F80C24BDF8321000F5017003909047EE
:1063F000029A03990D98B2F80424FFF7E1FE22E017
:106400000D98006841F20041C4F20101884219D19F
:10641000FFE7BDF8321041F64060C2F20000009084
:10642000A0F80814D0F80C24BDF8321000F5017063
:1064300001909047009A01990D98B2F80424FFF753
:10644000BFFEFFE7FFE7FFE7FFE7FFE7FFE70EB06D
:1064500080BD000080B584B00390002002900398B6
:1064600000684069C0B2C0090290039890F84100EA
:10647000212823D1FFE7029800B3FFE7FFE7FFE7FA
:106480000398006850E8050F20F080000190FFE7B6
:1064900001990398026842E805100028F0D1FFE74F
:1064A000FFE70398806B28B1FFE70398806BFBF749
:1064B00021FBFFE7039802F077FCFFE703980068F1
:1064C0004069C0F380100290039890F8420022289F
:1064D00023D1FFE7029800B3FFE7FFE7FFE7039848
:1064E000006850E8050F20F040000090FFE7009999
:1064F0000398026842E805100028F0D1FFE7FFE7A3
:106500000398C06B28B1FFE70398C06BFBF7F2FA62
:10651000FFE7039802F0EAFBFFE7002004B080BD2C
:1065200081B0009001B0704780B592B01190119881
:1065300000680068109011980068C0680F9011986A
:10654000006840690E9000200D900C90109800F0AB
:106550000F000D900D9888B9FFE79DF84000800668
:1065600000280AD5FFE79DF83C008006002804D5E6
:10657000FFE7119802F034FCEAE1FFE70D980028EC
:1065800000F0C280FFE79DF83800C00738B9FFE788
:10659000BDF83C0010F4907F00F0B680FFE79DF856
:1065A0004000C00758B1FFE79DF83D00C00730B17B
:1065B000FFE71199486C40F001004864FFE79DF83F
:1065C0004000400700280BD5FFE79DF83800C007C2
:1065D00030B1FFE71199486C40F002004864FFE7D2
:1065E0009DF84000800700280BD5FFE79DF8380094
:1065F000C00730B1FFE71199486C40F004004864CF
:10660000FFE79DF840000007002811D5FFE79DF83F
:106610003C008006002805D4FFE79DF83800C0073D
:1066200030B1FFE71199486C40F008004864FFE77B
:106630001198406C002866D0FFE79DF84000800666
:1066400000280AD5FFE79DF83C008006002804D505
:10665000FFE7119802F0C4FBFFE71198006840695A
:10666000C0F380100C901198406C0007002804D4EF
:10667000FFE70C9800283ED0FFE7119802F036FBA8
:10668000119800684069400600282FD5FFE7FFE712
:10669000FFE71198006850E8050F20F040000B90CC
:1066A000FFE70B991198026842E805100028F0D125
:1066B000FFE7FFE71198C06B98B1FFE71198C16B36
:1066C00048F62930C0F6000008651198C06BFBF74A
:1066D00087FA28B1FFE71198C06B016D8847FFE783
:1066E00003E01198FFF71CFFFFE703E01198FFF7A5
:1066F00017FFFFE706E01198FFF712FF119900203E
:106700004864FFE7FFE723E11198006B012840F0A0
:10671000FF80FFE79DF84000C006002840F1F880A8
:10672000FFE79DF83C00C006002840F1F180FFE73C
:10673000FFE700200A901198006800680A901198FD
:10674000006840680A900A98FFE71198006840695D
:106750004006002840F18280FFE71198C06B006876
:106760004068ADF82600BDF82600002875D0FFE788
:10677000BDF826001199898D88426EDAFFE7BDF8D1
:1067800026001199C8851198C06BC069B0F5807F4B
:1067900058D0FFE7FFE7FFE71198006850E8030FC4
:1067A00020F480700890FFE708991198026842E889
:1067B00003100028F0D1FFE7FFE7FFE7FFE711989C
:1067C000006850E8050F20F001000790FFE70799E7
:1067D0001198026842E805100028F0D1FFE7FFE7B2
:1067E000FFE7FFE71198006850E8050F20F0400030
:1067F0000690FFE706991198026842E80510002804
:10680000F0D1FFE7FFE71199202081F842001199AC
:1068100000200863FFE7FFE71198006850E8030FC6
:1068200020F010000590FFE705991198026842E8F2
:1068300003100028F0D1FFE7FFE71198C06BFBF7CA
:1068400059F9FFE71199022048631198818DC28D93
:10685000891A89B2FFF716FDFFE779E01199888D53
:10686000C98D401AADF812001198C08D00284ED085
:10687000FFE7BDF81200002849D0FFE7FFE7FFE778
:106880001198006850E8030F20F490700390FFE720
:1068900003991198026842E803100028F0D1FFE73D
:1068A000FFE7FFE7FFE71198006850E8050F20F0C9
:1068B00001000290FFE702991198026842E8051072
:1068C0000028F0D1FFE7FFE71199202081F842006E
:1068D000119900200863FFE7FFE71198006850E86E
:1068E000030F20F010000190FFE701991198026852
:1068F00042E803100028F0D1FFE7FFE711990220DA
:1069000048631198BDF81210FFF7BCFCFFE71FE0C9
:106910009DF84000000600280AD5FFE79DF83C00DE
:106920000006002804D5FFE7119802F033FC0FE0C1
:106930009DF84000400600280AD5FFE79DF83C007E
:106940004006002804D5FFE7119802F019FAFFE786
:1069500012B080BD80B582B00090009820B9FFE7EA
:1069600001208DF8070040E00098806908B1FFE73A
:1069700000E0FFE7009890F8410040B9FFE7009978
:10698000002081F84000009800F034F8FFE70099FB
:10699000242081F8410000980168C86820F4005064
:1069A000C860009802F0D2FA00980168086920F4E3
:1069B0009040086100980168486920F02A00486109
:1069C00000980168C86840F40050C8600099002031
:1069D0004864009A202182F84110009A82F84210FF
:1069E000009948638DF80700FFE79DF8070002B0A3
:1069F00080BD000080B59EB01D9000201C901B90B3
:106A00001A90199018901D98006841F20001C4F284
:106A10000101884240F0C680FFE7FFE700201790A1
:106A200043F64400C4F20200016841F01001016025
:106A3000006800F0100017901798FFE7FFE70020AC
:106A4000169043F63000C4F20200016841F00201E2
:106A50000160006800F0020016901698FFE7FFE75B
:106A60000020159043F63000C4F20200016841F0A6
:106A700001010160006800F0010015901598FFE722
:106A80008020189002200B90199000200F901A90EF
:106A900003200E901B9007200C901C9040F20040A9
:106AA000C4F2020018A90D91FBF7AAFBDDF82CC077
:106AB0000C980D990E9A0F9B4FF4007ECDF860E074
:106AC000CDF864C01A931B921C900020C4F20200FF
:106AD000FBF796FB0E9A0F9945F68820C2F200004C
:106AE000109046F28843C4F2020303604FF0006343
:106AF00043608160C1604FF48063036141618161E3
:106B00004FF48073C3614FF4803303620423436204
:106B10008262C1620163FBF715FA18B1FFE7FAF769
:106B20005DF8FFE7FFE71D9845F68821C2F20001F6
:106B3000C1631D988863FFE745F6E820C2F20000B4
:106B40000A9046F2B841C4F2020101604FF00061C0
:106B50004160402181600021C1604FF48062026188
:106B600041618161C1614FF4803202624162FBF791
:106B7000E9F918B1FFE7FAF731F8FFE7FFE71D98E9
:106B800045F6E821C2F2000181631D988863FFE7A2
:106B90002520099002210022FBF7ECFF0998FBF762
:106BA000DFFF20E11D98006844F60001C4F20001F7
:106BB000884270D1FFE7FFE70020149043F64000C1
:106BC000C4F20200016841F480210160006800F411
:106BD000802014901498FFE7FFE70020139043F6FD
:106BE0003000C4F20200016841F004010160006855
:106BF00000F0040013901398FFE74FF440601890E2
:106C000002201990002007901A90032006901B90F4
:106C100007201C9040F60000C4F2020018A9FBF700
:106C2000EFFA069A079945F64830C2F2000008903C
:106C300046F22803C4F2020303604FF0006343608E
:106C40008160C1604FF48063036141618161C16112
:106C50004FF400330362042343628262C162016322
:106C6000FBF770F918B1FFE7F9F7B8FFFFE7FFE7A7
:106C70001D9845F64831C2F20001C1631D98886332
:106C8000FFE72720059002210022FBF773FF0598FC
:106C9000FBF766FFA6E01D98006841F20041C4F2D0
:106CA0000101884240F09D80FFE7FFE7002012903D
:106CB00043F64400C4F20200016841F02001016083
:106CC000006800F0200012901298FFE7FFE7002014
:106CD000119043F63000C4F20200016841F0400117
:106CE0000160006800F0400011901198FFE74FF438
:106CF0008440189002201990002003901A900320DD
:106D000002901B9008201C9041F60000C4F2020083
:106D100018A9FBF775FA029A039945F6A830C2F252
:106D20000000049046F22843C4F2020303604FF0CF
:106D3000206343608160C1604FF4806303614161FF
:106D40008161C1614FF44033036204234362826274
:106D5000C1620163FBF7F6F818B1FFE7F9F73EFFF0
:106D6000FFE7FFE71D9845F6A831C2F20001C163B5
:106D70001D988863FFE745F60840C2F200000190C5
:106D800046F2A041C4F2020101604FF0206141606F
:106D9000402181600021C1604FF480620261416145
:106DA0008161C1614FF4803202624162FBF7CAF82F
:106DB00018B1FFE7F9F712FFFFE7FFE71D9845F667
:106DC0000841C2F2000181631D988863FFE74720F4
:106DD000009001210022FBF7CDFE0098FBF7C0FEDA
:106DE000FFE7FFE7FFE71EB080BD000081B0009025
:106DF00001B0704781B0009001B0704781B0009041
:106E000001B07047FFE7FEE783B0029001918DF873
:106E1000032000208DF802008DF80200FFE79DF8A6
:106E200002009DF80310884229DAFFE70298000F5C
:106E3000092809D8FFE70298000F303001999DF822
:106E4000022001F8120009E00299372000EB1170CE
:106E500001999DF8022001F81200FFE70298000155
:106E6000029001989DF8021000EB4101002048704B
:106E7000FFE79DF8020001308DF80200CFE703B074
:106E80007047000080B582B045F6B800C2F200003D
:106E9000019046F20041C4F200010160032141600B
:106EA00000218160C1604FF4C02202614FF4A00252
:106EB00042610176012242768276C176017741777E
:106EC000FAF76EFB18B1FFE7F9F788FEFFE702B0AB
:106ED00080BD000080B582B045F6E000C2F200003F
:106EE000019046F60001C4F20001016003214160F7
:106EF00000218160C1604FF4802202614FF4E00202
:106F000042610176012242768276C176017741772D
:106F1000FAF746FB18B1FFE7F9F760FEFFE702B0AA
:106F200080BD000080B58EB0FFE700200D9043F6D5
:106F30003000C4F20200016841F4001101600068F1
:106F400000F400100D900D98FFE7FFE700200C9073
:106F500043F63000C4F20200016841F48001016090
:106F6000006800F480000C900C98FFE70C20019062
:106F7000022100220A92FBF7FDFD0198FBF7F0FDCC
:106F80000A9A0D2002901146FBF7F4FD0298FBF7D8
:106F9000E7FD0A9A0F2003901146FBF7EBFD0398DB
:106FA000FBF7DEFD0A9A392004900121FBF7E2FD90
:106FB0000498FBF7D5FD0A9A3A200590052109911E
:106FC000FBF7D8FD0598FBF7CBFD0A9A3B2006900E
:106FD0001146FBF7CFFD0698FBF7C2FD0A9A442045
:106FE00007900321FBF7C6FD0798FBF7B9FD099948
:106FF0000A9A45200890FBF7BDFD0898FBF7B0FD05
:1070000009990A9A46200B90FBF7B4FD0B98FBF701
:10701000A7FD0EB080BD000080B59CB000201B9085
:107020001A90199018901790FFE70020169043F6D9
:107030003000C4F20200016841F002010160006802
:1070400000F0020016901698FFE7FFE70020159069
:1070500043F63000C4F20200016841F040010160D3
:10706000006800F0400015901598FFE7FFE700204A
:10707000149043F63000C4F20200016841F00101AF
:107080000160006800F0010014901498FFE7FFE72A
:107090000020139043F63000C4F20200016841F072
:1070A00008010160006800F0080013901398FFE7E2
:1070B000FFE70020129043F63000C4F2020001689E
:1070C00041F004010160006800F004001290129881
:1070D000FFE7FFE70020119043F63000C4F2020002
:1070E000016841F080010160006800F080001190AB
:1070F0001198FFE7FFE70020109043F63000C4F23C
:107100000200016841F020010160006800F02000E9
:1071100010901098FFE7FFE700200F9043F6300033
:10712000C4F20200016841F010010160006800F043
:1071300010000F900F98FFE741F60000C4F2020024
:1071400002904021019101220C92FBF749FA0C9A1E
:107150000020C4F20200049010210391FBF740FAD2
:107160000C9A40F20040C4F2020006901146FBF770
:1071700037FA019A02980C991792189119911A915D
:1071800017A90791FBF73CF8029807990C9A092375
:107190000A9317934FF40413059318931992FBF76E
:1071A0002FF8039B049807990C9A17931892199239
:1071B000022208921A92FBF723F8059A07990C9875
:1071C000302317931892199040F60000C4F2020081
:1071D000FBF716F806980799089A0C9B17931893D3
:1071E00019931A92FBF70CF80899062009900022CF
:1071F0000D92FBF7BFFC0998FBF7B2FC0A980C99BB
:107200000D9AFBF7B7FC0A98FBF7AAFC0C990D9AAC
:107210000A200B90FBF7AEFC0B98FBF7A1FC0C9936
:107220000D9A17200E90FBF7A5FC0E98FBF798FC23
:107230001CB080BD80B582B045F66840C2F2000047
:10724000019045F60041C4F20001016041F6802141
:10725000C0F20601416000218160C1604FF48042AC
:10726000026141618161C1610162FBF7D7F918B127
:10727000FFE7F9F7B3FCFFE702B080BD80B582B04D
:1072800046F2A010C2F20000019043F20001C4F2E5
:10729000010101604FF48271416000218160C16091
:1072A00002220261012242614FF40072826138229F
:1072B000C2610162416281620A21C162FDF722FB63
:1072C00018B1FFE7F9F78AFCFFE702B080BD0000C4
:1072D00080B588B000210091079106910591049135
:1072E00003910291019146F24020C2F2000044F263
:1072F0000042C4F2010202604160816041F28732C3
:10730000C26001618161FEF791F818B1FFE7F9F7FA
:1073100065FCFFE746F24020C2F20000FEF722FDC6
:1073200018B1FFE7F9F75AFCFFE76020019000224F
:1073300002920392059246F24020C2F2000001A997
:10734000FEF76EFC18B1FFE7F9F748FCFFE746F2DD
:107350004020C2F20000FEF7D1FB08B080BD000063
:1073600080B598B000210191179116911591149153
:1073700013911291119110910F910E910D910C9109
:107380000B910A9109910891079106910591049139
:10739000039146F2F810C2F2000002900022C4F2FB
:1073A00001020260A7224260816044F61F62C2604F
:1073B0000161416180218161FEF738F818B1FFE772
:1073C000F9F70CFCFFE74FF48050149046F2F810E8
:1073D000C2F2000014A9FEF7BDF918B1FFE7F9F7F2
:1073E000FDFBFFE746F2F810C2F20000FEF7BAFC20
:1073F00018B1FFE7F9F7F2FBFFE7002012901390B6
:1074000046F2F810C2F2000012A9FDF77DFF18B194
:10741000FFE7F9F7E3FBFFE760200B9000220C92F7
:107420000D920E920F921092119246F2F810C2F243
:1074300000000BA9FEF7F4FB18B1FFE7F9F7CEFB4C
:10744000FFE746F2F810C2F200000BA90422FEF793
:10745000E7FB18B1FFE7F9F7C1FBFFE70020039056
:1074600004900590069007904FF4005108910A90FF
:1074700046F2F810C2F2000003A9FDF7EBFE18B1C6
:10748000FFE7F9F7ABFBFFE746F2F810C2F20000A6
:10749000FEF734FB18B080BD80B588B000210191A3
:1074A00007910691059104910391029146F288207B
:1074B000C2F2000040F20042C4F200020260532215
:1074C0004260816040F2E732C26001618161FDF794
:1074D000ADFF18B1FFE7F9F781FBFFE74FF48050EC
:1074E000049046F28820C2F2000004A9FEF732F9A7
:1074F00018B1FFE7F9F772FBFFE700200290039055
:1075000046F28820C2F2000002A9FDF7FDFE18B184
:10751000FFE7F9F763FBFFE708B080BD80B58EB0E9
:10752000002100910D910C910B910A910991089104
:10753000079106910591049103910291019146F200
:10754000D020C2F2000040F60002C4F20002026045
:1075500053224260816040F2E732C26001618021C3
:107560008161FDF763FF18B1FFE7F9F737FBFFE72C
:107570004FF480500A9046F2D020C2F200000AA9CF
:10758000FEF7E8F818B1FFE7F9F728FBFFE746F246
:10759000D020C2F20000FEF7E5FB18B1FFE7F9F7D3
:1075A0001DFBFFE700200890099046F2D020C2F2B0
:1075B000000008A9FDF7A8FE18B1FFE7F9F70EFBD8
:1075C000FFE760200190002002900390059046F2B2
:1075D000D020C2F2000001A90822FEF721FB18B159
:1075E000FFE7F9F7FBFAFFE746F2D020C2F200000E
:1075F000FEF784FA0EB080BD80B588B000210191FD
:1076000007910691059104910391029146F2183079
:10761000C2F2000040F60042C4F2000202605322AF
:107620004260816040F2E732C26001618161FDF732
:10763000FDFE18B1FFE7F9F7D1FAFFE74FF48050EC
:10764000049046F21830C2F2000004A9FEF782F856
:1076500018B1FFE7F9F7C2FAFFE7002002900390A4
:1076600046F21830C2F2000002A9FDF74DFE18B133
:10767000FFE7F9F7B3FAFFE708B080BD80B582B045
:1076800046F26030C2F20000019041F20001C4F203
:10769000010101604FF4E131416000218160C1606E
:1076A00001610C2242618161C161FFF753F918B198
:1076B000FFE7F9F793FAFFE702B080BD80B582B02B
:1076C00046F2A830C2F20000019044F60001C4F274
:1076D0000001016048F2A061C0F2010141604FF475
:1076E000805181600021C1604FF4806202610422F8
:1076F00042618161C161FFF72DF918B1FFE7F9F728
:107700006DFAFFE702B080BD80B582B046F2F0307E
:10771000C2F20000019041F20041C4F20101016097
:107720004FF46121416000218160C16001610C2240
:1077300042618161C161FFF70DF918B1FFE7F9F707
:107740004DFAFFE702B080BD80B545F2DC50C2F2D1
:10775000000040F20C01C2F20001002202F06CFEB7
:1077600018B1FFE7F9F73AFAFFE745F2DC50C2F249
:10777000000040F2C401C2F2000103F061FB18B145
:10778000FFE7F9F72BFAFFE745F2DC50C2F2000001
:1077900040F26011C2F2000102F0C0F818B1FFE738
:1077A000F9F71CFAFFE745F2DC50C2F2000003F0E3
:1077B000D1FC18B1FFE7F9F711FAFFE780BD00002F
:1077C000FFE7FEE7FFE7FEE788B007900691059226
:1077D000079800F0070004900498C0F107000528FE
:1077E00003D3FFE70420019004E00498C0F10700F0
:1077F0000190FFE70198039004980430062803D80D
:10780000FFE70020009003E0049803380090FFE7B2
:107810000098029006980399012202FA01F10139B9
:107820000840029B984005999A40013A114008434C
:1078300008B0704780B545F6BC40C2F20000FBF7C7
:10784000A5FC80BD80B586B00590049105980068C0
:107850000390039802900398006C01900298049999
:1078600000EB4110D0F8080B0090019843F20B0197
:10787000C4F6547188420FD3FFE79DF8010000065B
:10788000002809D5FFE70298049900EB41114FF455
:107890000040C1F8080BFFE70598FCF795FA01983E
:1078A00043F20B01C4F6547188420DD3FFE70598EB
:1078B0008079012808D1FFE70599086801F29C4208
:1078C000012104F05FFAFFE7002006B080BD000050
:1078D00080B588B0079006910798006804900498D6
:1078E00003900498006C02900398069900EB4110F5
:1078F000D0F8080B019007988079012840F081802A
:10790000FFE79DF804000007002818D5FFE702985C
:1079100043F20B01C4F6547188420FD3FFE79DF880
:1079200005000006002809D5FFE70398069900EB3B
:1079300041114FF40040C1F8080BFFE760E09DF8EB
:1079400004008006002808D5FFE70398069900EB9D
:1079500041112020C1F8080B51E09DF8040010F0FF
:10796000280F4AD1FFE7029843F20B01C4F6547185
:1079700088420FD3FFE79DF805000006002809D5CF
:10798000FFE70398069900EB41114FF40040C1F85E
:10799000080B31E00798069901EBC10100EB81006B
:1079A00000F5157005900598006A0399069A01EB99
:1079B0004211D1F8101B6FF3DF41401A059948615D
:1079C000069898B9FFE70598006940B9FFE707995D
:1079D000086801F29C42012104F0D4F905E0059900
:1079E000C8684A691044C860FFE7FFE707989DF838
:1079F0001810FBF75FF9FFE700E0FFE7FFE7FFE79D
:107A000047E0029843F20A11C4F65471884224D127
:107A1000FFE79DF805000006002809D5FFE7039859
:107A2000069900EB41114FF40040C1F8080B13E038
:107A30009DF804008006002808D5FFE70398069902
:107A400000EB41112020C1F8080BFFE707989DF8D3
:107A50001810FBF72FF9FFE71AE0069890B9FFE737
:107A60000798069901EBC10100EB8100D0F8640290
:107A700040B9FFE70799086801F29C42002104F031
:107A800081F9FFE707989DF81810FBF713F9FFE756
:107A9000FFE7002008B080BD80B58CB00A90099146
:107AA0000A9800680890089807900A98099901EBCD
:107AB000C10100EB8100143006900698016940690D
:107AC000884204D9FFE701208DF82F0079E006995C
:107AD00008694969401A059005980699896888429D
:107AE00004D9FFE7069880680590FFE70598033002
:107AF00080080490FFE70798099900EB4110D0F83F
:107B0000180981B2049A0020914202900FD3FFE736
:107B100006980269416900209142029007D2FFE76E
:107B200006980069002818BF01200290FFE702981C
:107B3000C00770B3FFE7069908694969401A0590C4
:107B4000059806998968884204D9FFE706988068F5
:107B50000590FFE70598033080080490089806997F
:107B6000C9689DF82420BDF81430DDF828C09CF8C1
:107B700006C0EE46CEF800C004F082FF059A0699D2
:107B8000C8681044C860059A06994869104448615D
:107B9000B1E706990869496988420ED8FFE7099854
:107BA00000F00F01012088400390039A0799D1F853
:107BB00034089043C1F83408FFE700208DF82F0007
:107BC000FFE79DF82F000CB080BD0000704700005B
:107BD00080B582B001900198806B00900098016898
:107BE000486820F0030048600099486D40F010009C
:107BF00048650099012081F851000098FCF77EFE4D
:107C000002B080BD80B582B001900198806B009079
:107C10000098FCF7CFFF02B080BD000080B582B0B5
:107C200001900198806B00900098FDF7FFFA02B078
:107C300080BD000080B584B003900398806B0290F3
:107C4000FAF7E6FC019003980068006800F4807081
:107C5000B0F5807F39D0FFE702980168486820F0CE
:107C6000200048600298806868B9FFE70298406881
:107C7000B0F5827F07D1FFE702980168486820F0DD
:107C80000300486006E002980168486820F001009F
:107C90004860FFE70298019A642100F061F820B182
:107CA000FFE7029920204865FFE702990020C88776
:107CB0000299012081F851000298406D20B1FFE740
:107CC0000298FCF71BFE04E0FFE70298FCF76EFF4A
:107CD000FFE704B080BD000080B584B00390039836
:107CE000806B0290FAF794FC01900398006800689A
:107CF00000F48070B0F5807F2BD0FFE70298016818
:107D0000486820F0200048600298019A642100F041
:107D100099F830B1FFE70299486D40F020004865BE
:107D2000FFE702980168486820F003004860029964
:107D30000020C8860299C8870299012081F8510065
:107D40000298406D20B1FFE70298FCF7D7FD04E0F0
:107D5000FFE70298FDF70EFAFFE704B080BD0000D0
:107D600080B586B004900391029204984068B0F503
:107D7000827F13D1FFE704988068B0F5004F06D0EA
:107D8000FFE704988068B0F5806F07D1FFE704989B
:107D90000168086820F040000860FFE70498406828
:107DA000B0F5827F31D1FFE704988068B0F5806F2D
:107DB00015D0FFE70498039B02996A461160802161
:107DC000002200F0A5F848B1FFE70499486D40F0A3
:107DD0002000486503208DF817002FE014E0049878
:107DE000039B02996A4611600121002200F090F87D
:107DF00048B1FFE70499486D40F020004865032032
:107E00008DF817001AE0FFE714E00498039B02992D
:107E10006A4611600121002200F07AF848B1FFE7BC
:107E20000499486D40F02000486503208DF8170044
:107E300004E0FFE700208DF81700FFE79DF817002A
:107E400006B080BD80B586B004900391029204987C
:107E5000039B02996A4611600221012200F058F842
:107E600048B1FFE70499486D40F0200048650320C1
:107E70008DF8170048E040F2C000C2F20000006830
:107E80004AF6AB21CAF6AA21A0FB011000094FF265
:107E9000A171C1F2C601A0FB0110000C4FF47A7170
:107EA0004843019004984068B0F5827F15D1FFE700
:107EB0000498039B02996A4611608021002200F019
:107EC00027F848B1FFE70499486D40F02000486565
:107ED00003208DF8170017E012E0FFE7019808B9BA
:107EE000FFE70CE0019801380190FFE70498006873
:107EF0008068C1B20020B0EBD11FEFD1FFE7FFE7F0
:107F000000208DF81700FFE79DF8170006B080BD30
:107F100080B58AB0DDF830C0089007918DF81B203D
:107F2000059305980190FAF773FB024601980C99A6
:107F3000891A08440390FAF76BFB0290039840F209
:107F4000C001C2F200010968C1F3CB31484304907B
:107F5000FFE708980068806807990840401AB0FA5F
:107F600080F040099DF81B1088425ED0FFE705981D
:107F70000130002858D0FFE7FAF74AFB0299401A6F
:107F80000399884204D2FFE70398002842D1FFE713
:107F900008980168486820F0E00048600898406848
:107FA000B0F5827F13D1FFE708988068B0F5004FE5
:107FB00006D0FFE708988068B0F5806F07D1FFE72B
:107FC00008980168086820F040000860FFE70898FA
:107FD000806AB0F5005F0FD1FFE7FFE708980168FE
:107FE000086820F40050086008980168086840F4A8
:107FF00000500860FFE7FFE70899012081F8510071
:10800000FFE70899002081F85000FFE703208DF872
:1080100027000EE0049818B9FFE700200390FFE75F
:10802000049801380490FFE793E700208DF82700BB
:10803000FFE79DF827000AB080BD000070470000F0
:1080400084B003900398009000980078ADF8080081
:1080500000980130009000980078ADF80600BDF857
:108060000610BDF8080040EA0120ADF80A00BDF88E
:108070000A0004B07047000080B582B000900098FC
:108080000138B0F1807F03D3FFE70120019019E0B0
:10809000009801384EF21401CEF2000108604FF052
:1080A000FF300F210FF050FE4EF21801CEF200010A
:1080B000002008604EF21002CEF20002072111608B
:1080C0000190FFE7019802B080BD000080B5FAF78B
:1080D000BFFC80BD80B594B008A83021F8F740FA05
:1080E000002007900690059004900390FFE7002081
:1080F000029043F64000C4F20200016841F0805152
:108100000160006800F0805002900298FFE7FFE7EE
:108110000020019047F20000C4F20000016841F421
:1081200080410160006800F4804001900198FFE701
:10813000012008904FF48030099002200E904FF4F7
:1081400080010F9106211091A82111911290072012
:10815000139008A8FCF772F818B1FFE7F8F73EFD96
:10816000FFE70F20039002200490002005904FF4B9
:10817000A05006904FF48050079003A80521FBF70C
:108180008DFE18B1FFE7F8F729FDFFE714B080BDB9
:108190004EF68851CEF20001086840F47000086085
:1081A0007047000080B546F2D020C2F20000FDF713
:1081B00097FB80BD80B546F21830C2F20000FDF793
:1081C0008FFB80BD83B002900191029800680090FF
:1081D00002980021C4F20101884225D0FFE70298ED
:1081E000B0F1804F20D0FFE7029840F20041C4F286
:1081F0000001884218D0FFE7029840F60001C4F25F
:108200000001884210D0FFE7029840F60041C4F216
:108210000001884208D0FFE7029840F20041C4F212
:10822000010188420AD1FFE7009820F07000009019
:1082300001984168009808430090FFE702980021E8
:10824000C4F20101884255D0FFE70298B0F1804F97
:1082500050D0FFE7029840F20041C4F2000188428A
:1082600048D0FFE7029840F60001C4F200018842BE
:1082700040D0FFE7029840F60041C4F20001884276
:1082800038D0FFE7029840F20041C4F20101884271
:1082900030D0FFE7029844F20001C4F201018842A5
:1082A00028D0FFE7029844F20041C4F2010188425D
:1082B00020D0FFE7029844F60001C4F20101884291
:1082C00018D0FFE7029841F60001C4F2000188428D
:1082D00010D0FFE7029841F60041C4F20001884245
:1082E00008D0FFE7029842F20001C4F20001884280
:1082F0000AD1FFE7009820F4407000900198C1680F
:10830000009808430090FFE7009820F08000019952
:1083100049690843009000980299086001988068B4
:108320000299C86201980068029988620298002147
:10833000C4F20101884208D0FFE7029840F20041F0
:10834000C4F20101884205D1FFE701980069029952
:108350000863FFE702990120486102980069C0079D
:1083600030B1FFE70299086920F001000861FFE7DA
:1083700003B0704784B0039002910192029800F01C
:108380001F01012088400090009A0399086A9043D9
:1083900008620198029901F01F0100FA01F20399A5
:1083A000086A1043086204B07047000085B004906A
:1083B000039102920193049880680090009820F441
:1083C0007F40009003980299019A41EA02210143FB
:1083D00000980843009000980499886005B07047A1
:1083E00083B002900191029880680090009820F07C
:1083F0007000009001980099084340F00700009039
:1084000000980299886003B07047000082B0019024
:108410000091019800680021C4F20101884209D14D
:10842000FFE7019840F68411C2F20001086000984D
:108430004860F3E001980068B0F1804F09D1FFE790
:10844000019840F68C11C2F2000108600098486063
:10845000E3E00198006840F20041C4F20001884264
:1084600009D1FFE7019840F69411C2F200010860BB
:1084700000984860D0E00198006840F60001C4F21E
:108480000001884209D1FFE7019840F69C11C2F231
:108490000001086000984860BDE00198006840F65F
:1084A0000041C4F20001884209D1FFE7019840F67B
:1084B000A411C2F20001086000984860AAE0019887
:1084C000006841F20001C4F20001884209D1FFE7CF
:1084D000019840F6AC11C2F20001086000984860B3
:1084E00097E00198006841F20041C4F2000188421F
:1084F00009D1FFE7019840F6B411C2F2000108600B
:108500000098486084E00198006840F20041C4F29D
:108510000101884209D1FFE7019840F6BC11C2F27F
:10852000000108600098486071E00198006844F21A
:108530000001C4F20101884209D1FFE7019840F629
:10854000C411C2F200010860009848605EE0019822
:10855000006844F20041C4F20101884209D1FFE7FA
:10856000019840F65C11C2F2000108600098486072
:108570004BE00198006844F60001C4F20101884212
:1085800009D1FFE7019840F66411C2F200010860CA
:108590000098486038E00198006841F60001C4F294
:1085A0000001884209D1FFE7019840F66C11C2F240
:1085B000000108600098486025E00198006841F6D5
:1085C0000041C4F20001884209D1FFE7019840F65A
:1085D0007411C2F2000108600098486012E001982E
:1085E000006842F20001C4F20001884209D1FFE7AD
:1085F000019840F67C11C2F20001086000984860C2
:10860000FFE7FFE7FFE7FFE7FFE7FFE7FFE7FFE73A
:10861000FFE7FFE7FFE7FFE7FFE7FFE702B070478D
:1086200085B0049003910498006A01900499086A47
:1086300020F0010008620498406800900498806966
:108640000290029820F070000290029820F003003F
:10865000029003980168029808430290019820F064
:1086600002000190039881680198084301900498E2
:108670000021C4F20101884208D0FFE7049840F2CB
:108680000041C4F2010188420ED1FFE7019820F0B9
:10869000080001900398C16801980843019001986F
:1086A00020F004000190FFE704980021C4F20101CA
:1086B000884208D0FFE7049840F20041C4F201016B
:1086C000884213D1FFE7009820F480700090009852
:1086D00020F40070009003984169009808430090CE
:1086E00003988169009808430090FFE70098049977
:1086F0004860029804998861039840680499486327
:1087000001980499086205B07047000085B0049094
:1087100003910498006A01900499086A20F01000FF
:10872000086204984068009004988069029002985A
:1087300020F4E0400290029820F4407002900398E8
:108740000168029840EA01200290019820F0200080
:10875000019003988168019840EA01100190049803
:108760000021C4F20101884208D0FFE7049840F2DA
:108770000041C4F2010188420FD1FFE7019820F0C7
:10878000800001900398C168019840EA01100190AF
:10879000019820F040000190FFE704980021C4F206
:1087A0000101884208D0FFE7049840F20041C4F27A
:1087B0000101884215D1FFE7009820F48060009005
:1087C000009820F40060009003984169009840EA06
:1087D0008100009003988169009840EA8100009030
:1087E000FFE700980499486002980499886103980B
:1087F00040680499886301980499086205B070473D
:1088000085B0049003910498006A01900499086A65
:1088100020F4807008620498406800900498C06951
:108820000290029820F070000290029820F003005D
:10883000029003980168029808430290019820F47E
:108840000070019003988168019840EA012001902E
:1088500004980021C4F20101884208D0FFE704987F
:1088600040F20041C4F2010188420FD1FFE70198B4
:1088700020F4006001900398C168019840EA01204B
:108880000190019820F480600190FFE70498002196
:10889000C4F20101884208D0FFE7049840F2004189
:1088A000C4F20101884215D1FFE7009820F48050FE
:1088B0000090009820F400500090039841690098BF
:1088C00040EA0110009003988169009840EA011085
:1088D0000090FFE700980499486002980499C861E5
:1088E000039840680499C86301980499086205B028
:1088F0007047000085B0049003910498006A0190CD
:108900000499086A20F48050086204984068009036
:108910000498C0690290029820F4E0400290029806
:1089200020F44070029003980168029840EA012008
:108930000290019820F400500190039881680198FA
:1089400040EA0130019004980021C4F201018842FC
:1089500008D0FFE7049840F20041C4F201018842C8
:108960000BD1FFE7009820F4804000900398416904
:10897000009840EA81100090FFE700980499486051
:1089800002980499C86103984068049908640198A2
:108990000499086205B0704785B004900391029273
:1089A0000498006A00900499086A20F001000862A7
:1089B000049880690190019820F0F00001900299DC
:1089C000019840EA01100190009820F00A00009000
:1089D00003990098084300900198049988610098D1
:1089E0000499086205B0704785B004900391029223
:1089F0000498006A00900499086A20F01000086248
:108A0000049880690190019820F4704001900299C7
:108A1000019840EA01300190009820F0A0000090F9
:108A20000399009840EA0110009001980499886128
:108A300000980499086205B07047000080B582B0C4
:108A4000A82006F073F845F6B800C2F200004EF216
:108A5000FD51C0F6000106F017F845F6E000C2F23D
:108A600000004EF2C161C0F6000106F00DF846F2BA
:108A7000A010C2F200004DF27971C0F6000106F0BC
:108A8000F3F845F66840C2F200004DF65D11C0F6FD
:108A9000000106F08FF846F2A830C2F200004DF255
:108AA0001D71C0F60001122206F04AF946F2F030BC
:108AB000C2F200004DF28971C0F60001282206F0D2
:108AC0003FF940F2C830C2F200004DF25971C0F6D1
:108AD000000103F085FD46F2D020C2F200000090B4
:108AE0004DF6F921C0F60001FFF790FC46F2183070
:108AF000C2F2000001904DF60D31C0F60001FFF703
:108B000085FC43F23870C2F200009FED060A0BF0BC
:108B100065F80098FCF7A2FD0198FCF79FFD02B0F4
:108B200080BD00BF0000000080B582B001900198B8
:108B3000806B009000990020C8850099C884009837
:108B4000FDF7EEFC02B080BD80B584B0039000203C
:108B500002900398806B0190019800684069C0B250
:108B6000C0090290019890F8410021280AD1FFE73E
:108B7000029838B1FFE701990020C884019800F0FD
:108B800013F9FFE7019800684069C0F38010029074
:108B9000019890F8420022280AD1FFE7029838B1E4
:108BA000FFE701990020C885019800F09FF8FFE7D2
:108BB0000199486C40F0100048640198FDF7B0FC42
:108BC00004B080BD80B586B005900598806B049098
:108BD000059800680068C00500285AD4FFE704998A
:108BE0000020C885FFE7FFE70498006850E8030FFE
:108BF00020F480700390FFE703990498026842E82C
:108C000003100028F0D1FFE7FFE7FFE7FFE7049834
:108C1000006850E8050F20F001000290FFE702997C
:108C20000498026842E805100028F0D1FFE7FFE74A
:108C3000FFE7FFE70498006850E8050F20F04000C8
:108C40000190FFE701990498026842E805100028A6
:108C5000F0D1FFE7FFE70499202081F84200049853
:108C6000006B012814D1FFE7FFE7FFE704980068D5
:108C700050E8030F20F010000090FFE700990498DF
:108C8000026842E803100028F0D1FFE7FFE7FFE7A2
:108C9000FFE70499002048630498006B012805D180
:108CA000FFE70498818DFDF7EDFA03E00498FEF7E5
:108CB0009DF8FFE706B080BD80B582B001900198B5
:108CC000806B00900099012048630098006B012898
:108CD00006D1FFE70098818D4908FDF7D3FA03E03C
:108CE0000098FEF787F8FFE702B080BD84B00390DC
:108CF000FFE7FFE70398006850E8030F20F4907047
:108D00000290FFE702990398026842E803100028E6
:108D1000F0D1FFE7FFE7FFE7FFE70398006850E8BF
:108D2000050F20F001000190FFE701990398026808
:108D300042E805100028F0D1FFE7FFE70398006B39
:108D4000012814D1FFE7FFE7FFE70398006850E828
:108D5000030F20F010000090FFE7009903980268CD
:108D600042E803100028F0D1FFE7FFE7FFE703998F
:108D7000202081F8420003990020086304B0704766
:108D800080B582B0019001980168C86820F0400069
:108D9000C8600199202081F841000198FEF72EF863
:108DA000002002B080BD000082B00190FFE7FFE725
:108DB0000198006850E8030F20F0C0000090FFE722
:108DC00000990198026842E803100028F0D1FFE7FB
:108DD000FFE70199202081F8410002B070470000B0
:108DE00080B586B00490049890F84200222840F0A4
:108DF000A480FFE704988068B0F5805F15D1FFE795
:108E00000498006988B9FFE7002003900498806AFD
:108E100002900498006840686FF35F200299088010
:108E20000499886A0230886225E00498806A039079
:108E30000020029004988068B0F5805F08D0FFE7BA
:108E40000498806850B9FFE70498006930B9FFE7DB
:108E50000498006840680399087007E00498006867
:108E6000406800F07F0003990870FFE70499886A62
:108E700001308862FFE70499C88D0138C885000475
:108E8000002856D1FFE704980168C86820F0200048
:108E9000C86004980168C86820F48070C8600498AD
:108EA0000168486920F0010048610499202081F898
:108EB00042000499002048630498006B012830D1D7
:108EC000FFE7049900200863FFE7FFE704980068C4
:108ED00050E8030F20F010000190FFE7019904987B
:108EE000026842E803100028F0D1FFE7FFE704988A
:108EF00000680068C00600280ED5FFE7FFE70020E5
:108F00000090049800680068009004980068406829
:108F100000900098FFE7FFE70498818DFDF7B2F914
:108F200003E00498FDF762FFFFE700208DF81700CB
:108F300007E000208DF8170003E002208DF81700ED
:108F4000FFE79DF8170006B080BD000080B586B031
:108F5000059005980068006920F44050059A116852
:108F6000D26810430861059988680B694A69C96924
:108F7000184310430843049005980068C06849F2FC
:108F80000C6188430499084305990968C8600598ED
:108F90000068406920F44070059A11689269104396
:108FA00048610598006841F20001C4F2010188425D
:108FB00009D0FFE70598006841F20041C4F20101C1
:108FC000884204D1FFE7FBF7B3F8039003E0FBF717
:108FD0009DF80390FFE70598C069B0F5004F29D1CF
:108FE000FFE703981921A0FB0101059A136802937A
:108FF00053685A00DB0FF7F7A2F90299864648F248
:109000001F53C5F2EB13AEFB0320420910014FF0D2
:10901000640C02FB1CEC322202EBCC02A2FB0332FA
:10902000F82303EA521300EB4300C2F34212104448
:10903000886026E003981921A0FB0101059A1368B6
:10904000019353689A009B0FF7F779F901998446C9
:1090500048F21F52C5F2EB12ACFB02304309642008
:1090600003FB10CC322000EB0C10A0FB0202F0201E
:1090700000EA521000EB0310C2F343121044886060
:10908000FFE706B080BD000080B588B0079006916C
:10909000ADF81620069807998862BDF81600079962
:1090A0008885079900204864079A222182F8421097
:1090B0000799CA6B48F6C531C0F60001D16307991C
:1090C000CA6B48F6B941C0F6000111640799CA6B32
:1090D00048F64931C0F60001D1640799C96B0865AB
:1090E00006A8049007980168C06B0431049A1268BE
:1090F000BDF81630F8F7DEFFFFE700200390079871
:10910000006800680390079800684068039003981F
:10911000FFE707980069A0B1FFE7FFE7FFE70798BF
:10912000006850E8030F40F480700290FFE7029956
:109130000798026842E803100028F0D1FFE7FFE734
:10914000FFE7FFE7FFE70798006850E8050F40F0EA
:1091500001000190FFE701990798026842E80510B5
:109160000028F0D1FFE7FFE7FFE7FFE70798006877
:1091700050E8050F40F040000090FFE70099079885
:10918000026842E805100028F0D1FFE7FFE7002061
:1091900008B080BD83B00190019890F8410021286B
:1091A0003AD1FFE701988068B0F5805F13D1FFE7FF
:1091B0000198006978B9FFE70198006A009000986B
:1091C00000886FF35F200199096848600199086A77
:1091D0000230086208E0019A106A411C11620078AE
:1091E000019909684860FFE70199C88C0138C88473
:1091F000000468B9FFE701980168C86820F08000A2
:10920000C86001980168C86840F04000C860FFE786
:1092100000208DF80B0003E002208DF80B00FFE723
:109220009DF80B0003B0704780B546F26030C2F283
:109230000000FDF779F980BD80B546F2A830C2F292
:109240000000FDF771F980BD80B546F2F030C2F242
:109250000000FDF769F980BD80B586B004908DF8F7
:109260000F100498D0F8C80201900498D0F8D412D6
:1092700000EB8100D0F8C00220B9FFE703208DF891
:1092800017005FE00498D0F8D41200EB8100D0F80A
:10929000C002029004989DF80F1001F00F0101EB3D
:1092A000810100EB8100806940B3FFE704989DF8DD
:1092B0000F1001F00F0101EB810200EB82008269C7
:1092C000019801EBC10100EB8100C169B2FBF1F033
:1092D00000FB112090B9FFE704989DF80F1001F0F2
:1092E0000F0101EB810100EB8100002383610498F1
:1092F0009DF80F101A4601F04FFD1FE00299002063
:10930000C1F814020498D0F8D41200EB8100D0F810
:10931000C402006988B1FFE70498D0F8D41200EBCA
:109320008100D0F8C40203690299D1F8080201F55E
:1093300004719DF80F209847FFE7FFE700208DF8A4
:109340001700FFE79DF8170006B080BD80B584B018
:1093500002908DF807100298D0F8D41200EB81002B
:10936000D0F8C00200900298D0F8D41200EB81002F
:10937000D0F8C00220B9FFE703208DF80F0019E0F4
:1093800002989DF8071001F091FA0099C1F80C02BB
:109390000298D0F8D41200EB8100D0F8C402C26861
:1093A0000099D1F8040201F50371904700208DF86F
:1093B0000F00FFE79DF80F0004B080BD80B586B0B8
:1093C00005908DF81310059840F20901C2F20001D2
:1093D0000091097801F084F800990598097801F066
:1093E0000F0101EB810100EB8101002003908884D3
:1093F000059840F20A01C2F200010191097801F0DA
:109400006FF8019A03980599127802F00F0202EBA7
:10941000820201EB8201A1F86401059840F2080183
:10942000C2F200010291097801F05AF8029A0398F9
:109430000599137803F00F0303EB830301EB83011A
:1094400088840599127802F00F0202EB820201EB88
:109450008201C8840598D0F8D41200EB8100D0F8BE
:10946000C002F0B1FFE70598D0F8D41200EB8100FC
:10947000D0F8C402406880470598D0F8D41200EBB9
:109480008100D0F8C00202F023F90598D0F8D41278
:1094900000EB81010020C1F8C0020599C1F8BC02AF
:1094A000FFE7002006B080BD80B584B0029002982E
:1094B000D0F8D41200EB8100D0F8C00201900198DE
:1094C00020B9FFE703208DF80F0025E00298D0F8BF
:1094D000D41200EB8100D0F8C402C8B1FFE70198B4
:1094E00090F80002FF2813D0FFE70298D0F8D412BA
:1094F00000EB8100D0F8C4028368019991F8000262
:1095000091F8012298470199FF2081F80002FFE7B6
:1095100000208DF80F00FFE79DF80F0004B080BD1C
:1095200081B0009000990A20088040F24010C2F2F9
:10953000000001B07047000080B586B0059040F291
:10954000FC00C2F200000190822100F051FE0146B1
:1095500001980491012100F04BFE0146019803910E
:10956000812100F045FE0290049820B1FFE70499A4
:1095700010208871FFE7039820B1FFE7039940208E
:109580008880FFE7029820B1FFE702994020888099
:10959000FFE705994320088040F2FC00C2F200007A
:1095A00006B080BD80B586B0059040F2FC00C2F2E6
:1095B00000000190822100F01BFE014601980491F9
:1095C000012100F015FE014601980391812100F070
:1095D0000FFE0290049820B1FFE7049910208871D3
:1095E000FFE7039828B1FFE703994FF400708880E4
:1095F000FFE7029828B1FFE702994FF400708880D6
:10960000FFE705994320088040F2FC00C2F2000009
:1096100006B080BD80B586B0059040F2FC00C2F275
:1096200000000190822100F0E3FD014601980491C1
:10963000012100F0DDFD014601980391812100F038
:10964000D7FD0290049820B1FFE70499102088719B
:10965000FFE7039820B1FFE7039940208880FFE7E8
:10966000029820B1FFE7029940208880FFE7059922
:109670004320088040F2FC00C2F2000006B080BD2A
:1096800080B590B00E908DF837104FF4077002F04F
:1096900023F80C900C9860B9FFE70E98D0F8D4121C
:1096A00000EB81010020C1F8C00202208DF83F00CC
:1096B000F0E00C984FF40771F6F752FF0C980E99F2
:1096C000D1F8D42201EB8201C1F8C0020E99D1F881
:1096D000D40201EB8000D0F8C002C1F8BC020E98A1
:1096E000007C002840D1FFE70E9840F20901C2F249
:1096F000000107910978022208924FF40073099340
:1097000001F0C0F90799089A099B0E98097801F0B1
:109710000F0101EB810100EB810101200B90888496
:109720000E9840F20A01C2F200010A91097801F094
:10973000A9F90A9A0B980E99127802F00F0202EB1F
:10974000820201EB8201A1F864010E9840F2080147
:10975000C2F20001097801F00F0101EB810100EB79
:1097600081011020C8843EE00E9840F20901C2F247
:10977000000102910978022203924023049301F030
:1097800081F90299039A049B0E98097801F00F0160
:1097900001EB810100EB81010120069088840E9885
:1097A00040F20A01C2F200010591097801F06AF95C
:1097B000059A06980E99127802F00F0202EB8202C7
:1097C00001EB8201A1F864010E9840F20801C2F297
:1097D0000001097801F00F0101EB810100EB81012B
:1097E0001020C884FFE70E9840F20801C2F2000181
:1097F000009109780322082301F044F900990E989A
:10980000097801F00F0101EB810100EB81010120DA
:1098100088840C9900200190C1F804020E98D0F8B9
:10982000D41200EB8100D0F8C40200688047019890
:109830000C99C1F814020C99C1F818020C98D0F8D0
:10984000040220B9FFE702208DF83F0022E00E98C5
:10985000007C70B9FFE70E9840F20A01C2F20001E5
:1098600009780C9AD2F804224FF4007301F030F911
:109870000CE00E9840F20A01C2F2000109780C9A3D
:10988000D2F80422402301F023F9FFE700208DF8ED
:109890003F00FFE79DF83F0010B080BD80B584B069
:1098A00002900298D0F8D41200EB8100D0F8C002E8
:1098B00001900298D0F8D41200EB8100D0F8C002D9
:1098C00020B9FFE703208DF80F0022E00298007C0A
:1098D00070B9FFE7029840F20A01C2F2000109786C
:1098E000019AD2F804224FF4007301F0F1F80CE071
:1098F000029840F20A01C2F200010978019AD2F8F6
:109900000422402301F0E4F8FFE700208DF80F0067
:10991000FFE79DF80F0004B080BD000083B0019008
:109920000091009820B9FFE703208DF80B000BE0B1
:1099300000980199D1F8D42201EB8201C1F8C40248
:1099400000208DF80B00FFE79DF80B0003B0704777
:1099500084B0029001910298D0F8D41200EB8100FB
:10996000D0F8C0020090009820B9FFE703208DF8DE
:109970000F0007E001980099C1F8040200208DF85B
:109980000F00FFE79DF80F0004B0704785B003900B
:10999000029101920398D0F8D41200EB8100D0F824
:1099A000C0020090009820B9FFE703208DF8130053
:1099B0000BE002980099C1F8080201980099C1F8DB
:1099C000100200208DF81300FFE79DF8130005B08A
:1099D0007047000080B58AB0089007910898D0F8C9
:1099E000D41200EB8100D0F8C002069000208DF860
:1099F0001500ADF812008DF81100069820B9FFE7A8
:109A000003208DF82700C7E00798007800F0600079
:109A10000146039100285ED0FFE70398202840F01C
:109A2000AE80FFE70798C088002846D0FFE7079878
:109A300000780006002823D5FFE70898D0F8D41254
:109A400000EB8100D0F8C4028368079A5078069929
:109A5000D28898470798C088082803D3FFE70720D3
:109A6000029003E00798C0880290FFE70298ADF8E3
:109A7000160008980699BDF8162000F037F91BE08B
:109A800007984078069981F800020798C0883F2817
:109A900004D8FFE70798C088019002E040200190B9
:109AA000FFE70198069981F801020898069991F854
:109AB000012200F0EDF8FFE70CE00898D0F8D4128E
:109AC00000EB8100D0F8C40283680799487800222F
:109AD0009847FFE75BE007984078014600910B2824
:109AE00044D80099DFE801F0064142424242424236
:109AF00042421C32089890F89C02032807D1FFE7E5
:109B000008980DF11201022200F0F0F807E0089821
:109B1000079900F0AFF803208DF81100FFE72DE062
:109B2000089890F89C02032807D1FFE708980DF1E8
:109B30001501012200F0DAF807E00898079900F013
:109B400099F803208DF81100FFE717E0089890F8C6
:109B50009C02032808D0FFE70898079900F08AF8CC
:109B600003208DF81100FFE708E007E00898079947
:109B700000F080F803208DF81100FFE707E0089857
:109B8000079900F077F803208DF81100FFE79DF8A2
:109B900011008DF82700FFE79DF827000AB080BD6F
:109BA00080B582B001908DF8031000208DF802007E
:109BB0000198D0F8B8124A689DF80310904720B178
:109BC000FFE703208DF80200FFE79DF8020002B0D6
:109BD00080BD000080B582B001900091019890F89E
:109BE0009C02013802280ED8FFE70098408801281F
:109BF00008D1FFE701990020C1F8A402019800F004
:109C00008FF8FFE704E00198009900F033F8FFE7D0
:109C100002B080BD82B001908DF80310002002B028
:109C20007047000082B001908DF80310002002B050
:109C30007047000080B584B00390029101920398B0
:109C4000029A019B0021009100F042FF009804B0AD
:109C500080BD000080B584B003900291019203980A
:109C6000029A019B0021009101F096F8009804B03F
:109C700080BD000080B582B00190009101988021E4
:109C800001F03CF80198002101F038F802B080BDE5
:109C900080B584B003900291019203990320C1F82A
:109CA000940201980399C1F8580101980399C1F8E9
:109CB0005C010398029A019B0021009100F008FFCB
:109CC000009804B080BD000080B582B00190019979
:109CD0000520C1F8940201980023009319461A4602
:109CE00000F0F6FE009802B080BD000080B584B0A0
:109CF00003900291019203990220C1F89402019805
:109D00000399886101980399C8610398029A019B9D
:109D10000021009101F040F8009804B080BD0000DF
:109D200080B582B0019001990420C1F89402019895
:109D30000023009319461A4601F02EF8009802B04D
:109D400080BD000080B582B08DF8070000919DF8BD
:109D5000070060B9FFE7009A49F66430C0F60100D9
:109D600042F25421C2F2000100F0DEFA0BE0009A48
:109D700049F66430C0F6010042F25421C2F20001FB
:109D800000F0D2FAFFE742F25420C2F2000002B023
:109D900080BD000082B08DF807000091009912206C
:109DA000088040F24C10C2F2000002B07047000080
:109DB00080B582B08DF8070000919DF8070060B96A
:109DC000FFE7009A49F65630C0F6010042F25421EE
:109DD000C2F2000100F0A8FA0BE0009A49F65630F2
:109DE000C0F6010042F25421C2F2000100F09CFAD8
:109DF000FFE742F25420C2F2000002B080BD000032
:109E000082B08DF80700009100990420088040F28C
:109E10007410C2F2000002B07047000080B584B038
:109E20008DF80F000291029A49F66F30C0F60100DA
:109E300042F25421C2F20001019100F075FA01983A
:109E400004B080BD80B582B08DF8070000919DF808
:109E5000070060B9FFE7009A49F68230C0F60100BA
:109E600042F25421C2F2000100F05EFA0BE0009AC7
:109E700049F68230C0F6010042F25421C2F20001DC
:109E800000F052FAFFE742F25420C2F2000002B0A2
:109E900080BD000080B582B08DF807000091009968
:109EA0001A200880F6F79EFE40F27810C2F20000F9
:109EB00002B080BD80B584B0039002910298C08842
:109EC000012805D0FFE703980299FFF7D3FE21E0B0
:109ED000039890F89C12481E0191022804D3FFE7D2
:109EE000019803280AD00FE00399002088600398A6
:109EF00000F108010122FFF7F9FE0AE00398011DB5
:109F00000122FFF7F3FE04E003980299FFF7B2FE87
:109F1000FFE7FFE704B080BD80B588B007900691E9
:109F20000020ADF8160004908DF80F000698C07858
:109F3000013801460291062800F21E810299DFE8ED
:109F400011F0070011002E001B011B01E8000001A9
:109F50000798D0F8B4120A68007C0DF116019047FA
:109F6000049013E10798007C60B9FFE70798D0F8E8
:109F7000B802816A0DF11600884704900499022006
:109F800048700BE00798D0F8B802C16A0DF11600CE
:109F900088470490049902204870FFE7F6E006988D
:109FA000807801460191052800F2A8800199DFE838
:109FB00001F0031E39546F8A0798D0F8B402406844
:109FC00050B1FFE70798D0F8B4124A68007C0DF151
:109FD00016019047049009E007980699FFF74AFE9A
:109FE0009DF80F0001308DF80F00FFE790E0079813
:109FF000D0F8B402806850B1FFE70798D0F8B412E7
:10A000008A68007C0DF116019047049009E00798DA
:10A010000699FFF72FFE9DF80F0001308DF80F0015
:10A02000FFE775E00798D0F8B402C06850B1FFE7C9
:10A030000798D0F8B412CA68007C0DF11601904759
:10A04000049009E007980699FFF714FE9DF80F00A9
:10A0500001308DF80F00FFE75AE00798D0F8B402FE
:10A06000006950B1FFE70798D0F8B4120A69007C84
:10A070000DF116019047049009E007980699FFF743
:10A08000F9FD9DF80F0001308DF80F00FFE73FE06C
:10A090000798D0F8B402406950B1FFE70798D0F8AC
:10A0A000B4124A69007C0DF116019047049009E052
:10A0B00007980699FFF7DEFD9DF80F0001308DF837
:10A0C0000F00FFE724E00798D0F8B402806950B190
:10A0D000FFE70798D0F8B4128A69007C0DF11601E9
:10A0E0009047049009E007980699FFF7C3FD9DF893
:10A0F0000F0001308DF80F00FFE709E0079806997F
:10A10000FFF7B8FD9DF80F0001308DF80F00FFE755
:10A110003CE00798007C48B9FFE70798D0F8B80200
:10A12000416B0DF116008847049009E007980699E5
:10A13000FFF7A0FD9DF80F0001308DF80F00FFE73D
:10A1400024E00798007C60B9FFE70798D0F8B802D0
:10A15000016B0DF1160088470490049907204870A0
:10A1600009E007980699FFF785FD9DF80F0001307B
:10A170008DF80F00FFE709E007980699FFF77AFDD1
:10A180009DF80F0001308DF80F00FFE79DF80F00DC
:10A1900008B1FFE72AE00698C08818B3FFE7BDF8CA
:10A1A0001600C8B1FFE7BDF816000699C9888842B5
:10A1B00004DAFFE7BDF81600009003E00698C088B7
:10A1C0000090FFE70098ADF8160007980499BDF8D5
:10A1D0001620FFF78BFD04E007980699FFF74AFD6C
:10A1E000FFE703E00798FFF79BFDFFE708B080BD9E
:10A1F00080B586B005908DF81310059803900598EA
:10A20000029000200190029948880978884227DD51
:10A21000FFE702980078ADF80200FFE7BDF8020002
:10A220000299498888421ADAFFE703980DF1020182
:10A2300000F034F803900398407805280ED1FFE72A
:10A2400003980190019880789DF81310884201D1FD
:10A25000FFE704E000200190FFE7FFE7DEE7FFE70C
:10A26000019806B080BD000083B0029000208DF8F8
:10A27000070002980090FFE70098007848B1FFE7D8
:10A280009DF8070001308DF807000098013000901C
:10A29000F2E79DF8070003B07047000083B002901A
:10A2A0000191029800900098027801990888104462
:10A2B000088002980099097808440090009803B03B
:10A2C0007047000080B582B001900091019890F82D
:10A2D0009C02013802281FD8FFE70098C088022896
:10A2E00005D0FFE701980099FFF7C4FC19E0019938
:10A2F0000120C8600198D0F8A40230B1FFE70199AD
:10A30000C86840F00200C860FFE7019800F10C0146
:10A310000222FFF7EBFC04E001980099FFF7AAFC8A
:10A32000FFE702B080BD000080B586B005900491C3
:10A33000039200208DF80B00059808B9FFE74FE065
:10A34000059801900198FFF78FFF0146022000EB6E
:10A350004100B0F5007F04D9FFE74FF40070009092
:10A3600008E00198FFF780FF0146022000EB410062
:10A370000090FFE7009803990880039800780499FB
:10A380009DF80B2088549DF80B0001308DF80B00D0
:10A3900004999DF80B20032088549DF80B00013090
:10A3A0008DF80B00FFE701980078C8B1FFE701982E
:10A3B000007804999DF80B20885401980130019091
:10A3C0009DF80B0001308DF80B0004999DF80B20CF
:10A3D000002088549DF80B0001308DF80B00E2E757
:10A3E00006B080BD82B08DF8070000208DF8060011
:10A3F0009DF8070001460091032814D80099DFE872
:10A4000001F002060A0E00208DF806000FE003207E
:10A410008DF806000BE001208DF8060007E0032010
:10A420008DF8060003E003208DF80600FFE79DF895
:10A43000060002B07047000080B584B00290019120
:10A440008DF80320029820B9FFE703208DF80F0054
:10A4500023E002990020C1F8B8020299C1F8C402B1
:10A460000299C1F8D002019828B1FFE7019802993A
:10A47000C1F8B402FFE70299012081F89C029DF81F
:10A48000030002990870029800F01EFA8DF802008D
:10A490009DF802008DF80F00FFE79DF80F0004B053
:10A4A00080BD000080B582B001908DF803100020BF
:10A4B0008DF802008DF801000198D0F8C8029DF8CF
:10A4C0000310F8F799FC8DF802009DF80200FFF7E1
:10A4D00089FF8DF801009DF8010002B080BD0000E9
:10A4E00080B582B001908DF8031000208DF8020035
:10A4F0008DF801000198D0F8C8029DF80310F8F714
:10A5000027FC8DF802009DF80200FFF76BFF8DF825
:10A5100001009DF8010002B080BD000080B588B048
:10A5200006908DF8171004929DF81700002874D13A
:10A53000FFE70698143003900698D0F8940202289A
:10A540005DD1FFE703998868C968884212D9FFE79F
:10A5500003998868CA68801A886006980499039AE3
:10A560009268FFF777FB0698002319461A4600F019
:10A57000AFFA43E003988168C06888421ED1FFE7C4
:10A5800003994868C968884218D3FFE70398406870
:10A590000699D1F89812884210D2FFE70698002257
:10A5A00001921146FFF756FB019B0698C0F89832BE
:10A5B000069819461A4600F08BFA1EE0069890F8A5
:10A5C0009C02032811D1FFE70698D0F8B802C068B2
:10A5D00050B1FFE706990020C1F8D4020698D0F8E0
:10A5E000B812C9688847FFE7FFE70698802100F0A6
:10A5F00085FB0698FFF768FBFFE7FFE7FFE7069894
:10A6000090F8A00240B1FFE7069800F053FC0699CD
:10A61000002081F8A002FFE740E006989DF817109F
:10A6200041F08001FFF7F6FA8DF80A009DF80A0064
:10A63000FF2832D0FFE79DF80A0070BBFFE70698BD
:10A6400090F89C02032827D1FFE706989DF80A108E
:10A6500000EB8100D0F8B8024069E0B1FFE79DF857
:10A660000A000699C1F8D40206989DF80A1000EB7A
:10A670008101D1F8B8124A699DF8171090478DF8FA
:10A680000B009DF80B0028B1FFE79DF80B008DF83B
:10A690001F0007E0FFE7FFE7FFE7FFE700208DF877
:10A6A0001F00FFE79DF81F0008B080BD80B58AB08D
:10A6B00008908DF81F10069200208DF813009DF869
:10A6C0001F00002840F08280FFE7089800F5AA707C
:10A6D00005900898D0F89402032876D1FFE70599F1
:10A6E0008868C96888421DD9FFE705998868CA68E3
:10A6F000801A8860089802900698039005998868E7
:10A70000C968884204D2FFE705988068019003E099
:10A710000598C0680190FFE703990298019AFFF736
:10A7200089FA51E0089890F8AA0200F01F0001464B
:10A73000009140B1FFE70098012808D0FFE700989A
:10A7400002280CD013E000208DF8120013E00898C6
:10A7500090F8AE12FFF766FA8DF812000BE0089839
:10A7600090F8AE12FFF756FA8DF8120003E00020C1
:10A770008DF81200FFE79DF8120008BBFFE708986C
:10A7800090F89C0203281AD1FFE708989DF8121050
:10A7900000EB8100D0F8B802006978B1FFE79DF8BE
:10A7A00012000899C1F8D40208989DF8121000EB25
:10A7B0008101D1F8B81209698847FFE7FFE7FFE791
:10A7C0000898FFF7ADFAFFE7FFE740E008989DF82B
:10A7D0001F1001F07F01FFF71DFA8DF812009DF8A0
:10A7E0001200FF2832D0FFE79DF8120070BBFFE790
:10A7F000089890F89C0203281ED1FFE708989DF85E
:10A80000121000EB8100D0F8B802806998B1FFE720
:10A810009DF812000899C1F8D40208989DF812100A
:10A8200000EB8101D1F8B8128A699DF81F1090479A
:10A830008DF81300FFE7FFE79DF8130028B1FFE74D
:10A840009DF813008DF8270005E0FFE7FFE70020E3
:10A850008DF82700FFE79DF827000AB080BD0000B3
:10A8600081B00090002001B07047000080B582B038
:10A87000019000208DF803000199012081F89C02CD
:10A880000198D0F8B80268B1FFE70198D0F8B81283
:10A890004A680179904720B1FFE703208DF8030053
:10A8A000FFE7FFE79DF8030002B080BD80B582B0EE
:10A8B00001908DF803100198D0F8C8029DF803109C
:10A8C000F8F7FEFA02B080BD80B584B0039003981B
:10A8D0000078A8BBFFE7039945F6BC40C2F2000030
:10A8E0000290C0F8E0140399C1F8C8024FF0A041EB
:10A8F0000160042101710222C27100218171427242
:10A900008172C17201738173C173F9F777F818B15D
:10A91000FFE7F6F763F9FFE745F6BC40C2F2000037
:10A92000019080210091F8F74DF901980021402213
:10A93000F8F754F9009A01980121F8F74FF9FFE769
:10A94000002004B080BD000084B002908DF8071094
:10A950000298D0F8C80200909DF807000006002871
:10A960000DD5FFE700989DF8071001F07F0101EB7E
:10A97000C10100EB8100807D8DF80F000DE0009893
:10A980009DF8071001F07F0101EBC10100EB810090
:10A9900090F856028DF80F00FFE79DF80F0004B005
:10A9A0007047000080B584B002908DF807100298BF
:10A9B000D0F8D41200EB8100D0F8B80220B9FFE73C
:10A9C00003208DF80F0020E0029890F89C020328E5
:10A9D00017D1FFE70298D0F8D41200EB8100D0F82D
:10A9E000B802006A60B1FFE70298D0F8D41200EB19
:10A9F0008101D1F8B8120A6A9DF807109047FFE765
:10AA0000FFE700208DF80F00FFE79DF80F0004B06E
:10AA100080BD000080B584B002908DF807100298C8
:10AA2000D0F8D41200EB8100D0F8B80220B9FFE7CB
:10AA300003208DF80F0020E0029890F89C02032874
:10AA400017D1FFE70298D0F8D41200EB8100D0F8BC
:10AA5000B802406A60B1FFE70298D0F8D41200EB68
:10AA60008101D1F8B8124A6A9DF807109047FFE7B4
:10AA7000FFE700208DF80F00FFE79DF80F0004B0FE
:10AA800080BD000080B584B003908DF80B108DF868
:10AA90000A20ADF8083000208DF807008DF8060078
:10AAA0000398D0F8C8029DF80B10BDF808209DF857
:10AAB0000A30F8F717FA8DF807009DF80700FFF73E
:10AAC00091FC8DF806009DF8060004B080BD0000E2
:10AAD00080B586B005908DF8131003920293002084
:10AAE0008DF807008DF806000598D0F8C8029DF88B
:10AAF0001310039A029BF8F76DFA8DF807009DF882
:10AB00000700FFF76FFC8DF806009DF8060006B001
:10AB100080BD000080B586B0059000208DF8130040
:10AB2000059A012182F89C120599C1F894020599B1
:10AB300048600599C1F8A402059981F8A00205981A
:10AB4000D0F8B802A0B1FFE70598D0F8B802406885
:10AB500068B1FFE70598D0F8B8124A6801799047C4
:10AB600020B1FFE703208DF81300FFE7FFE7FFE7C1
:10AB7000059800220192402303931146FFF782FFBC
:10AB8000019A039B059901200290A1F864010598A0
:10AB9000C0F8603105988021FFF774FF029903988F
:10ABA000059A9184059908629DF8130006B080BD4E
:10ABB00081B00090009890F89C02042807D1FFE72C
:10ABC000009890F89D02009981F89C02FFE7002010
:10ABD00001B0704780B582B00190019890F89C0256
:10ABE000032813D1FFE70198D0F8B80268B1FFE756
:10ABF0000198D0F8B802C06930B1FFE70198D0F8E9
:10AC0000B812C9698847FFE7FFE7FFE7002002B0F5
:10AC100080BD000082B001908DF803109DF8030004
:10AC200001990874002002B07047000080B582B01E
:10AC300001908DF8031000208DF802008DF80100BE
:10AC40000198D0F8C8029DF80310F9F78FF88DF835
:10AC500002009DF80200FFF7C5FB8DF801009DF88A
:10AC6000010002B080BD000080B584B00390029165
:10AC7000039800F2AA20029900F0B0F8039901208D
:10AC8000C1F894020399B1F8B002C1F89802039890
:10AC900090F8AA0200F01F000146009140B1FFE7C2
:10ACA000009801280CD0FFE70098022810D017E088
:10ACB000039800F2AA2100F055FA8DF8070019E078
:10ACC000039800F2AA2100F089FC8DF8070011E03A
:10ACD000039800F2AA2100F0ABFA8DF8070009E012
:10ACE000039890F8AA1201F0800100F007F88DF89F
:10ACF0000700FFE79DF8070004B080BD80B582B073
:10AD000001908DF8031000208DF802008DF80100ED
:10AD10000198D0F8C8029DF80310F8F791F98DF862
:10AD200002009DF80200FFF75DFB8DF801009DF821
:10AD3000010002B080BD000080B582B0019000200B
:10AD40008DF803008DF802000198D0F8C802F9F7D9
:10AD500047F88DF803009DF80300FFF743FB8DF8DB
:10AD600002009DF8020002B080BD000081B000909A
:10AD7000009890F89C02042807D0FFE7009890F80C
:10AD80009C02009981F89D02FFE70099042081F858
:10AD90009C02002001B0704780B586B005908DF808
:10ADA00013100392029300208DF807008DF806001F
:10ADB0000598D0F8C8029DF81310039A029BF8F783
:10ADC000AFF98DF807009DF80700FFF70BFB8DF832
:10ADD00006009DF8060006B080BD000080B584B076
:10ADE00003900291029801900198007803990870ED
:10ADF00001980130019001980078039948700198FA
:10AE0000013001900198FDF71BF9039948800198E2
:10AE1000013001900198013001900198FDF710F97F
:10AE200003998880019801300190019801300190C8
:10AE30000198FDF705F90399C88004B080BD0000B2
:10AE400080B584B0029001910020ADF80200019815
:10AE500020B9FFE703208DF80F0026E00198029942
:10AE6000C1F8B8020298D0F8D41200EB8100D0F8F3
:10AE7000B802C06A78B1FFE70298D0F8D41200EBAC
:10AE80008100D0F8B802C16A0DF10200884702992A
:10AE9000C1F8D002FFE70299D1F8D8020130C1F819
:10AEA000D80200208DF80F00FFE79DF80F0004B0D6
:10AEB00080BD000081B00090002001B0704700000C
:10AEC00080B584B00390029102988088B8BBFFE7F8
:10AED0000298C08898BBFFE7029840887F282ED848
:10AEE000FFE70298807800F07F008DF80700039854
:10AEF00090F89C02032805D1FFE703980299FEF71A
:10AF0000B9FE1BE09DF80700039981F89E020398A3
:10AF10009DF80710FFF78AFE0398FEF701FF9DF8E2
:10AF2000070028B1FFE70399022081F89C0204E0A2
:10AF30000399012081F89C02FFE7FFE704E00398F2
:10AF40000299FEF797FEFFE704B080BD80B582B09E
:10AF500001908DF8031000208DF802000198D0F8C0
:10AF6000B80250B1FFE70198D0F8B8120A689DF80E
:10AF7000031090478DF80200FFE79DF8020002B031
:10AF800080BD000080B586B00490039100208DF84C
:10AF90000B000398817842F25020C2F20000017049
:10AFA0000078022808D3FFE704980399FEF762FEB1
:10AFB00003208DF81700A0E0049890F89C02014649
:10AFC0000191022804D0FFE7019803282FD07FE0E9
:10AFD00042F25020C2F20000007818B3FFE742F2BC
:10AFE0005021C2F200010878049A50600498097850
:10AFF000FFF7ACFF8DF80B009DF80B0048B1FFE7A1
:10B0000004980399FEF736FE0499022081F89C0209
:10B0100007E00498FEF784FE0499032081F89C025F
:10B02000FFE703E00498FEF77BFEFFE760E042F2F3
:10B030005020C2F20000007898B9FFE7049902207E
:10B0400081F89C0242F25021C2F200010878049A71
:10B05000506004980978FEF7A3FD0498FEF760FE9F
:10B0600035E042F25020C2F20000007804994968AD
:10B07000884227D0FFE704980179FEF791FD42F25C
:10B080005021C2F200010878049A506004980978AF
:10B09000FFF75CFF8DF80B009DF80B0068B1FFE730
:10B0A00004980399FEF7E6FD04980179FEF778FD10
:10B0B0000499022081F89C0203E00498FEF730FE18
:10B0C000FFE703E00498FEF72BFEFFE7FFE70FE042
:10B0D00004980399FEF7CEFD049842F25021C2F283
:10B0E00000010978FEF75CFD03208DF80B00FFE7F7
:10B0F0009DF80B008DF81700FFE79DF8170006B0CC
:10B1000080BD000080B582B0019000910098408819
:10B11000012808D1FFE701990120C1F8A402019894
:10B12000FEF7FEFD13E000984088022809D1FFE7F2
:10B1300000984079019981F8A0020198FEF7F0FD8E
:10B1400004E001980099FEF795FDFFE7FFE702B0E4
:10B1500080BD000080B582B001900198FFF7ECFD42
:10B1600002B080BD80B586B00590049100208DF8B6
:10B170000F000498007800F0600001460291A8B129
:10B18000FFE70298202804D0FFE70298402846D124
:10B19000FFE70598D0F8D41200EB8101D1F8B8127E
:10B1A0008A68049990478DF80F003DE00498407834
:10B1B0000146019109282CD80199DFE801F01B25EF
:10B1C0002A202A0A052A160F05980499FEF7A4FEDC
:10B1D00024E005980499FFF773FE1FE00598049991
:10B1E000FFF7D0FE8DF80F0018E005980499FEF7E0
:10B1F00061FE13E005980499FFF764F80EE00598E6
:10B200000499FFF77FFF09E005980499FEF7E2FC37
:10B2100004E005980499FEF72DFDFFE704E005988A
:10B220000499FEF727FDFFE79DF80F0006B080BDEB
:10B2300080B58CB00B900A9100208DF821000A98FF
:10B2400080888DF823000A98007800F0600001469D
:10B250000791B8B3FFE70798202805D0FFE70798C4
:10B26000402840F0B281FFE70B989DF82310FEF7CD
:10B27000D1FC8DF822009DF82200FF2821D0FFE7A5
:10B280009DF82200E8B9FFE79DF822000B99C1F86C
:10B29000D4020B989DF8221000EB8100D0F8B80280
:10B2A000806868B1FFE70B989DF8221000EB8101E0
:10B2B000D1F8B8128A680A9990478DF82100FFE703
:10B2C000FFE787E10A98407801460691002800F0E0
:10B2D000BD80FFE7069801284CD0FFE706980328B9
:10B2E00040F06D81FFE70B9890F89C0201460591B4
:10B2F000022804D0FFE70598032819D034E09DF810
:10B30000230078B1FFE79DF8230080280AD0FFE7EB
:10B310000B989DF82310FFF7F1FC0B988021FFF7A5
:10B32000EDFC04E00B980A99FEF7A4FCFFE720E08F
:10B330000A984088A0B9FFE79DF8230078B1FFE79D
:10B340009DF8230080280AD0FFE70A98C08830B90A
:10B35000FFE70B989DF82310FFF7D0FCFFE7FFE70E
:10B360000B98FEF7DDFC04E00B980A99FEF782FCCF
:10B37000FFE729E10B9890F89C020146049102280E
:10B3800004D0FFE70498032819D059E09DF8230062
:10B3900078B1FFE79DF8230080280AD0FFE70B98DB
:10B3A0009DF82310FFF7AAFC0B988021FFF7A6FC5D
:10B3B00004E00B980A99FEF75DFCFFE745E00A9868
:10B3C0004088E0BBFFE79DF82300400630B1FFE76F
:10B3D0000B989DF82310FFF765F8FFE70B98FEF731
:10B3E0009FFC0B989DF82310FEF714FC8DF82200AB
:10B3F0009DF82200FF2821D0FFE79DF82200E8B940
:10B40000FFE79DF822000B99C1F8D4020B989DF834
:10B41000221000EB8100D0F8B802806868B1FFE725
:10B420000B989DF8221000EB8101D1F8B8128A68C0
:10B430000A9990478DF82100FFE7FFE7FFE704E056
:10B440000B980A99FEF716FCFFE7BDE00B9890F801
:10B450009C0201460391022804D0FFE703980328C9
:10B4600038D0A6E09DF8230050B1FFE79DF82300F7
:10B47000802805D0FFE70B980A99FEF7FBFB9DE0BB
:10B480009DF82300000600280CD5FFE70B989DF8D7
:10B49000231001F07F0101EB810100EB81001430EA
:10B4A00002900CE00B989DF8231001F07F0101EB56
:10B4B000810100EB810000F5AA700290FFE702987D
:10B4C00009900999002008600B9809990222FEF75B
:10B4D0000DFC73E09DF823000006002812D5FFE75D
:10B4E0000B989DF8231001F00F0101EB810100EB97
:10B4F0008100808C28B9FFE70B980A99FEF7BAFB08
:10B500005CE012E00B989DF8231001F00F0101EBB5
:10B51000810100EB8100B0F8640128B9FFE70B98C6
:10B520000A99FEF7A7FB49E0FFE79DF82300000614
:10B5300000280CD5FFE70B989DF8231001F07F0140
:10B5400001EB810100EB8100143001900CE00B98BD
:10B550009DF8231001F07F0101EB810100EB8100D8
:10B5600000F5AA700190FFE7019809909DF823006B
:10B5700028B1FFE79DF82300802804D1FFE709994F
:10B58000002008600FE00B989DF82310FFF7DCF90E
:10B5900020B1FFE709990120086003E00999002024
:10B5A0000860FFE7FFE70B9809990222FEF79EFB70
:10B5B00004E00B980A99FEF75DFBFFE704E00B98A7
:10B5C0000A99FEF757FBFFE704E00B980A99FEF78C
:10B5D00051FBFFE79DF821000CB080BD80B584B021
:10B5E0000390029100208DF807000298007800F087
:10B5F00060000146009140B1FFE70098202804D088
:10B60000FFE7009840285AD1FFE7039890F89C0282
:10B61000013802284DD8FFE702980079012842D866
:10B62000FFE7039802990979FEF7FCFA8DF8060006
:10B630009DF80600FF2825D0FFE79DF8060008BB0F
:10B64000FFE703989DF8061000EB8100D0F8B802E0
:10B65000806890B1FFE79DF806000399C1F8D40215
:10B6600003989DF8061000EB8101D1F8B8128A68A2
:10B67000029990478DF8070003E003208DF807003A
:10B68000FFE703E003208DF80700FFE70298C0887A
:10B6900040B9FFE79DF8070020B9FFE70398FEF7E0
:10B6A0003FFBFFE704E003980299FEF7E3FAFFE7A8
:10B6B00004E003980299FEF7DDFAFFE704E003983F
:10B6C0000299FEF7D7FAFFE79DF8070004B080BDA6
:10B6D00081B0009001B0704781B0009042F25440B8
:10B6E000C2F2000001B0704784B003900291039849
:10B6F000019002980078009002984078012830D19B
:10B70000FFE70298007800F00F01012000FA01F233
:10B710000199D1F81C081043C1F81C080198009940
:10B7200000EB4110D0F800090004002818D4FFE70E
:10B73000029988686FF3DF20097940EA8140009A16
:10B7400040EA8250019901EB4211D1F800291043DF
:10B7500048F20002C1F200021043C1F80009FFE7FD
:10B760002EE00298007800F00F01012000FA01F2AB
:10B770000199D1F81C0840EA0240C1F81C08019860
:10B78000009900EB4110D0F8000B0004002816D4FB
:10B79000FFE7029988686FF3DF20097940EA81406A
:10B7A0000199009A01EB4211D1F8002B104348F2A5
:10B7B0000002C1F200021043C1F8000BFFE7FFE7EF
:10B7C000002004B07047000082B001900198009002
:10B7D0000099D1F8000940F2FF729043C1F80009C6
:10B7E0000099D1F8040840F48070C1F804080020E2
:10B7F00002B0704780B58AB0DDF830C0CDF814C013
:10B800000493039202919DF814108DF8241002996C
:10B81000039A049B08930792069101909DF81D00DE
:10B82000012823D1FFE70199886B20F480308863D9
:10B830000199C8684FF6BF72CFF6BD721040C8605C
:10B840000199C86820F44010C8609DF824000128C0
:10B8500006D1FFE70199C86840F48010C860FFE78F
:10B86000019800F033F88DF803001AE00199C868D8
:10B8700040F04000C860019800F028F88DF80300FF
:10B880009DF8210030B9FFE70199886B40F48030C2
:10B89000886305E00199886B20F480308863FFE7B6
:10B8A000FFE79DF81A0001280BD1FFE7019988688E
:10B8B00040F0060088600199886840F020008860A8
:10B8C000FFE79DF803000AB080BD000083B001903F
:10B8D00000200090FFE70098013000900098B0F140
:10B8E000706F04D9FFE703208DF80B0025E0FFE718
:10B8F00001980069C00F0028EDD0FFE700200090FC
:10B900000199086940F001000861FFE700980130E3
:10B9100000900098B0F1706F04D9FFE703208DF814
:10B920000B000AE0FFE701980069C0070028EDD18D
:10B93000FFE700208DF80B00FFE79DF80B0003B038
:10B940007047000084B00390029103980190029820
:10B950000078009002984078012845D1FFE70198CF
:10B96000009900EB4110D0F80009C00FA8B1FFE723
:10B970000198009900EB4111D1F8000940F00060F6
:10B98000C1F800090198009900EB4111D1F80009B4
:10B9900040F08040C1F80009FFE70298007800F00D
:10B9A0000F01012000FA01F3019AD2F83C189943E3
:10B9B000C2F83C180299097801F00F0100FA01F26F
:10B9C0000199D1F81C089043C1F81C08019800990E
:10B9D00000EB4111D1F8000947F60002CEF63342E0
:10B9E0001040C1F8000946E00198009900EB4110B1
:10B9F000D0F8000BC00FA8B1FFE70198009900EB49
:10BA00004111D1F8000B40F00060C1F8000B019823
:10BA1000009900EB4111D1F8000B40F08040C1F8D3
:10BA2000000BFFE70298007800F00F01012000FAF8
:10BA300001F3019AD2F83C1821EA0341C2F83C18FC
:10BA40000299097801F00F0100FA01F20199D1F889
:10BA50001C0820EA0240C1F81C080198009900EB7C
:10BA60004111D1F8000B47F60002CEF6F3721040F8
:10BA7000C1F8000BFFE7002004B0704782B00190CE
:10BA8000019800900099D1F8000E20F00300C1F851
:10BA9000000E0099D1F8040820F00200C1F8040853
:10BAA000002002B07047000082B001900198009021
:10BAB0000099D1F8000E20F00300C1F8000E0099A3
:10BAC000D1F8040840F00200C1F80408002002B0D8
:10BAD0007047000080B58CB0DDF838C0CDF81CC0D0
:10BAE0000693059204919DF81C108DF82C10049972
:10BAF000059A069B0A9309920891039000208DF8FD
:10BB00000B00039901910090FFE700980E280CD8D4
:10BB1000FFE70398009900EB81010020C1F80401C0
:10BB2000FFE7009801300090EFE79DF82A00B8B9D0
:10BB3000FFE70199D1F8040840F00200C1F80408B9
:10BB40000399886B40F4001088630399886B20F494
:10BB5000002088630399886B20F4802088630AE0C2
:10BB60000399886B20F4001088630399886B40F474
:10BB700000208863FFE701990020C1F8000E9DF8BE
:10BB8000250001280FD1FFE79DF8230028B9FFE722
:10BB90000398002100F084FE04E00398012100F0E6
:10BBA0007FFEFFE704E00398032100F079FEFFE742
:10BBB0000398102100F0A8FC20B1FFE701208DF8C8
:10BBC0000B00FFE7039800F065FC20B1FFE70120C0
:10BBD0008DF80B00FFE701990020C1F810080199CA
:10BBE000C1F814080199C1F81C080090FFE70098FB
:10BBF0009DF8201088423BD2FFE70198009900EBA6
:10BC00004110D0F80009C00FB0B1FFE7009848B963
:10BC1000FFE70198009900EB41114FF00060C1F877
:10BC2000000908E00198009900EB41114FF09040A5
:10BC3000C1F80009FFE707E00198009900EB411106
:10BC40000020C1F80009FFE70198009900EB4111BD
:10BC50000020C1F810090198009900EB41114FF63E
:10BC60007F30C1F80809FFE7009801300090BEE777
:10BC700000200090FFE700989DF8201088423BD2FA
:10BC8000FFE70198009900EB4110D0F8000BC00FBE
:10BC9000B0B1FFE7009848B9FFE70198009900EBC1
:10BCA00041114FF00060C1F8000B08E001980099C5
:10BCB00000EB41114FF09040C1F8000BFFE707E0A7
:10BCC0000198009900EB41110020C1F8000BFFE73B
:10BCD0000198009900EB41110020C1F8100B019868
:10BCE000009900EB41114FF67F30C1F8080BFFE7D8
:10BCF000009801300090BEE70199D1F8100820F4B7
:10BD00008070C1F8100803990020886103996FF0D2
:10BD1000804048619DF8220030B9FFE703998869A7
:10BD200040F010008861FFE70399886943F600023C
:10BD3000C8F23C02104388619DF8260030B1FFE74D
:10BD40000399886940F008008861FFE79DF82A00A0
:10BD5000012808D1FFE7039988690422C4F2000290
:10BD600010438861FFE79DF80B000CB080BD000018
:10BD700081B000900099886820F001008860002060
:10BD800001B0704786B004908DF80F1002920498AD
:10BD900001900498006C0090009843F20B01C4F6E7
:10BDA000547188420BD3FFE70198D0F8000BC00F05
:10BDB00020B1FFE700208DF817002EE0FFE7019982
:10BDC0000020C1F8100B0199D1F8100B40F40020AD
:10BDD000C1F8100B0199D1F8100B40F01800C1F810
:10BDE000100B0199D1F8100B40F0C040C1F8100BB6
:10BDF0009DF80F0001280CD1FFE702980199C1F8C6
:10BE0000140B0199D1F8000B40F08020C1F8000B11
:10BE1000FFE700208DF81700FFE79DF8170006B038
:10BE20007047000084B0039002910398019002983B
:10BE30000078009002984078012820D1FFE701980F
:10BE4000009900EB4111D1F8000920F40010C1F86D
:10BE5000000902980079032805D0FFE702980079CD
:10BE600002280BD1FFE70198009900EB4111D1F8AE
:10BE7000000940F08050C1F80009FFE71FE0019879
:10BE8000009900EB4111D1F8000B20F40010C1F82B
:10BE9000000B02980079032805D0FFE7029800798B
:10BEA00002280BD1FFE70198009900EB4111D1F86E
:10BEB000000B40F08050C1F8000BFFE7FFE70020C7
:10BEC00004B0704784B003900291039801900298E7
:10BED0000078009002984078012822D1FFE701986D
:10BEE000009900EB4110D0F80009C00F70B9FFE7CE
:10BEF000009858B1FFE70198009900EB4111D1F883
:10BF0000000920F08040C1F80009FFE7019800997E
:10BF100000EB4111D1F8000940F40010C1F800090C
:10BF200021E00198009900EB4110D0F8000BC00F00
:10BF300070B9FFE7009858B1FFE70198009900EB4E
:10BF40004111D1F8000B20F08040C1F8000BFFE751
:10BF50000198009900EB4111D1F8000B40F400105A
:10BF6000C1F8000BFFE7002004B0704780B588B02F
:10BF7000079006918DF8172007980490069800788E
:10BF8000039006984078012840F02481FFE7069846
:10BF90000069F8B9FFE70498039900EB4111D1F863
:10BFA00010096FF3DC40C1F810090498039900EB05
:10BFB0004111D1F8100940F40020C1F8100904988B
:10BFC000039900EB4111D1F810096FF31200C1F889
:10BFD000100971E00498039900EB4111D1F81009A0
:10BFE0006FF31200C1F810090498039900EB411196
:10BFF000D1F810096FF3DC40C1F810090398A8B913
:10C00000FFE7069881680069884204D9FFE706992E
:10C0100088680861FFE70498039900EB4111D1F8A3
:10C02000100940F40020C1F8100937E00698816833
:10C03000006908440138B0FBF1F0ADF80A00BDF822
:10C040000A100020C1F6F87000EAC1420498039972
:10C0500000EB4111D1F810091043C1F810090698FE
:10C060000079012819D1FFE70498039900EB4111E9
:10C07000D1F8100920F0C040C1F81009BDF80A003D
:10C0800000F003020498039900EB4111D1F8100964
:10C0900040EA4270C1F81009FFE7FFE7069802691D
:10C0A0006FF3DF420498039900EB4111D1F81009B6
:10C0B0001043C1F81009FFE79DF8170001283BD194
:10C0C000FFE70698C06948B1FFE70698C069049980
:10C0D000039A01EB4211C1F81409FFE706980079B1
:10C0E00001281ED1FFE70498D0F80808C0050028F1
:10C0F0000BD4FFE70498039900EB4111D1F8000934
:10C1000040F00050C1F800090AE00498039900EBE0
:10C110004111D1F8000940F08050C1F80009FFE753
:10C12000FFE70498039900EB4111D1F8000940F0B2
:10C130000440C1F800094CE00498039900EB411158
:10C14000D1F8000940F00440C1F8000906980079D0
:10C15000012813D0FFE70698006970B1FFE7069841
:10C16000007800F00F01012000FA01F20499D1F8E3
:10C1700034081043C1F83408FFE729E00498D0F8E8
:10C180000808C00500280BD4FFE70498039900EBCA
:10C190004111D1F8000940F00050C1F800090AE04F
:10C1A0000498039900EB4111D1F8000940F0805048
:10C1B000C1F80009FFE70798069BD9681A781B8A1F
:10C1C0009DF817C0EE46CEF800C000F059FCFFE71E
:10C1D000FFE7C4E00498039900EB4111D1F8100B7C
:10C1E0006FF31200C1F8100B0498039900EB411192
:10C1F000D1F8100B6FF3DC40C1F8100B039818BB9B
:10C20000FFE70698006920B1FFE706998868086192
:10C21000FFE70699886808620698026A6FF3DF42B2
:10C220000498039900EB4111D1F8100B1043C1F8A9
:10C23000100B0498039900EB4111D1F8100B40F456
:10C240000020C1F8100B49E006980069C0B9FFE76B
:10C25000069882686FF3DF420498039900EB41115E
:10C26000D1F8100B1043C1F8100B0498039900EBA0
:10C270004111D1F8100B40F40020C1F8100B2CE054
:10C2800006988168006908440138B0FBF1F0ADF808
:10C290000A0006998868BDF80A2050430862BDF874
:10C2A0000A100020C1F6F87000EAC1420498039910
:10C2B00000EB4111D1F8100B1043C1F8100B069898
:10C2C000026A6FF3DF420498039900EB4111D1F841
:10C2D000100B1043C1F8100BFFE7FFE79DF81700A4
:10C2E00001280ED1FFE70698C06848B1FFE706981D
:10C2F000C0680499039A01EB4211C1F8140BFFE7DF
:10C30000FFE70698007901281ED1FFE70498D0F8CE
:10C310000808C00500280BD4FFE70498039900EB38
:10C320004111D1F8000B40F00050C1F8000B0AE0B9
:10C330000498039900EB4111D1F8000B40F08050B4
:10C34000C1F8000BFFE7FFE70498039900EB4111E8
:10C35000D1F8000B40F00440C1F8000BFFE70020CB
:10C3600008B080BD85B004900391002002908DF844
:10C370000700049800900398407801283ED1FFE719
:10C3800000980399097800EB4110D0F80009C00F1C
:10C3900098B3FFE700980399097800EB4111D1F8B1
:10C3A000000940F00060C1F800090098039909787D
:10C3B00000EB4111D1F8000940F08040C1F80009BC
:10C3C000FFE7029801300290029842F21171884210
:10C3D00004D3FFE701208DF807000DE0FFE7009888
:10C3E0000399097800EB4110D0F8000900F00040F3
:10C3F000B0F1004FE5D0FFE7FFE73DE0009803997B
:10C40000097800EB4110D0F8000BC00F98B3FFE79C
:10C4100000980399097800EB4111D1F8000B40F026
:10C420000060C1F8000B00980399097800EB4111F6
:10C43000D1F8000B40F08040C1F8000BFFE70298F4
:10C4400001300290029842F21171884204D3FFE752
:10C4500001208DF807000DE0FFE7009803990978A7
:10C4600000EB4110D0F8000B00F00040B0F1004F9D
:10C47000E5D0FFE7FFE7FFE79DF8070005B070474D
:10C4800081B000900099886840F001008860002029
:10C4900001B0704783B0019000200090FFE7009842
:10C4A000013000900098B0F1706F04D9FFE70320CD
:10C4B0008DF80B0024E0FFE701980069C00F002809
:10C4C000EDD0FFE700200090019910200861FFE700
:10C4D0000098013000900098B0F1706F04D9FFE728
:10C4E00003208DF80B000BE0FFE70198006900F0D6
:10C4F00010001028ECD0FFE700208DF80B00FFE7BC
:10C500009DF80B0003B0704784B0029001910020A9
:10C510000090FFE70098013000900098B0F1706F34
:10C5200004D9FFE703208DF80F0026E0FFE702980B
:10C530000069C00F0028EDD0FFE7002000900198AF
:10C540008001203002990861FFE7009801300090D7
:10C550000098B0F1706F04D9FFE703208DF80F0049
:10C560000BE0FFE70298006900F020002028ECD0E3
:10C57000FFE700208DF80F00FFE79DF80F0004B0E3
:10C580007047000084B00390039802900298D0F89E
:10C59000080800F006000090009820B9FFE700208E
:10C5A0008DF8070010E00098022804D0FFE70098FB
:10C5B000062804D1FFE702208DF8070003E00F20D2
:10C5C0008DF80700FFE7FFE79DF8070004B070470C
:10C5D00081B000900098406900F0010001B0704700
:10C5E00082B00190009100980199486602B07047AE
:10C5F00083B00290029801900198D0F8180800903A
:10C600000198D0F81C18009808400090BDF8000070
:10C6100003B0704783B00290029801900198D0F85F
:10C62000180800900198D0F81C1800980840009055
:10C63000BDF8020003B0704786B005908DF8131066
:10C64000059803900398D0F8100801900398D0F84B
:10C650003408009000989DF8131001F00F01C840B5
:10C6600000F00101019840EAC110019003989DF883
:10C67000131000EB4110D0F808090199084002900E
:10C68000029806B07047000084B003908DF80B103C
:10C690000398019001989DF80B1000EB4110D0F821
:10C6A000080B00900198D0F81418009808400090EA
:10C6B000009804B07047000082B001900198406972
:10C6C000009001988169009808400090009802B09D
:10C6D0007047000089B008900791ADF81A200898BB
:10C6E000059007980490BDF81A0080080190BDF8E5
:10C6F0001A0000F00300ADF8020000200290FFE7EE
:10C7000002980199884217D2FFE705984FF48051AB
:10C71000405804990860049801300490049801304E
:10C720000490049801300490049801300490FFE7CD
:10C73000029801300290E3E7BDF8020008B3FFE77A
:10C740000020029005984FF4805140580390FFE775
:10C7500003989DF80810C900C84004990870029811
:10C7600001300290049801300490BDF802000138B5
:10C77000ADF80200FFE7BDF802000028E8D1FFE7AE
:10C78000FFE7049809B0704780B586B004908DF833
:10C790000F10002002900499C86820F0C040C860C3
:10C7A0009DF80F00012823D1FFE70499C86840F0E5
:10C7B0000050C860FFE70A20F5F7DEFC02980A3057
:10C7C0000290FFE70498FFF703FF014600200129CC
:10C7D000019007D0FFE702990020C82938BF012047
:10C7E0000190FFE70198C0070028E4D1FFE72AE0A5
:10C7F0009DF80F0010BBFFE70499C86840F0804027
:10C80000C860FFE70A20F5F7B7FC02980A300290EB
:10C81000FFE70498FFF7DCFE01460020009039B1E5
:10C82000FFE702990020C82938BF01200090FFE7E8
:10C830000098C0070028E5D1FFE703E001208DF84C
:10C8400017000CE0FFE70298C82804D1FFE7012099
:10C850008DF8170003E000208DF81700FFE79DF822
:10C86000170006B080BD000083B002908DF807105D
:10C87000029800900099D1F8000820F4FE60C1F8F9
:10C8800000089DF8070000F07F020099D1F8000829
:10C8900040EA0210C1F80008002003B07047000011
:10C8A00083B002908DF80710029800909DF8072041
:10C8B0000099D1F800081043C1F80008002003B027
:10C8C0007047000084B0039002918DF807209DF816
:10C8D0000700022840F0B880FFE702984AF6C041FE
:10C8E000C0F2D80188420BD3FFE702984EF2BF1185
:10C8F000C0F2E401884203D8FFE70F200090A2E0D5
:10C9000002984EF2C011C0F2E40188420BD3FFE757
:10C91000029842F2FF31C0F2F401884203D8FFE7E7
:10C920000E2000908EE0029842F20041C0F2F40125
:10C9300088420BD3FFE7029847F27F31C0F206111D
:10C94000884203D8FFE70D2000907AE0029847F272
:10C950008031C0F2061188420BD3FFE7029844F6FB
:10C960009F11C0F21A11884203D8FFE70C200090F3
:10C9700066E0029844F6A011C0F21A1188420BD367
:10C98000FFE7029842F6FF41C0F23111884203D816
:10C99000FFE70B20009052E0029842F60051C0F2EF
:10C9A000311188420BD3FFE702984AF23F41C0F2AF
:10C9B0004C11884203D8FFE70A2000903EE002981D
:10C9C0004AF24041C0F24C1188420BD3FFE7029873
:10C9D00043F2FF51C0F26E11884203D8FFE70920ED
:10C9E00000902AE0029843F20061C0F26E11884282
:10C9F0000BD3FFE702984AF61F31C0F2A611884216
:10CA000003D8FFE70820009016E002984AF620318C
:10CA1000C0F2A61188420BD3FFE7029844F2FF71DF
:10CA2000C0F2E811884203D8FFE70720009002E037
:10CA300006200090FFE7FFE7FFE7FFE7FFE7FFE7DC
:10CA4000FFE7FFE7FFE70AE09DF8070018B9FFE7F7
:10CA50000920009002E009200090FFE7FFE703991A
:10CA6000C86820F47050C860009800F00F02039965
:10CA7000C86840EA8220C860002004B07047000007
:10CA800080B588B084460A98CDF81CC006918DF810
:10CA90001720ADF814308DF813000798039006980E
:10CAA00002909DF8130048BBFFE7BDF81400033067
:10CAB0008008019000200090FFE7009801998842CB
:10CAC0001BD2FFE70298006803999DF8172001EB3D
:10CAD00002314FF48052885002980130029002983F
:10CAE00001300290029801300290029801300290C9
:10CAF000FFE7009801300090DFE7FFE7002008B073
:10CB000080BD0000FFE7FEE780B50BF083F980BD34
:10CB100080B50BF0A5F980BD80B50BF0ADF90BF039
:10CB2000D9F980BD80B50BF04FF90BF0CBF980BD82
:10CB300082B001908DED000A01994CF6CD40C3F60C
:10CB4000CC50C86001994FF07E500861019948614E
:10CB50000199886100980199086001990020C4F248
:10CB60007A40486002B0704780B58CB00B90ADF849
:10CB70002A100992ADF82230BDF82A000290002058
:10CB8000039004900590BDF8220006900B98099A36
:10CB900002A901ABF4F77EF80CB080BD80B584B07B
:10CBA000039041F20400CEF2000000680290029867
:10CBB00003990968401A00EE100AB8EE400A40F2E4
:10CBC000D820C2F2000090ED001AB8EE411A80EEB3
:10CBD000010A8DED010A02980399086002F07AF9C2
:10CBE0009DED010A04B080BD84B003908DED020A72
:10CBF000039890ED001A90ED050A20EE010A8DEDE4
:10CC0000010A039890ED010A90ED031A90ED052AB0
:10CC100022EE000A20EE020A30EE010A8DED000A33
:10CC20009DED000A039890ED042A90ED061A20EE7F
:10CC3000010A20EE011A31EE021A80EE010A80ED9F
:10CC4000020A9DED010A03989DED022A90ED021A59
:10CC500090ED063A23EE003A32EE432A21EE021A14
:10CC600030EE010A80ED000A039890ED020A90ED83
:10CC7000061A20EE011AB7EE000A30EE410A9DEDC9
:10CC8000001A20EE010A80ED010A04B0704700008E
:10CC900083B002908DED010ACDED000A029890ED6F
:10CCA000000A9DED011AB4EE410AF1EE10FA04DA21
:10CCB000FFE70198029908600FE0029890ED000AE2
:10CCC0009DED001AB4EE410AF1EE10FA04DDFFE723
:10CCD000009802990860FFE7FFE703B07047000083
:10CCE00085B004908DF80F10049845F6B801C2F293
:10CCF000000188425BD1FFE79DF80F000138014633
:10CD000001910A2852D80199DFE801F0060C131AA4
:10CD100021272E353C42490040F24020C2F200005B
:10CD2000029043E040F24020C2F200000230029044
:10CD30003CE040F24020C2F200000430029035E0B6
:10CD400040F24020C2F20000063002902EE040F295
:10CD50003820C2F20000029028E040F23820C2F2EF
:10CD600000000230029021E040F23820C2F20000C0
:10CD7000043002901AE040F23820C2F2000006307F
:10CD8000029013E040F24820C2F2000002900DE051
:10CD900040F24820C2F200000230029006E040F269
:10CDA0004820C2F2000004300290FFE763E00498DC
:10CDB00045F6E001C2F2000188425BD1FFE79DF831
:10CDC0000F000138014600910A2852D80099DFE887
:10CDD00001F0060C131A21272E353C42490040F27F
:10CDE0008420C2F20000029043E040F28420C2F2AC
:10CDF0000000023002903CE040F28420C2F20000C9
:10CE00000430029035E040F28420C2F20000063087
:10CE100002902EE040F27C20C2F20000029028E056
:10CE200040F27C20C2F200000230029021E040F289
:10CE30007C20C2F20000043002901AE040F27C2014
:10CE4000C2F200000630029013E040F28C20C2F2E1
:10CE5000000002900DE040F28C20C2F2000002308F
:10CE6000029006E040F28C20C2F2000004300290F2
:10CE7000FFE7FFE7FFE7029805B0704780B582B093
:10CE800000F028F840F65410C2F2000090ED000ABD
:10CE9000B8EE401A818800EE101AB8EEC00A9FED75
:10CEA0000B2A20EE020A30EE011AC08800EE100AAA
:10CEB000B8EEC00A9FED062A20EE020A30EE010A03
:10CEC0008DED010A9DED010A02B080BD6F12833A1B
:10CED000BD378635B0B586B001F0FCFF40F2F420D6
:10CEE000C2F20000016845F2C850C2F200000068BA
:10CEF000002303934FF0FF3C1A46E1FB0C0240F283
:10CF0000E821C2F2000101914A600860086849689E
:10CF100040F2D824C2F200042268F3F710FA039B0F
:10CF200002468C46019943F29860C2F20000C0F8B4
:10CF300004C00260D1F800C04968D0F800E042683F
:10CF40002468AEFB04E502FB0452BCEB0E0C61EB63
:10CF5000020243F2A061C2F200010491C1F800C0D4
:10CF60004A60006840F65412C2F200020592106056
:10CF70000868496840F2DC22C2F20002029212689C
:10CF8000F3F7DDF9DDF808C0039B059A0146049824
:10CF90009180016840689288DCF800C002FB0CF2C6
:10CFA0008A1A60F1000043F2A861C2F200010A602F
:10CFB00048600868496840F2E022C2F20002126844
:10CFC000F3F7BDF90599C88006B0B0BD87B08DED07
:10CFD000060ACDED050A8DED041A039002919DED30
:10CFE000060A9DED052A30EE420A9DED041A31EE47
:10CFF000421A80EE010A8DED010A9DED010A0299A7
:10D000000398091A01EE101AB8EEC12A01EE100AAF
:10D01000B8EEC11A20EE020A30EE010ABDEEC00AD7
:10D020008DED000A009807B07047000080B58AB007
:10D0300009908DF823108DF822208DF8213046F2CA
:10D040008641C2F2000106910420088046F2844124
:10D05000C2F20001082008809DF823000999087396
:10D060009DF82200099948739DF821000999887359
:10D070000999002008749DF82100F3F731F9099906
:10D080004861099840699DF82110F3F747FA06981E
:10D0900000889DF821104843F3F722F90699099A70
:10D0A00090610998806909889DF821205143F3F720
:10D0B00057FA069800889DF821104843F3F710F9B5
:10D0C0000699099AD0610998C06909889DF82120BC
:10D0D0005143F3F745FA069800889DF8231048431A
:10D0E000F3F7FEF80699099A10620998006A098810
:10D0F0009DF823205143F3F733FA9DF82100F3F70D
:10D10000EFF8099948620998406A9DF82110F3F7F1
:10D1100005FA069800889DF823104843F3F7E0F8D5
:10D120000699099A10600998006809889DF82320DB
:10D130005143F3F715FA069800889DF821104843EB
:10D14000F3F7CEF80699099A506009984068098863
:10D150009DF821205143F3F703FA069800889DF8C3
:10D1600022104843F3F7BCF80699099A9060099891
:10D17000806809889DF822205143F3F7F1F9069859
:10D1800000889DF823104843F3F7AAF80699099AF6
:10D19000C2F8E8000998D0F8E80009889DF8232033
:10D1A0005143F3F7DDF9099A02F13000117BD2F80F
:10D1B000E830012207920AF0F2FE069800889DF8F6
:10D1C00023104843F3F78CF80699099AC2F8EC004B
:10D1D0000998D0F8EC0009889DF823205143F3F713
:10D1E000BFF9079A099B03F13800197BD3F8EC309B
:10D1F0000AF0D5FE9DF8220010B3FFE746F2864004
:10D20000C2F20000059000889DF822104843F3F711
:10D2100067F80599099AC2F8F0000998D0F8F0006B
:10D2200009889DF822205143F3F79AF9099A02F1EF
:10D230004000517BD2F8F03001220AF0B0FEFFE747
:10D2400046F28640C2F20000049000889DF821104A
:10D250004843F3F745F80499099AC2F8F40009988D
:10D26000D0F8F40009889DF821205143F3F778F9AC
:10D27000099A02F14800917BD2F8F43001220AF0B9
:10D280008EFE049800889DF8231048434843F3F726
:10D2900027F80499099AC2F8F8000998D0F8F8001C
:10D2A00009889DF8232051435143F3F759F909990F
:10D2B00001F150000A7BD1F8F83011460AF06FFEF8
:10D2C000049800889DF8231048434843F3F708F872
:10D2D0000499099AC2F8FC000998D0F8FC00098862
:10D2E0009DF8232051435143F3F73AF9099901F18D
:10D2F00058000A7BD1F8FC3011460AF050FE049821
:10D3000000889DF8231048434843F2F7E9FF01469F
:10D310000498099AC2F8001100889DF82310484328
:10D320004843F2F7DDFF0499099AC2F8040109980D
:10D33000D0F8000109889DF8232051435143F3F7A9
:10D340000FF904990998D0F8040109889DF8232061
:10D3500051435143F3F704F9099901F160000A7B45
:10D36000D1F8003111460AF01AFE099901F168005E
:10D370000A7BD1F8043111460AF011FE9DF8220013
:10D3800040B3FFE746F28640C2F2000003900088F7
:10D390009DF8231048439DF822104843F2F7A0FF60
:10D3A0000399099AC2F808010998D0F80801098878
:10D3B0009DF8232051439DF822205143F3F7D0F8E4
:10D3C000099B03F17000197B5A7BD3F808310AF0EE
:10D3D000E6FDFFE746F28640C2F2000001900088B9
:10D3E0009DF8211048439DF823104843F2F778FF39
:10D3F00001460198099AC2F80C1100889DF8231083
:10D4000048439DF821104843F2F76AFF0199099AB1
:10D41000C2F810010998D0F80C0109889DF8212064
:10D4200051439DF823205143F3F79AF80199099845
:10D43000D0F8100109889DF8232051439DF8212040
:10D440005143F3F78DF8099B03F178001A7B997B20
:10D45000D3F80C310AF0A3FD099B03F18000197B7E
:10D460009A7BD3F810310AF09AFD019800889DF854
:10D47000231048434843F2F733FF0199099AC2F851
:10D4800014010998D0F8140109889DF8232051430C
:10D490005143F3F765F8099901F188000A7BD1F847
:10D4A000143111460AF07BFD019800889DF8211087
:10D4B00048434843F2F714FF0199099AC2F818014A
:10D4C0000998D0F8180109889DF82120514351434B
:10D4D000F3F746F8099901F190008A7BD1F81831E9
:10D4E00011460AF05CFD019800889DF8231048431E
:10D4F0009DF821104843F2F7F3FE0199099AC2F80A
:10D500001C010998D0F81C0109889DF8232051437B
:10D510009DF821205143F3F723F8099B03F198006C
:10D52000197B9A7BD3F81C310AF039FD01980088E9
:10D530000999097B48434843F2F7D2FE0146019816
:10D54000099AC2F8201100880999097B4843484389
:10D55000F2F7C6FE01460198099AC2F82411008824
:10D560000999097B48434843F2F7BAFE01460198FE
:10D57000099AC2F8281100880999097B4843F2F7F3
:10D58000AFFE01460198099AC2F82C11008809994A
:10D59000097B4843F2F7A4FE0999C1F830010999C3
:10D5A00001F1A0000A7BD1F8203111460AF0F7FC06
:10D5B000099901F1A8000A7BD1F8243111460AF03B
:10D5C000EEFC099901F1B0000A7BD1F8283111462F
:10D5D0000AF0E5FC099A02F1B800117BD2F82C316F
:10D5E000012202920AF0DBFC029A099B03F1C000BF
:10D5F000197BD3F830310AF0D2FC0999002081F868
:10D600002800099981F82900099981F82A000999C7
:10D6100081F82B00099981F82C000AB080BD000028
:10D6200080B582B00190019890F82A00002872D14C
:10D63000FFE7019901F1780080310AF021FF01999B
:10D6400081F8C8000199B1F87800A1F8A800019903
:10D65000B1F85A00A1F8AA00019A02F1780002F18B
:10D660005801A8320AF01AFE019981F8C800019900
:10D67000B1F8A800A1F8B0000199B1F88200A1F8B2
:10D68000B200019A02F1A80002F18001B0320AF062
:10D6900005FE019981F8C8000199B1F89000A1F840
:10D6A000A0000199B1F89200A1F8A200019A02F13C
:10D6B000B00002F19001A0320AF014FC019981F847
:10D6C000C800019901F1A000B0310AF06DFC019988
:10D6D00081F8C8000199B1F85800A1F8A800019993
:10D6E000B1F88200A1F8AA00019A02F1580002F1F3
:10D6F0008001A8320AF0D2FD019981F8C800019A90
:10D7000002F1A80002F1B00198320AF0C7FD0199B8
:10D7100081F8C800FFE702B080BD000080B584B08A
:10D720000390ADF80A10039943F23870C2F200007A
:10D7300000F69410019002F0DFFD019802F088FBE2
:10D7400038B9FFE743F23870C2F2000005F02AFF53
:10D75000FFE704B080BD000080B582B00190009169
:10D76000019943F23870C2F2000000F6CC2003F0B9
:10D77000B3FE02B080BD000083B002900191ADF80D
:10D78000022003B07047000080B582B00190ADF870
:10D790000210019943F23870C2F2000000F69410B2
:10D7A00002F0C0FD01980078A9280CD1FFE701988C
:10D7B0004078532807D1FFE743F23870C2F20000E7
:10D7C00005F0F0FEFFE702B080BD000080B584B038
:10D7D0000390039800F0CCF80398D0F8CC0028B15F
:10D7E000FFE70398D0F8CC108847FFE7039801F0D3
:10D7F0004DF80398D0F8D00028B1FFE70398D0F88F
:10D80000D0108847FFE7039800F0B8FE0398D0F8DF
:10D81000D40028B1FFE70398D0F8D4108847FFE779
:10D820000398007C20B9FFE70398C07BF0B9FFE7BD
:10D830000398FFF7F5FE0398D0F8D80028B1FFE76A
:10D840000398D0F8D8108847FFE7039800F040FE0F
:10D850000398D0F8DC0028B1FFE70398D0F8DC107B
:10D860008847FFE7039800F02FFA1BE0039BD3F8EB
:10D87000E800D3F8EC1046F28642C2F200020192B0
:10D8800012881B7B5A43F2F717FE019A039BD3F8C9
:10D89000F800D3F8FC1012881B7B5A435A43F2F766
:10D8A0000BFEFFE70398D0F8E00028B1FFE70398EC
:10D8B000D0F8E0108847FFE700208DF80B00FFE765
:10D8C0009DF80B000399097B88422CDAFFE7039847
:10D8D000D0F8F8209DF80B10037B11FB031302EB2B
:10D8E000830292ED000A006A00EB810090ED001ABD
:10D8F000B4EE410AF1EE10FA0EDAFFE7039B186A64
:10D900009DF80B2050F82200D3F8F8101B7B12FB77
:10D91000032241F82200FFE7FFE79DF80B000130EA
:10D920008DF80B00CCE7039B1868D3F8E81046F29B
:10D930008642C2F2000212881B7B5A43F2F7BCFDFA
:10D940000398D0F8E40028B1FFE70398D0F8E4107A
:10D950008847FFE70398006804B080BD83B0029059
:10D960000191ADF80220ADF8003003B0704700001F
:10D9700080B582B001900198C07B20B1FFE701988B
:10D9800001F0C8FA16E0019BD3F8F400596846F29A
:10D990008642C2F20002009212889B7B5A43F2F741
:10D9A0008BFD0099019A50680988927B5143F2F7E8
:10D9B000D7FDFFE7019BD3F8F000996846F2864255
:10D9C000C2F2000212885B7B5A43F2F775FD02B087
:10D9D00080BD000080B586B084460898CDF810C0A0
:10D9E0000391ADF80A20ADF80830ADF806000498B0
:10D9F000006843F20001C4F2010188421FD1FFE731
:10DA0000039840F21862C2F200025060BDF80A00AA
:10DA10001081BDF80800A2F80A01BDF80600A2F8BE
:10DA20000C0104986B464FF47A71196002F10A01F7
:10DA30008A320123F7F7C2F88DF8170057E00498EF
:10DA4000006843F60001C4F20001884220D1FFE7DC
:10DA5000039840F22C72C2F200025060BDF80A0036
:10DA60001081BDF80800A2F80A01BDF80600A2F86E
:10DA70000C010498BDF80810BDF8063019448BB2AB
:10DA800002F10A018A32F7F76BFA8DF817002EE0DF
:10DA90000498006843F60041C4F20001884220D196
:10DAA000FFE7039840F64002C2F200025060BDF862
:10DAB0000A001081BDF80800A2F80A01BDF80600AE
:10DAC000A2F80C010498BDF80810BDF806301944FE
:10DAD0008BB202F10A018A32F7F742FA8DF8170089
:10DAE00005E0FFE7FFE700208DF81700FFE79DF84E
:10DAF000170006B080BD000080B543F23870C2F256
:10DB0000000000F6C83009F05BFC80BD80B582B033
:10DB100046F23840C2F2000001680131016000683D
:10DB2000652807D3FFE746F28841C2F200010120D1
:10DB30000870FFE743F23870C2F2000005F09AFF68
:10DB400046F28840C2F200000078C00798B1FFE7B3
:10DB500043F23870C2F20000019041F6EC410844F3
:10DB600008F0C2FD019805F0FBFF019805F04AFF9F
:10DB700000F0DEFEFFE702B080BD000080B58AB095
:10DB80008DED090ACDED080A8DED071ACDED061AC7
:10DB90008DED052A049004990120087009980499D4
:10DBA000C1F8B00108980499C1F8B4010798049924
:10DBB000C1F8B80104994CF67740C3F22B20C1F8A4
:10DBC000CC010499002081F838010499C1F844017E
:10DBD000C1F840010499C1F84C01C1F848019DED1C
:10DBE000060AB7EE001AB4EE410AF1EE10FA04DDAF
:10DBF000FFE74FF07E500690FFE706980499C1F8C2
:10DC0000D00105980499C1F89001049804300621C8
:10DC1000002201920323FFF709FA049901F5E0704D
:10DC200001F5E4730122029211460AF0B8F9019954
:10DC30000298049AD2F8EC304FF07E521A60049A9F
:10DC4000D2F8EC205160049AD2F8EC209160049A4A
:10DC5000D2F8EC20D160049A4FF27521C0F6000191
:10DC6000C2F8D010049A4FF63111C0F60001C2F884
:10DC7000D410049A4FF21111C0F60001C2F8D81066
:10DC8000049A4FF2BD21C0F60001C2F8DC100499DD
:10DC900081F82E00049981F82F000498D0F804012F
:10DCA00049F6B401C0F6010190220392F2F704FC98
:10DCB000039A0498D0F8FC0040F22801C2F2000157
:10DCC000F2F7FAFB0AB080BD80B582B001900198EE
:10DCD00090F82C00B0BBFFE70199B1F89800A1F8CB
:10DCE000A8000199B1F87A00A1F8AA000199B1F849
:10DCF000A800A1F8B0000199B1F85A00A1F8B2004B
:10DD0000019A02F1980002F17801A8320AF0C6FAED
:10DD1000019981F8C800019A02F1A80002F15801A6
:10DD2000B0320AF0BBFA019981F8C800019A02F1F9
:10DD3000580002F1B00150320AF044FB019981F819
:10DD4000C800FFE702B080BD84B003900291039841
:10DD5000019002980090019840780099087001980D
:10DD600000780099487004B07047000080B58EB00C
:10DD70000D908DF833100B920A939DF83300C00874
:10DD80000590002006909DF833008007002818D5E4
:10DD9000FFE7012007900B98C0F34F3000900B98DD
:10DDA000C0009DF8331001F0030140EA41000190EA
:10DDB0000A98C0F34F3002900A98C00006300390D2
:10DDC00011E00020079000900B9949019DF8332045
:10DDD00002F0020241EA0211019102900A98400108
:10DDE00010300390FFE79DF83300C0F380000490EB
:10DDF0000E200990012008900D986946F2F7F6FF71
:10DE000018B1FFE7F2F7EAFEFFE70EB080BD0000B1
:10DE100080B584B00290ADF806100020ADF8040083
:10DE2000029828B1FFE7BDF80600022804DCFFE7EE
:10DE300000208DF80F002EE00298BDF80610023980
:10DE400040F29212C2F20002128889B201F02AF95D
:10DE5000ADF804009DF80410029ABDF806001044C5
:10DE600010F8022C0020914200900ED1FFE79DF89F
:10DE70000500029ABDF80610114411F8011C401A61
:10DE8000B0FA80F040090090FFE7009800F0010030
:10DE90008DF80F00FFE79DF80F0004B080BD000073
:10DEA00080B590B009A9069181ED060AC1ED050A79
:10DEB00081ED041AC1ED031A81ED022AC1ED012A98
:10DEC00081ED003A08900898007870B9FFE708984B
:10DED000B2EE040ADFEDD50A9FEDD51AF7EE001A6F
:10DEE0009FEDD42AFFF74AFEFFE706980999089AA2
:10DEF000C2F8BC1190ED060A089991ED581A30EE5F
:10DF0000410A81ED5B0A90ED050A089991ED591AD5
:10DF100030EE410A81ED5C0A90ED040A089991ED1A
:10DF20005A1A30EE410A81ED5D0A089991ED5B0ABB
:10DF3000B6EE001A20EE010A90ED002A20EE020A49
:10DF400043F2B461C2F20001059181ED000A089923
:10DF500091ED5C0A20EE010A90ED002A20EE020A03
:10DF600043F2B861C2F20001049181ED000A089900
:10DF700091ED5D0A20EE010A90ED001A20EE010AF3
:10DF800043F2BC60C2F20000039080ED000A0898E2
:10DF9000D0F8040149F6B401C0F601019022F2F76D
:10DFA0008BFA039A0499059890ED000AB1EE400AA5
:10DFB000089BD3F8043183ED010A91ED000AB1EE1C
:10DFC000400A089BD3F8043183ED020A92ED000A5F
:10DFD000B1EE400A089BD3F8043183ED030A0368CD
:10DFE000DDF820C0DCF804C1CCF818301368DDF887
:10DFF00020C0DCF804C1CCF8203091ED000AB1EE6D
:10E00000400A089BD3F8043183ED090A0B68DDF858
:10E0100020C0DCF804C1CCF8303092ED000AB1EE3B
:10E02000400A089BD3F8043183ED0D0A0368DDF83C
:10E0300020C0DCF804C1CCF83C301268089BD3F84F
:10E0400004319A640968089AD2F80421D16490EDE9
:10E05000000AB1EE400A0898D0F8040180ED140AD5
:10E060000899D1F84801D1F84C11084368B9FFE785
:10E070000C980899C1F878010B980899C1F87C01AF
:10E080000A980899C1F88001FFE70699089890ED71
:10E090005E0A90ED641A90ED6F3A20EE010A33EEBD
:10E0A000012A80EE020A91ED031A21EE031A81EE95
:10E0B000021A30EE010A80ED5E0A089890ED5F0AC0
:10E0C00090ED641A90ED6F3A20EE010A33EE012ACA
:10E0D00080EE020A91ED021A21EE031A81EE021A75
:10E0E00030EE010A80ED5F0A089890ED600A90ED2D
:10E0F000641A90ED6F3A20EE010A33EE012A80EEA9
:10E10000020A91ED011A21EE031A81EE021A30EE95
:10E11000010A80ED600A089890ED5E1A90ED5F2A82
:10E1200090ED600A22EE022A21EE011A31EE021A67
:10E1300020EE000A30EE010A01F030FD43F2B0603B
:10E14000C2F2000080ED000A00208DF81F00FFE7FA
:10E150009DF81F0002281BDCFFE708989DF81F10A0
:10E1600000EB810292ED5E0A43F2B062C2F200025D
:10E1700092ED001A20EE010A806800EB810080ED2C
:10E18000000AFFE79DF81F0001308DF81F00DFE750
:10E19000089890ED5B1A90ED5C2A90ED5D0A22EEF6
:10E1A000022A21EE011A31EE021A20EE000A30EEA8
:10E1B000010A01F0F3FCB0EE401AB7EE000A80EE5F
:10E1C000011A089880ED651A43F2B060C2F20000AF
:10E1D00090ED001A80EE010A089880ED660A089812
:10E1E00090ED650A9FEDB31AB4EE410AF1EE10FA14
:10E1F00022DAFFE7089890ED660A9FEDAF1AB4EEB9
:10E20000410AF1EE10FA17DDFFE7089890ED660A73
:10E210009FEDAA1AB4EE410AF1EE10FA0CDAFFE70C
:10E220000899012081F839010BE000BF6F12833A91
:10E230008096184B000000000899002081F83901F1
:10E24000FFE7089890ED6C0A90ED6F1A20EE010A36
:10E25000D0F8180180ED000A089890ED6C0A90ED56
:10E260006F1A20EE010AD0F8180180ED070A08980D
:10E2700090ED6C0A90ED6F1A20EE010AD0F81801AB
:10E2800080ED0E0A089890ED6C0A90ED6F1A20EE62
:10E29000010AD0F8180180ED150A089890ED6D0A72
:10E2A00090ED6F1A20EE010AD0F8180180ED1C0ADB
:10E2B000089890ED6D0A90ED6F1A20EE010AD0F8E3
:10E2C000180180ED230A0898D0F81C11D0F8B80185
:10E2D00008600898D0F81C11D0F8B80108610898B7
:10E2E000D0F81C11D0F8B801086208980430FFF784
:10E2F0006DFA089948680068C1F8500108994868A3
:10E300004068C1F85401089948688068C1F858010C
:10E3100008994868C068C1F85C01089948680069B4
:10E32000C1F86001089948684069C1F8640140F289
:10E33000C810C2F2000000680899C1F86801089886
:10E3400090ED541A90ED552A90ED563A90ED570AFB
:10E3500022EE033A21EE000A30EE030A30EE000A04
:10E3600022EE022A21EE011A31EE021A31EE011AD2
:10E37000BFEE002A8DED012A71EE020A0AF032FA90
:10E380009DED012A9FED4E1A8DED021A20EE010A35
:10E39000089880ED6A0A089890ED541A90ED550A95
:10E3A00090ED564A90ED573A24EE034A21EE000ACA
:10E3B00030EE040A30EE000A23EE033A21EE011A91
:10E3C00031EE031A31EE011A71EE020A0AF00AFA6E
:10E3D0009DED021A20EE010A089880ED690A08985E
:10E3E00090ED540A90ED551A90ED563A90ED572A5B
:10E3F00020EE030A21EE021A30EE410A30EE000A46
:10E400000AF05AF99DED021A20EE010A089880EDF3
:10E41000680A089890ED6A0A90ED761A30EE410A83
:10E420009FED281AB4EE410AF1EE10FA07DDFFE77E
:10E430000899B1F8D4010138A1F8D40116E0089880
:10E4400090ED6A0A90ED761A30EE410A9FED1E1AA1
:10E45000B4EE410AF1EE10FA07DAFFE70899B1F8D5
:10E46000D4010130A1F8D401FFE7FFE70898B0F923
:10E47000D41100EE101AB8EEC00A90ED6A1A9FEDA2
:10E48000132A20EE020A30EE010A80ED6B0A089989
:10E49000D1F8A801C1F8D8010899D1F84821D1F8DC
:10E4A0004C01013240F10000C1F84821C1F84C0193
:10E4B00010B080BD9A99993ECDCC1441CDCC244169
:10E4C000E12E654200003443000034C30000B44331
:10E4D00080B582B00190019890F82B0000284BD1B4
:10E4E000FFE70199B1F87800A1F8B800019901207F
:10E4F0000090A1F8BA00019A02F1780002F1380107
:10E50000B83209F0CBFE01460098019A82F8C81093
:10E51000019AB2F84810A2F8C0100199A1F8C200FF
:10E52000019A02F1480002F1B801C03209F04AFF35
:10E5300001460098019A82F8C810019AB2F8981022
:10E54000A2F8B8100199A1F8BA00019A02F1980056
:10E5500002F1C001B83209F0A1FE019981F8C800AA
:10E56000019A02F1380002F1B801303209F0BAFC28
:10E57000019981F8C800FFE702B080BD80B582B084
:10E580000190019890F82900A8BBFFE7019901F1DB
:10E590006000683109F074FF019981F8C800019AA0
:10E5A00002F1600002F15001583209F077FE019942
:10E5B00081F8C8000199B1F85800A1F8A8000199A4
:10E5C000B1F86A00A1F8AA00019A02F1580002F11C
:10E5D0006801A83209F062FE019981F8C800019A29
:10E5E00002F1A80002F18801583209F07BFC019980
:10E5F00081F8C800FFE702B080BD000080B582B09E
:10E600000190019800680090A1284AD0FFE7009887
:10E6100040F20121884211D0FFE7009840F2022128
:10E62000884217D0FFE7009840F2032188421ED0AD
:10E63000FFE70098B0F5017F26D03EE0019800F199
:10E640001C0143F23870C2F2000000F5AD5007F033
:10E6500013FB32E0019800F11C0143F23870C2F262
:10E66000000041F2BC62104407F006FB25E001986F
:10E6700000F11C0143F23870C2F2000041F2D8727E
:10E68000104407F0F9FA18E0019800F11C0143F278
:10E690003870C2F2000041F6F402104407F0ECFAC0
:10E6A0000BE0019800F11C0143F23870C2F2000047
:10E6B00000F6CC2002F0E0FEFFE702B080BD0000D3
:10E6C00080B588B00790079800680490512812D050
:10E6D000FFE7049840F2052188426BD0FFE70498D9
:10E6E00040F20621884271D0FFE7049840F20721EA
:10E6F000884252D077E00798007F8DF81B0007987A
:10E70000407F8DF81A000798C08BADF81800079865
:10E71000008CADF816000798408CADF814009DF8F9
:10E720001B1043F23870C2F20000019005F006FCA5
:10E7300001989DF81A1005F00DFC0198BDF918100C
:10E7400000EE101AB8EEC00A9FED281A8DED021ADD
:10E7500080EE010A41F27831084403F043F9019850
:10E760009DED021ABDF9161000EE101AB8EEC00A9F
:10E7700080EE010A00F6CC20039002F0F5FC9DED3E
:10E78000021A0398BDF9141000EE101AB8EEC00A70
:10E7900080EE010A02F0F2FC25E0079800F11C016E
:10E7A00043F23870C2F2000041F28442104407F094
:10E7B00063FA18E0079800F11C0143F23870C2F2C6
:10E7C000000000F6CC7007F09FFD0CE0079800F108
:10E7D0001C0143F23870C2F2000041F214221044CE
:10E7E00007F046F8FFE708B080BD00BF00007A449C
:10E7F00088B08DED060ACDED050A4CF6CD40C3F686
:10E800009C7004904AF2D730C3F6F06003909DEDFF
:10E81000050AB5EE400AF1EE10FA08DDFFE79DEDBE
:10E82000060AB5EE400AF1EE10FA03DAFFE700201F
:10E83000079022E09DED050AB0EE001A80EE010A75
:10E840008DED020A9DED021A9FED0E0A21EE000ADF
:10E8500020EE010A8DED010A9DED061A9FED0A0AD0
:10E8600021EE000A20EE010A9DED011A20EE010AB8
:10E870008DED000A00980790FFE79DED070A08B0AC
:10E88000704700BFDB0F49405A64933E80B582B0A9
:10E890000190019890F82800002846D1FFE70198E0
:10E8A000407B012834DBFFE70199087BA1F8B80021
:10E8B000019901200090A1F8BA00019A02F16000CC
:10E8C00002F13001B83209F0E9FC01460098019AE2
:10E8D00082F8C810019A117BA2F8C0100199A1F822
:10E8E000C200019A02F1700002F14001C03209F049
:10E8F000D5FC019981F8C800019A02F1B80002F133
:10E90000C001383209F0EEFA019981F8C8000BE035
:10E91000019A02F1600002F13001383209F0BEFCC8
:10E92000019981F8C800FFE7FFE702B080BD000051
:10E9300080B543F2C060C2F200000178013101707D
:10E940000078032819D1FFE745F6B800C2F20000AD
:10E9500040F24022C2F200024FF400710823FEF799
:10E9600003F940F2BE11C2F20001087043F2C06127
:10E97000C2F2000100200870FFE743F2C360C2F258
:10E98000000001780131017000781E2818D1FFE7DE
:10E9900043F2C361C2F200010020087045F6B800DE
:10E9A000C2F2000040F23022C2F200022E210823FF
:10E9B000FEF7DAF840F2BE11C2F200014870FFE73C
:10E9C00043F2C160C2F200000178013101700078A9
:10E9D000052818D1FFE743F2C161C2F2000100200F
:10E9E000087045F6B800C2F2000040F2C822C2F238
:10E9F0000002A0210823FEF7B7F840F2BE11C2F2D0
:10EA000000018870FFE745F6E000C2F2000040F226
:10EA10007C22C2F2000240F2FF110823FEF7A4F8A4
:10EA200040F2BE11C2F20001C87043F2C260C2F2ED
:10EA3000000001780131017000780A2818D1FFE741
:10EA400045F6E000C2F2000040F29422C2F2000259
:10EA500077210823FEF788F840F2BE11C2F20001C8
:10EA6000087143F2C261C2F2000100200870FFE7A2
:10EA700080BD000081B08DED000A9DED000AB0EE72
:10EA8000C00A01B07047000080B586B005900491BF
:10EA90000598006846F20041C4F20001884216D190
:10EAA000FFE7059840F25021C2F200010860049887
:10EAB000886205980023039319461A46FFF756F912
:10EAC000039B05980C211A46FFF750F920E00598A2
:10EAD000006846F60001C4F20001884217D1FFE742
:10EAE000059840F29C21C2F20001086004988862F7
:10EAF000059870210191002302931A46FFF736F919
:10EB00000199029B05981A46FFF730F9FFE7FFE7E6
:10EB10000598F2F78DFF05980221F2F791F8059814
:10EB20001021F2F78DF806B080BD000081B0009092
:10EB30004EF6FC51CEF20001086840F0807008608B
:10EB400041F20401CEF200010020086041F200020F
:10EB5000CEF20002116841F001011160009944F207
:10EB60004022C0F20F024A4340F2D821C2F2000113
:10EB70000A600A6844F6D353C1F26203A2FB03326F
:10EB8000920940F2DC23C2F200031A6009684DF6D4
:10EB90008362C4F21B32A1FB0221890C40F2E02205
:10EBA000C2F20002116040F2F421C2F200010860DA
:10EBB00001B0704782B0019000910198006845F261
:10EBC0000041C4F20001884209D1FFE7019840F2F8
:10EBD000FC21C2F2000108600098086125E001985C
:10EBE000006845F60001C4F20001884209D1FFE740
:10EBF000019840F21031C2F20001086000980861EB
:10EC000012E00198006845F60041C4F20001884214
:10EC100009D1FFE7019840F22431C2F200010860F7
:10EC200000980861FFE7FFE7FFE702B070470000C8
:10EC300082B08DED010A9DED010AB5EE400AF1EEBC
:10EC400010FA05DDFFE79DED010A8DED000A06E0F3
:10EC50009DED010AB1EE400A8DED000AFFE79DED42
:10EC6000000A02B07047000082B001900091019844
:10EC7000006843F20001C4F2010188420AD1FFE7B3
:10EC8000019840F21861C2F2000108600098C1F8D2
:10EC9000100127E00198006843F60001C4F200016A
:10ECA00088420AD1FFE7019840F22C71C2F20001BC
:10ECB00008600098C1F8100113E00198006843F65D
:10ECC0000041C4F2000188420AD1FFE7019840F6F2
:10ECD0004001C2F2000108600098C1F81001FFE78E
:10ECE000FFE7FFE702B0704783B08DED020A41F203
:10ECF0000400CEF200000068019002980090FFE747
:10ED000041F20400CEF2000000680199401A00EEC2
:10ED1000100AB8EE400A9DED001A40F2D820C2F267
:10ED2000000090ED002AB8EE422A21EE021AB4EE5D
:10ED3000410AF1EE10FA01DAFFE7E1E703B07047AC
:10ED400080B584B003900291ADF806200398006866
:10ED500041F20001C4F20101884215D1FFE7039896
:10ED600040F6F011C2F2000108600298C1F80C04EC
:10ED7000BDF80600A1F804040398B1F8042401F5D5
:10ED80000171F7F71DFAA3E00398006844F200410F
:10ED9000C4F20001884215D1FFE7039840F60061F4
:10EDA000C2F2000108600298C1F80C04BDF8060028
:10EDB000A1F804040398B1F8042401F50171F7F7F0
:10EDC000FFF984E00398006844F60001C4F20001F2
:10EDD00088421ED1FFE7039841F21021C2F20001E0
:10EDE00008600298C1F80C04BDF80600A1F80404FC
:10EDF0000398B1F8042401F50171F7F7E1F945F63C
:10EE00004830C2F200000168086820F0080008607D
:10EE10005CE00398006844F60041C4F200018842B7
:10EE200015D1FFE7039841F22061C2F200010860AA
:10EE30000298C1F80C04BDF80600A1F80404039878
:10EE4000B1F8042401F50171F7F7BAF93DE0039830
:10EE5000006845F20001C4F20001884215D1FFE7C5
:10EE6000039841F63021C2F2000108600298C1F80F
:10EE70000C04BDF80600A1F804040398B1F80424BA
:10EE800001F50171F7F79CF91EE00398006841F263
:10EE90000041C4F20101884215D1FFE7039841F611
:10EEA0004061C2F2000108600298C1F80C04BDF88C
:10EEB0000600A1F804040398B1F8042401F50171D7
:10EEC000F7F77EF9FFE7FFE7FFE7FFE7FFE7FFE779
:10EED00004B080BD81B041F20400CEF200000068B1
:10EEE0000090009840F2F021C2F2000109688842C7
:10EEF00008D2FFE740F2F421C2F2000108680130B5
:10EF00000860FFE7009840F2F021C2F200010860BB
:10EF100001B0704780B584B0039003990020019040
:10EF20000874039BD3F8F400596846F28642C2F293
:10EF30000002009212889B7B5A43F1F7BDFA0099B8
:10EF4000039A50680988927B5143F1F709FB0099B5
:10EF5000039AD2F818010988927B51435143F1F783
:10EF6000FFFA0099039AD2F80C010988137B927B6F
:10EF700059435143F1F7F4FA01988DF80B00FFE77C
:10EF80009DF80B000399897B884243DAFFE70398D9
:10EF9000D0F8F4009DF80B1000EB810090ED000A12
:10EFA000B5EE400AF1EE10FA2DD0FFE7039AD2F841
:10EFB000F4109DF80B0051F82000127C41F822005B
:10EFC0009DF80B00039A516A127C8854DDF80CC03E
:10EFD000DCF818009DF80BE050F82E00DCF80C115E
:10EFE0009CF80C209CF81030DCF814C01CF80EC003
:10EFF00012FB03C201EB820141F8040C0399087C67
:10F0000001300874FFE7FFE79DF80B0001308DF831
:10F010000B00B5E700208DF80A00FFE79DF80A0015
:10F020000399097C884216DAFFE7039BD869596A7D
:10F030009DF80A20895C50F82100D3F818111B7C38
:10F0400012FB032241F82200FFE79DF80A0001307D
:10F050008DF80A00E2E70399087CA1F8780003998B
:10F06000087BA1F87A000399087BA1F88000039936
:10F07000087CA1F882000399087CA1F8900003990C
:10F08000087CA1F892000399087BA1F898000399E5
:10F09000087CA1F89A000399087CA1F8480004B004
:10F0A00080BD000084B00290ADF80610ADF80420D9
:10F0B000029828B9FFE74FF6FF70ADF80E0023E085
:10F0C000FFE7BDF80600411EADF80610B8B1FFE736
:10F0D0000298411C029100788DF80300BDF80410DD
:10F0E0009DF803004840C2B249F64410C0F6010042
:10F0F00030F8120080EA1120ADF80400E1E7BDF815
:10F100000400ADF80E00FFE7BDF80E0004B0704734
:10F1100080B586B005900598D0F8EC0090ED000A17
:10F1200030EE000A43F2C460C2F20000019080EDAC
:10F13000000A0598D0F8EC0090ED010A30EE000AC4
:10F1400043F2C860C2F20000029080ED000A059808
:10F15000D0F8EC0090ED020A30EE000A43F2CC60E9
:10F16000C2F20000039080ED000A0598D0F8EC0090
:10F1700090ED030A30EE000A43F2D060C2F20000C4
:10F18000049080ED000A059BD3F80C0146F28641FD
:10F19000C2F2000109881A7B9B7B59435143F1F766
:10F1A000DFF9019B029A0399049891ED000AB1EEF0
:10F1B000400ADDF814C0DCF80CC18CED000AD0F870
:10F1C00000C0DDF814E0DEF80CE1CEF804C093EDE9
:10F1D000000AB1EE400ADDF814C0DCF80CC18CED79
:10F1E000020AD2F800C0DDF814E0DEF80CE1CEF837
:10F1F0000CC0D2F800C0DDF814E0DEF80CE1CEF867
:10F2000018C0D3F800C0DDF814E0DEF80CE1CEF849
:10F210001CC0D0F800C0DDF814E0DEF80CE1CEF838
:10F2200020C0D1F800C0DDF814E0DEF80CE1CEF823
:10F2300024C01B68DDF814C0DCF80CC1CCF83030F9
:10F2400092ED000AB1EE400A059AD2F80C2182ED47
:10F250000D0A91ED000AB1EE400A0599D1F80C11A2
:10F2600081ED0E0A00680599D1F80C11C86306B04B
:10F2700080BD000080B582B001900198D0F8F810F0
:10F2800040F22800C2F200009022F1F715F901982F
:10F29000D0F81C1140F28030C2F2000048220092E7
:10F2A000F1F70AF9009A0198D0F80C1140F23830C1
:10F2B000C2F20000F1F700F902B080BD80B586B05F
:10F2C0000590059901F17800803109F0D9F8059988
:10F2D00081F8C8000599B1F87800A1F8A80005994F
:10F2E000B1F85A00A1F8AA00059A02F1780002F1DB
:10F2F0005801A83208F0D2FF059981F8C800059995
:10F30000B1F8A800A1F8B0000599B1F88200A1F801
:10F31000B200059A02F1A80002F18001B03208F0B3
:10F32000BDFF059981F8C8000599B1F89000A1F8D2
:10F33000A0000599B1F89200A1F8A200059A02F187
:10F34000B00002F19001A03208F0CCFD059981F8DF
:10F35000C800059901F1A000B03108F025FE05991B
:10F3600081F8C8000598D0F8EC00006843F2D46337
:10F37000C2F2000318600598D0F8EC00406843F230
:10F38000D862C2F2000210600598D0F8EC008068E4
:10F3900043F2DC61C2F2000108600598D0F8EC008D
:10F3A000D0F80CC043F2E060C2F20000C0F800C028
:10F3B000DDF814E0BEF878C0AEF8B8C0DDF814E0AF
:10F3C0004FF0010CAEF8BAC092ED000A90ED002AA1
:10F3D00093ED001A91ED003A21EE031A20EE020A95
:10F3E00030EE410A30EE000ADDF814C0DCF82CC122
:10F3F0008CED000A93ED000A92ED002A91ED001ABF
:10F4000090ED003A21EE031A20EE020A30EE010AD6
:10F4100030EE000ADDF814C0DCF82CC18CED010AD6
:10F4200093ED000A92ED001A21EE011A20EE000A77
:10F4300030EE410A91ED001A21EE011A30EE411A28
:10F4400090ED000A20EE000A30EE010A0598D0F88F
:10F450002C0180ED020A00208DF81300FFE79DF8D3
:10F46000130002281EDCFFE70598D0F82C019DF858
:10F47000131000EB810090ED000AB0EEC00A09F015
:10F480008FF89DF8131040F23840C2F2000000EBF4
:10F49000810080ED610AFFE79DF8130001308DF8CF
:10F4A0001300DCE70599B1F84800A1F8C000059900
:10F4B00001200190A1F8C200059A02F1480002F172
:10F4C000B801C03208F07EFF01460198059A82F823
:10F4D000C810059AB2F8C010A2F8A8100599A1F8B2
:10F4E000AA00059A02F1B00002F1C001A83208F0AA
:10F4F000D5FE01460198059A82F8C8100599A1F831
:10F50000B8000599B1F8C000A1F8BA00059901F159
:10F51000C000B83108F0B4FF059981F8C80005991A
:10F5200001F1B800A83140F23842C2F20002029262
:10F5300002F5E07208F0B2FE01460298059A82F8E0
:10F54000C81090ED720A90ED731AB6EE002A21EE03
:10F55000021AB4EE410AF1EE10FA08DAFFE740F2BF
:10F560003841C2F20001012081F83801FFE740F282
:10F570003840C2F2000090ED720A90ED731AB4EEBA
:10F58000410AF1EE10FA64DDFFE740F23840C2F2C2
:10F59000000090F8380100285BD0FFE740F23840C7
:10F5A000C2F2000090F8390180B1FFE740F2384123
:10F5B000C2F20001D1F84021D1F84401013240F1FA
:10F5C0000000C1F84021C1F8440109E040F238418F
:10F5D000C2F200010020C1F84401C1F84001FFE778
:10F5E00040F23840C2F20000D0F84011D0F8440197
:10F5F000333970F100000BD3FFE740F23841C2F21B
:10F600000001002081F83801059981F82C001FE0E5
:10F61000059BD3F8E800D3F8EC1046F28642C2F21C
:10F620000002009212881B7B5A43F0F745FF009AB4
:10F63000059BD3F8F800D3F8FC1012881B7B5A43C3
:10F640005A43F0F739FF0599012081F82C0063E156
:10F6500042E040F23840C2F2000090ED720A90EDB4
:10F66000731A9FEDAE2A21EE021AB4EE410AF1EEB2
:10F6700010FA1BDDFFE740F23840C2F2000090F8BC
:10F68000380198B1FFE740F23840C2F2000090ED37
:10F69000720A90ED731A31EE400A9FEDA12A21EE15
:10F6A000021A80EE010A80ED670A08E040F2384154
:10F6B000C2F200014FF07E50C1F89C01FFE740F21A
:10F6C0003841C2F200010020C1F84401C1F84001F4
:10F6D000059981F82C00FFE70599B1F85800A1F8C9
:10F6E000A8000599B1F88200A1F8AA00059A02F1D4
:10F6F000580002F18001A83208F0D0FD059981F888
:10F70000C800059A02F1A80002F1B001983208F091
:10F71000C5FD059981F8C80000208DF81200FFE7AB
:10F720009DF81200059AB2F89810B2F89A20514349
:10F7300088421ADAFFE740F23840C2F2000090ED4A
:10F74000671A0598D0F81C019DF8121000EB810093
:10F7500090ED000A20EE010A80ED000AFFE79DF817
:10F76000120001308DF81200DAE704208DF8110044
:10F77000FFE79DF81100052835DCFFE700208DF834
:10F780001000FFE79DF81000022825DCFFE79DF838
:10F79000111040F23840C2F2000000EB810090ED01
:10F7A0005D0A9FED621A80EE011A0598D0F81C01DF
:10F7B00001EB41019DF81020114400EB810090ED18
:10F7C000000A20EE010A80ED000AFFE79DF8100014
:10F7D00001308DF81000D5E7FFE79DF811000130EA
:10F7E0008DF81100C5E70599B1F89800A1F8B800A7
:10F7F00005990120A1F8BA00059A02F1980002F1DA
:10F80000C001B83208F04AFD059981F8C80040F2FD
:10F810003840C2F2000090F8380100286BD0FFE7B2
:10F8200004208DF80F00FFE79DF80F00052861DC2C
:10F83000FFE70598D0F8BC009DF80F1000EB8100A1
:10F8400090ED000A40F23840C2F2000090ED6F1ACD
:10F850009FED342A21EE021AB4EE410AF1EE10FABD
:10F8600014DDFFE740F23840C2F2000090ED6F0A6D
:10F870009FED2C1A20EE010A0598D0F8BC009DF8E7
:10F880000F1000EB810080ED000AFFE70598D0F82B
:10F89000BC009DF80F1000EB810090ED000A40F2D3
:10F8A0003840C2F2000090ED6F1A9FED1F2A21EE42
:10F8B000021AB4EE410AF1EE10FA14DAFFE740F250
:10F8C0003840C2F2000090ED6F0A9FED171A20EE4B
:10F8D000010A0598D0F8BC009DF80F1000EB8100DC
:10F8E00080ED000AFFE7FFE79DF80F0001308DF87B
:10F8F0000F0099E7FFE70598D0F8BC100020C8601A
:10F90000059A02F1380002F1B801303208F0EAFA43
:10F91000059981F8C800FFE706B080BDCDCCCC3D8D
:10F920006666663F0AD7233C0AD723BCDA0FC93F75
:10F9300080B584B003900398D0F8EC00006843F2DF
:10F94000E463C2F2000318600398D0F8EC0040684A
:10F9500043F2E862C2F2000210600398D0F8EC00B3
:10F96000806843F2EC61C2F2000108600398D0F8AD
:10F97000EC00D0F80CC043F2F060C2F20000C0F816
:10F9800000C093ED000A92ED001A21EE011A20EE5C
:10F99000000A30EE011A91ED000A20EE000A30EE66
:10F9A000011A90ED000A20EE000A30EE010A00F084
:10F9B000F5F843F2F460C2F2000080ED000A002086
:10F9C0008DF80B00FFE79DF80B0003281ADCFFE71A
:10F9D00043F2F460C2F2000090ED001A0398D0F8F0
:10F9E000EC009DF80B1000EB810090ED000A20EE7A
:10F9F000010A80ED000AFFE79DF80B0001308DF849
:10FA00000B00E0E743F2E861C2F2000191ED000A69
:10FA100040F23840C2F20000009090ED6F1A20EEE4
:10FA2000010AB0EE001A8DED011A80EE010A039A68
:10FA3000D2F8002182ED040A43F2EC62C2F2000225
:10FA400092ED000A90ED6F2A20EE020A80EE010A84
:10FA5000039BD3F8003183ED050A43F2E463C2F25D
:10FA6000000393ED000A90ED6F2A20EE420A80EE2B
:10FA7000010ADDF80CC0DCF800C18CED0A0A43F283
:10FA8000F06CC2F2000C9CED000A90ED6F2A20EEA3
:10FA9000020A80EE010ADDF80CE0DEF800E18EEDEE
:10FAA0000B0A9CED000A90ED6F2A20EE420A80EED0
:10FAB000010ADDF80CC0DCF800C18CED100A93EDF2
:10FAC000000A90ED6F2A20EE420A80EE010A039BA5
:10FAD000D3F8003183ED110A92ED000A90ED6F2A00
:10FAE00020EE020A80EE010A039AD2F8002182ED8C
:10FAF000160A91ED000A90ED6F2A20EE420A80EE80
:10FB0000010A0399D1F8001181ED170A90ED741ADA
:10FB10000399D1F8F81091ED1C0A80EE010A81EDED
:10FB20001C0A90ED741A0398D0F8F80090ED230A9F
:10FB300080EE010A80ED230A0398D0F8F80090EDDA
:10FB40001C0A9FED151AB4EE410AF1EE10FA09DD18
:10FB5000FFE70398D0F8F81044F20000C4F21C60EC
:10FB60000867FFE70398D0F8F80090ED230A9FEDAF
:10FB70000A1AB4EE410AF1EE10FA0ADDFFE7039823
:10FB8000D0F8F81044F20000C4F21C60C1F88C00F8
:10FB9000FFE704B080BD00BF00401C4684B08DED7F
:10FBA000030A9DED030AB6EE001A20EE010A8DED60
:10FBB000020A0398019001980090009945F686206A
:10FBC000C5F63770A0EB61000090009801909DEDA4
:10FBD000010A9DED021A21EE001A21EE002AB7EE6D
:10FBE000081A31EE421A20EE010A8DED010A9DED50
:10FBF000010A04B07047000081B00090009890EDB9
:10FC0000200A01B07047000081B00090009890ED8C
:10FC1000210A01B07047000081B00090009890ED7B
:10FC2000230A01B07047000081B00090009890ED69
:10FC3000240A01B07047000081B00090009890ED58
:10FC4000250A01B07047000081B00090009890ED47
:10FC50001E0A01B07047000081B00090009890ED3E
:10FC60001F0A01B07047000087B0069005918DF81B
:10FC700013208DF812309DF81200014603910128DF
:10FC800008D0FFE70398022820D0FFE70398032855
:10FC900038D053E09DF8130001460291012808D0A6
:10FCA000FFE70298022808D0FFE70298032808D04F
:10FCB0000BE005990020087007E005990420087002
:10FCC00003E0059901200870FFE737E09DF8130075
:10FCD00001460191012808D0FFE70198022808D0C9
:10FCE000FFE70198032808D00BE00599022008706F
:10FCF00007E005990620087003E0059905200870C3
:10FD0000FFE71BE09DF8130001460091012808D091
:10FD1000FFE70098022808D0FFE70098032808D0E2
:10FD20000BE005990220087007E00599042008708F
:10FD300003E0059903200870FFE7FFE707B070476D
:10FD400010B59EB0079026980590259801902498AC
:10FD500002902398039022980690DDF884C02098A2
:10FD6000CDF860C017901693159214910DF16600AE
:10FD700014A912220492F0F75AFBDDF804C0029B8A
:10FD80000399049ADDF814E00698CDF838E0CDF830
:10FD900034C00C930B910A900DF13E000AA9F0F7C4
:10FDA00046FB0798099009980890DDF866006FF304
:10FDB000DF20DDF83E106FF3DF21884230D1FFE70E
:10FDC000DDF86600C0F3CA20DDF83E10C1F3CA2199
:10FDD000884225D1FFE7BDF86A10DDF86600800D86
:10FDE00040EA81206FF3DF20BDF84220DDF83E10AD
:10FDF000890D41EA82216FF3DF21884210D1FFE7AC
:10FE0000BDF86A00C0F34A00BDF84210C1F34A01D0
:10FE1000884205D1FFE70899002081F8750004E0C9
:10FE20000899012081F87500FFE71EB010BD0000A1
:10FE300081B00090009890F8740001B07047000005
:10FE400081B00090009890F8880001B070470000E1
:10FE500081B00090009890F8760001B070470000E3
:10FE600081B00090009890F8890001B070470000C0
:10FE70002DE9F043A5B0249024980E900168D1F8A4
:10FE80000422D1F80832D1F80CC2D1F810E2C0F83F
:10FE90001CE0C0F818C043610261B1F8141201847B
:10FEA000016801F501712391239909686FF3DF213E
:10FEB00000EE101AB8EEC00A90ED022A90ED031A77
:10FEC00030EE420A80EE010A80ED1E0A239909688D
:10FED000C1F3CA2100EE101AB8EEC00A90ED022A52
:10FEE00090ED031A30EE420A80EE010A80ED1F0AFF
:10FEF00023998A880968890D41EA82216FF3DF21FD
:10FF000000EE101AB8EEC00A90ED022A90ED031A26
:10FF100030EE420A80EE010A80ED200A239989889A
:10FF2000C1F34A0100EE101AB8EEC00A90ED022AA1
:10FF300090ED031A30EE420A80EE010A80ED210AAC
:10FF400000F18801239A9288920BC38C9B0BFFF7D8
:10FF50008BFE0E9800F18901239A9288C38CC3F31B
:10FF60000133C2F30132FFF77FFE0E98FFF770FFF7
:10FF7000002855D1FFE70E982399B1F9061000EE3D
:10FF8000101AB8EEC00A9FED521A80EE010A80EDF9
:10FF9000230A2399B1F9081000EE101AB8EEC00A2E
:10FFA00080EE010A80ED240A2399B1F90A1000EECF
:10FFB000101AB8EEC00A80EE010A80ED250A00F1A1
:10FFC0009801239A127B90F82E3000F023FB0E98B4
:10FFD00000F19901239A527B90F82F3000F01AFB20
:10FFE00000202290FFE722980F2818DCFFE70E98E8
:10FFF000DDF888C000EB0C019A31239AD28922FAED
:020000040801F1
:100000000CF202F00102038E23FA0CF303F0010359
:1000100000F000FBFFE7229801302290E3E7FFE7C2
:100020000E982399098A6FF3DF2100EE101AB8EEBB
:10003000C00A90ED022A90ED031A30EE420A80EEDB
:10004000010A80ED2B0A00F122010DF176000790E4
:1000500012220992F0F7EBF9099A0E9800F11001BB
:1000600019A80890F0F7E3F90799099A14A8F0F78E
:10007000DEF90899099A14980B9015980C90169827
:100080000D9017980A90189C0FA8F0F7D0F9DDF89A
:1000900028C00B990C9A0D9B0E980F9D109E119FD6
:1000A000DDF84880DDF84C90EE46CEF81890CEF89A
:1000B0001480CEF81070CEF80C60CEF80850CEF850
:1000C0000440CEF800C0FFF73BFE25B0BDE8F0834A
:1000D0000000004781B00090009890F89C0001B0AB
:1000E0007047000081B00090009890F8A90001B01E
:1000F0007047000081B00090009890F8A70001B010
:100100007047000081B00090009890F89D0001B009
:100110007047000081B00090009890F8A10001B0F5
:100120007047000081B00090009890F8A30001B0E3
:100130007047000081B00090009890F8A40001B0D2
:100140007047000081B00090009890F8A00001B0C6
:100150007047000081B00090009890F8A20001B0B4
:100160007047000081B00090009890F89B0001B0AB
:100170007047000081B00090009890F8A80001B08E
:100180007047000081B00090009890F89A0001B08C
:100190007047000081B00090009890F8A60001B070
:1001A0007047000081B00090009890F8A50001B061
:1001B0007047000081B00090009890F8980001B05E
:1001C0007047000080B586B00590049105980190B5
:1001D000343004991522F0F72AF901980499039113
:1001E0000399B1F90A1000EE101AB8EEC00A9FED9B
:1001F000351A80EE010A80ED230A0399B1F90C103B
:1002000000EE101AB8EEC00A80EE010A80ED240A52
:100210000399B1F90E1000EE101AB8EEC00A80EE84
:10022000010A80ED250A00F19801039A127C90F8EA
:10023000593003F0030302F0030200F0EBF90198D8
:1002400000F19901039A127CC2F3810290F85930AF
:10025000C3F3810300F0DEF90198B0F84510C1F353
:10026000401140F23042C2F200021170B0F85A0060
:10027000C0F3401040F23141C2F20001087000208A
:100280000290FFE702980F281ADCFFE70198DDF8DB
:1002900008C000EB0C019A31039AB2F8112022FA3F
:1002A0000CF202F00102B0F85A3023FA0CF303F01A
:1002B000010300F0AFF9FFE7029801300290E1E797
:1002C00006B080BD0000004781B00090009890F813
:1002D000990001B07047000081B00090009890F83C
:1002E0009F0001B07047000081B00090009890F826
:1002F0009E0001B07047000080B584B00390029169
:1003000003980190016E01310166FFF7B1FD01997B
:1003100001F12200096801F501711222F0F787F856
:1003200004B080BD80B584B0039002910398009022
:1003300002980078A52826D1FFE702988079ADF8C9
:100340000600BDF806100298407940EA0120ADF899
:10035000060002988078ADF80400BDF804100298F9
:10036000407840EA0120ADF80400BDF8060040F2F4
:100370000231884206D1FFE7BDF804001E2801D1F2
:10038000FFE7FFE7FFE702980078A9281AD1FFE707
:1003900002984078532815D1FFE702981521FDF700
:1003A00037FD70B1FFE70098816E013181660299D7
:1003B000FFF708FF0098493002991522F0F737F847
:1003C000FFE7FFE704B080BD82B001900199009182
:1003D000086E496E884210D1FFE70099886EC96E99
:1003E00088420AD1FFE70099002081F87400B1F833
:1003F00070000130A1F8700004E00099012081F83C
:100400007400FFE70099886EC96E884205D1FFE746
:100410000099002081F8760004E00099012081F81D
:100420007600FFE70099086E496E884205D1FFE724
:100430000099002081F8770004E00099012081F8FC
:100440007700FFE70099086E4866886EC86602B0BC
:100450007047000084B003900291019203980090CD
:100460000298006841F20001C4F20101884207D1FC
:10047000FFE7009940F6F010C2F20000086054E077
:100480000298006844F20041C4F20001884207D19A
:10049000FFE7009940F60060C2F20000086043E008
:1004A0000298006844F60001C4F20001884207D1B6
:1004B000FFE7009941F21020C2F20000086032E02C
:1004C0000298006844F60041C4F20001884207D156
:1004D000FFE7009941F22060C2F20000086021E0CD
:1004E0000298006845F20001C4F20001884207D179
:1004F000FFE7009941F63020C2F20000086010E0EA
:100500000298006841F20041C4F20101884207D11B
:10051000FFE7009941F64060C2F200000860FFE783
:10052000FFE7FFE7FFE7FFE7FFE70198006841F219
:100530000001C4F20101884207D1FFE7009940F6AB
:10054000F010C2F2000048605AE00198006844F2DE
:100550000041C4F20001884207D1FFE7009940F64C
:100560000060C2F20000486049E00198006844F66B
:100570000001C4F20001884207D1FFE7009941F26F
:100580001020C2F20000486038E00198006844F68C
:100590000041C4F20001884207D1FFE7009941F20F
:1005A0002060C2F20000486027E00198006845F230
:1005B0000001C4F20001884207D1FFE7009941F62B
:1005C0003020C2F20000486016E00198006841F255
:1005D0000041C4F2010188420DD1FFE7009941F6C4
:1005E0004060C2F20000486045F6A831C2F2000146
:1005F0000020C861FFE7FFE7FFE7FFE7FFE7FFE74E
:1006000004B0704781B00090009890ED2B0A01B0C3
:100610007047000086B0059004918DF80F208DF88A
:100620000E309DF80E000146029120B1FFE70298BE
:10063000012813D025E09DF80F000146019120B15B
:10064000FFE70198012804D007E004990020087012
:1006500003E0049902200870FFE712E09DF80F0004
:100660000146009120B1FFE70098012804D007E07F
:1006700004990320087003E0049901200870FFE743
:10068000FFE706B07047000081B0009000984FF07F
:10069000894181600021C4F22541C16000210166C9
:1006A00041668166C166A0F87010A0F8721080F8EB
:1006B000741080F8751080F8761080F8771001B00B
:1006C0007047000082B00190019900910869496962
:1006D000884207D1FFE70099002008768889013019
:1006E000888105E000990120087600208881FFE7D5
:1006F00000990869486102B07047000081B000901D
:1007000000984FF4B671018040F2946141804FF03F
:10071000894141600021C4F225418160002181812D
:1007200001B0704781B00090009890EDA30A01B02D
:100730007047000082B001908DED000A0199009889
:10074000C1F88C0202B0704781B00090009890ED23
:10075000A40A01B07047000082B001908DED000A3C
:1007600001990098C1F8900202B0704780B590B02E
:100770000F900F98059000F50C700221002209924D
:1007800006F000FC05980999C0F884029FED4C0A18
:100790008DED010AF7EE080ACDED020AB0EE001A5F
:1007A0008DED031ADFED472ACDED042ADFED464A31
:1007B000CDED074A9FED455A8DED085AF0EE451AEA
:1007C000B0EE452AB0EE453AF0EE453AB0EE454A75
:1007D00007F022FA9DED040A0598DDED074A9DED2C
:1007E000085A09995430F6EE000A9FED392A8DED2A
:1007F000062ADFED382ACDED0E2AB0EE451AF0EECE
:10080000451AB0EE453AF0EE453AB0EE454A07F0EB
:1008100003FA0598DDED0E0A45F6B801C2F20001B3
:100820000B91052203230C939FED2B0A8DED0D0AEE
:1008300005F06EF89DED010ADDED020A9DED031A4B
:10084000DDED042A0598DDED074A9DED085A09996A
:1008500000F58C700A90F0EE451AB0EE452AB0EE25
:10086000453AF0EE453AB0EE454A07F0D5F905981D
:100870009DED062ADDED074A9DED085A0999DDED4B
:100880000E2A00F5B6709FED150ADFED150AB0EEE1
:10089000451AF0EE451AB0EE453AF0EE453AB0EEA4
:1008A000454A07F0B9F90A980B990C9B9DED0D0A82
:1008B000DDED0E0A062205F02BF810B080BD00BF5A
:1008C00000004842000016436F12833A0000000007
:1008D00000803B4500401C46000010420000FA43E7
:1008E0000000484380B582B001900198009005F067
:1008F0007BF8009800F58C7005F076F8009800F50C
:100900000C7005F0F7FF0098002180F88812C0F8FD
:100910008C12C0F890120022C4F26002C0F8942237
:100920000022CCF2A002C0F89822C0F89C12C0F8B5
:10093000A0120021C4F2FF31C0F8A4124AF2000153
:10094000C4F28C51C0F8A81202B080BD83B00290EE
:100950008DED010ACDED000A02990198886000989A
:10096000C86088680860C868486003B070470000C5
:1009700081B000900098002101614161816101B066
:100980007047000081B00090009890F8910701B086
:100990007047000082B001908DF8031001999DF816
:1009A000030081F8910702B07047000081B0009009
:1009B000009800F2947090ED000A01B070470000BA
:1009C00082B001908DED000A01990098C1F894075A
:1009D00002B0704781B00090009800F5F46090ED8F
:1009E000000A01B07047000082B001908DED000A4E
:1009F00001990098C1F8A00702B0704781B000903B
:100A0000009890F8900701B07047000082B0019004
:100A10008DF8031001999DF8030081F8900702B04A
:100A20007047000081B00090009800F5F36090EDF1
:100A3000000A01B07047000082B001908DED000AFD
:100A400001990098C1F8980702B0704781B00090F2
:100A5000009800F2A47090ED000A01B07047000009
:100A600082B001908DED000A01990098C1F8A407A9
:100A700002B0704781B00090009800F29C7090ED39
:100A8000000A01B07047000082B001908DED000AAD
:100A900001990098C1F89C0702B0704780B584B0F6
:100AA00003900398009000F027F9009800F20440AA
:100AB000019005F037FF019806F068F8009800F201
:100AC0004C60029006F01AF9019805F04FFF029869
:100AD00006F038F904B080BD80B592B0119011983D
:100AE0000C9006F0E7FD0C9800F2044004909FED96
:100AF0006E0ADFED6E0AB7EE081A8DED051ADFED0E
:100B00006C4ACDED094A9FED6B5A8DED0A5A0021D2
:100B10000B91F0EE451AB0EE452AF0EE452AB0EE04
:100B2000453AF0EE453AB0EE454A07F075F8DDED8E
:100B3000094A9DED0A5A0B990C9800F58B609FEDC0
:100B40005E0A8DED020ADFED5D0A9FED5D1A9FEDF5
:100B50005D2ADFED5D2ACDED032AF0EE451AB0EEF9
:100B6000453AF0EE453AB0EE454A07F055F89DEDAE
:100B7000020ADDED094A9DED0A4A0B990C9800F234
:100B80009450DFED520A9FED521A9FED525AF0EE4B
:100B9000441AB0EE442AF0EE442AB0EE443AF0EEA5
:100BA000443A07F039F8DDED032ADDED094A9DED01
:100BB0000A5A0B990C9800F5BD609FED470AF6EEB6
:100BC000000ACDED080A9FED452AB0EE451AF0EE79
:100BD000451AB0EE453AF0EE453AB0EE454A07F018
:100BE0001BF804980B990C9AC2F890256A4611607C
:100BF00045F6E001C2F200010E9105230F93B0EE1D
:100C0000000A8DED060ADFED360A1A4605F0E2FB12
:100C1000DDED050A9DED061ADDED094A9DED0A5A46
:100C20000B990C9800F24C600D909FED2E0ADFEDB1
:100C30002E2ACDED072AF0EE451AB0EE452AB0EE89
:100C4000453AF0EE453AB0EE454A06F0E5FF9DED37
:100C5000070ADDED080ADDED094A9DED0A5A0B99F8
:100C60000C9800F5D4609FED212ADFED212ACDED0F
:100C7000102AB0EE451AF0EE451AB0EE453AF0EE05
:100C8000453AB0EE454A06F0C7FF0C9A0D980E990A
:100C90000F9BDDED100AC2F8642706229FED150AAE
:100CA00004F036FE12B080BD00008C426F12833C0F
:100CB0006F12833A000000000000A0429A99193E8A
:100CC0000AD7233C0000FA4400409C46CDCCCC3DE2
:100CD0009A99993E0AD7A33B0000AA4200C0DA4580
:100CE000920A0642000048420000164300803B453D
:100CF00000401C460000104280B58AB00990099857
:100D0000089090F89007A0BBFFE7089800F2044015
:100D100005900021049105F01FFB0499089800F24A
:100D20004C60069004F0BCFD05989FED720A8DEDB5
:100D3000070A06F00FFE08989DED070A00F58B6084
:100D400006F008FE06989DED070A06F003FE0898D7
:100D50009DED070A00F5D46006F0FCFD05989DEDB9
:100D6000070A05F0EFFA06989DED070A04F08EFDDC
:100D7000BEE0089800F24C60052104F091FD08984F
:100D8000FFF700FE0146039120B1FFE70398012819
:100D900019D031E0089800F204400290052105F0D6
:100DA000DBFA08990298D1F8941740F6E812C2F2DB
:100DB0000002116005F0D2FD40F6EC10C2F2000016
:100DC00080ED000A18E0089800F204400190032129
:100DD00005F0C2FA08990198D1F8981740F6E81280
:100DE000C2F20002116005F0C9FE40F6EC10C2F23A
:100DF000000080ED000AFFE7FFE7089840F6E811E1
:100E0000C2F2000191ED000A40F6EC11C2F20001BD
:100E100091ED001A30EE410A00F27C7090ED001A5C
:100E2000B4EE410AF1EE10FA12DDFFE7089800F285
:100E30007C7090ED001A40F6E810C2F2000090EDD0
:100E4000000A31EE011A30EE410A80ED000AD4E7C3
:100E5000FFE7089840F6E811C2F2000191ED000AA0
:100E600040F6EC11C2F2000191ED001A30EE410A99
:100E700000F27C7090ED001AB1EE411AB4EE410A16
:100E8000F1EE10FA12DAFFE7089800F27C7090EDAC
:100E9000000A40F6E810C2F2000090ED001A30EEB1
:100EA000000A30EE010A80ED000AD2E7089901F548
:100EB000F460009001F5F16292ED000A01F28C718C
:100EC000D1ED000AFBF7E4FE089800F2044040F67A
:100ED000E811C2F2000191ED000A05F00BFA089842
:100EE000009900F24C6091ED000A04F0B7FCFFE7B6
:100EF0000AB080BD0000000080B582B0019001986A
:100F0000009006F0C9FC009800F2044005F0D8FEFD
:100F1000009800F24C6005F0CFFF00980021CCF261
:100F20003431C0F878170021C4F23431C0F87C178E
:100F30000021CCF23021C0F888170021C4F2A001B2
:100F4000C0F88C17002180F8901780F89117C0F82E
:100F50009417C0F89817C0F89C17C0F8A017C0F8ED
:100F6000A417C0F8A817C0F8AC1702B080BD0000E5
:100F700080B584B003900398009090ED2B0A9FED0C
:100F80002E1A20EE010ABDEEC00A10EE101AADF8BE
:100F90000810406802F0EEFF012804D1FFE70020AE
:100FA0008DF80A0003E001208DF80A00FFE70099A0
:100FB0009DF80A00800191F8B02091F8D83091F89E
:100FC000D9C091F8DBE040EA4E1040EACC0040EA9C
:100FD0008C0040EA430010438DF80B0091ED2D0A80
:100FE0009FED161A20EE010ABDEEC00A10EE100A9F
:100FF000ADF8060091ED2E0A20EE010ABDEEC00A02
:1010000010EE100AADF804008A69BDF808001080DF
:101010008A699DF80B0090708A69BDF80600A2F8F5
:1010200003008A69BDF80400A2F8050091F8B00039
:1010300081F8760004B080BD0000C84200007A4408
:1010400080B586B005900599049101F179008A6810
:1010500002F13001B2F86020EFF7E9F9049890F856
:101060009A0001285ED1FFE7049890F876000128E5
:1010700058D1FFE70498D0F88E30D0F89220D0F8FD
:10108000961000EE103A00EE902A01EE101A43F28C
:10109000F861C2F20001019143F2FC62C2F2000267
:1010A000029243F20073C2F20003039300F092F83D
:1010B000019B029A0399049893ED000AD2ED000A6D
:1010C00091ED001A00F064F8049880ED350AD0F82C
:1010D0008E20D0F8921000EE102A00EE901A9FEDAC
:1010E0001E1A00F001FC049880ED310AD0F88E3011
:1010F000D0F89220D0F8961001EE903A02EE102A25
:1011000002EE901AB0EE610AF0EE420AB0EE621AF8
:1011100000F002FA049890ED341A30EE410A80EDA6
:10112000300AFFE70498C0309FED0C0AF1EE040A84
:10113000FBF7AEFD0498C4309FED090ADFED090A04
:10114000FBF7A6FD0498816801F13000B1F860104A
:10115000EFF706FA06B080BD00000000000034C2C0
:10116000000034C30000344382B001908DED000ACA
:1011700001990098C1F8B40002B0704782B00190A4
:101180008DED000A01990098C1F8B80002B07047CF
:1011900080B586B005908DED040ACDED030A8DED86
:1011A000021A9DED040A9DED031A21EE011A20EEAC
:1011B000000A30EE011A9DED020A20EE000A30EE20
:1011C000010A07F0D9FF8DED010A9DED010A06B075
:1011D00080BD000080B590B00F908DED0E0ACDED72
:1011E0000D0A8DED0C1A0B910A9209930F98049039
:1011F00049F6B251C3F6EF5108919DED0E0A8DEDFF
:10120000020A90ED290AB1EE400A07F041FC049869
:101210009FED291A8DED061A20EE010A8DED010AC7
:1012200090ED2A0A07F034FC9DED011A0498B0EE07
:10123000402A9DED020A21EE021A30EE010A0B99B6
:1012400081ED000A9DED0D0A8DED050A90ED290A4C
:10125000B1EE400A07F01CFC04989DED061A20EE42
:10126000010A8DED030A90ED2A0A07F0BDFE9DEDFF
:10127000031A0498B0EE402A9DED050A21EE021AE9
:1012800030EE010A0A9981ED000A9DED0C0A8DED00
:10129000070A90ED290AB1EE400A07F0A5FE9DED80
:1012A000062A9DED071A20EE020A30EE010A09987F
:1012B00080ED000A10B080BDB29DEFBD82B00190FC
:1012C0008DF8031002B0704780B588B00790069182
:1012D0000798039006990988ADF81610BDF9161005
:1012E00000EE101AB8EEC00A9FED541A80EE010A03
:1012F00010EE101AC0F88E1006994988ADF8141037
:10130000BDF9141000EE101AB8EEC00A80EE010A02
:1013100010EE101AC0F8921006998988ADF81210D4
:10132000BDF9121000EE101AB8EEC00A80EE010AE4
:1013300010EE101AC0F896100699897980F89A1064
:1013400090F89A0001285ED1FFE7039890F87600A4
:10135000012858D1FFE70398D0F88E30D0F89220BA
:10136000D0F8961000EE103A00EE902A01EE101A16
:1013700043F20471C2F20001009143F20872C2F21A
:101380000002019243F20C73C2F200030293FFF7D2
:1013900021FF009B019A0299039893ED000AD2ED78
:1013A000000A91ED001AFFF7F3FE039880ED350A6D
:1013B000D0F88E20D0F8921000EE102A00EE901A8D
:1013C0009FED1F1A00F090FA039880ED310AD0F8D3
:1013D0008E30D0F89220D0F8961001EE903A02EEBE
:1013E000102A02EE901AB0EE610AF0EE420AB0EE58
:1013F000621A00F091F8039890ED341A30EE410A29
:1014000080ED300AFFE70398C0309FED0E0AF1EE41
:10141000040AFBF73DFC0398C4309FED0B0ADFED97
:101420000B0AFBF735FC0398816801F13000B1F835
:101430006010EFF795F808B080BD00BF00007A4457
:1014400000000000000034C2000034C30000344338
:1014500081B00090009890ED310A01B07047000013
:1014600082B001908DF8031001999DF8030081F876
:10147000D80002B07047000080B582B001900091A2
:101480000198016B013101630099FFF71DFF02B064
:1014900080BD000081B00090009890ED300A01B04E
:1014A0007047000080B582B00190019800900068FC
:1014B00005F02AFE009880ED290A006805F034FE48
:1014C000009880ED280A006805F00EFE009880ED77
:1014D0002A0A02B080BD000080B582B00190009160
:1014E0000198016A01310162FFF7AAFD02B080BDD7
:1014F00081B00090009890F8DB0001B070470000C8
:1015000082B001908DF8031001999DF8030081F8D5
:10151000DB0002B07047000080B59CB01B908DEDE1
:101520001A0ACDED190A8DED181ACDED171A8DEDA9
:10153000162ACDED152A1B98029040F63101C3F60C
:101540002C51149190ED330ADFED8A0AFDF750F922
:101550008DED130A4DF20A70C3F6234012909DEDF3
:10156000180A8DED030A9DED1A0A9DED191A21EE58
:10157000011A20EE000A30EE010A07F0FDFDF0EE40
:10158000400A9DED030A07F02DF98DED110A0020A8
:101590001090FFE71098132800F3DF80FFE79DED20
:1015A0001A0A9DED191A21EE011A20EE000A30EEFA
:1015B000010A07F0E1FD8DED0F0A9DED110A07F01C
:1015C00067FA8DED0E0A9DED0E0AB0EEC00A9FED92
:1015D0006A1AB4EE410AF1EE10FA01DAFFE7BCE054
:1015E00002989DED0F0A9DED131A20EE010A8DED74
:1015F0000D0A90ED330A9DED0E1A20EE010A8DEDD5
:101600000C0A9DED0D0A9DED0C1AB4EE410AF1EEA7
:1016100010FA01DBFFE7A0E09DED0D0A9DED0C1A2D
:1016200080EE011AB7EE000A8DED010A30EE410A94
:1016300007F024FCB1EE400A9DED131A80EE010A7A
:101640008DED0B0A9DED110A07F0CEFC8DED0A0A17
:101650009DED130A9DED0B1A20EE410A07F0C0FA2A
:1016600002989DED013A8DED090A90ED321A90ED48
:10167000330A9DED0A5A9DED132A81EE024A20EEAF
:10168000050A30EE040A9DED094A33EE443A20EE95
:10169000030A80EE020A9DED0B3A21EE031A81EE59
:1016A000021A30EE410A8DED080A9DED180A9DEDF3
:1016B000081A30EE410A8DED070A9DED070AB0EEDB
:1016C000C00A9DED121AB4EE410AF1EE10FA01DAE9
:1016D000FFE742E09DED1A0A9DED191A21EE011A6D
:1016E00020EE000A30EE011A9DED180A20EE000AE5
:1016F00030EE010A07F040FD8DED060A9DED072A48
:101700009DED060AB4EE402AF1EE10FAB0EE401A52
:10171000B8BFB0EE421AB1EE400AB4EE401AF1EE94
:1017200010FAC8BFB0EE410A8DED050A9DED050A1D
:101730009DED061A80EE010A06F0BEFF8DED040A4B
:101740009DED041A9DED110A30EE010A8DED110A8E
:10175000FFE71098013010901CE79DED110A9FEDF6
:10176000071A20EE010A9FED061A80EE010A1CB04E
:1017700080BD00BF31082C3DBD378635000034C325
:10178000DB0F494081B00090009890F89A0001B0BA
:101790007047000082B001908DF8031001999DF808
:1017A000030081F8D90002B07047000082B00190B8
:1017B0008DED000A01990098C1F8AC0002B07047A5
:1017C00082B001908DF8031001999DF8030081F813
:1017D000B00002B07047000080B582B0019001985F
:1017E0000090FFF75FFE0098FFF7C2FB02B080BDDC
:1017F00082B0019001990091086A896A884205D1F6
:10180000FFE70099002081F8390004E000990120E9
:1018100081F83900FFE70099486AC96A884205D112
:10182000FFE70099002081F8390004E000990120C9
:1018300081F83900FFE70099086B496B884205D1B0
:10184000FFE70099012081F8380004E000990020AA
:1018500081F83800FFE70099086A8862486AC86220
:10186000086B486302B0704783B0029001918DF815
:1018700003208DF802300299019888609DF80300DA
:1018800008779DF80200487703B0704783B0029054
:101890000191029800900198006846F20041C4F25C
:1018A0000001884207D1FFE7009940F25020C2F2C0
:1018B0000000086110E00198006846F60001C4F2DB
:1018C0000001884207D1FFE7009940F29C20C2F254
:1018D00000000861FFE7FFE7009940F2C820C2F26C
:1018E0000000886103B0704780B586B005908DED2B
:1018F000040ACDED030A8DED021A9DED030ADDED1C
:10190000040A06F06FFF8DED010A9DED010A9FEDBF
:10191000071A20EE010A9FED061A80EE010A8DEDEE
:10192000010A9DED010A06B080BD00BF00003443EE
:10193000DB0F494081B000900098002101624162B4
:101940008162C1620163416380F8381080F8391008
:10195000C0F8B410C0F8B81049F67402C4F21B12F3
:10196000C0F8C8204CF6CD42C4F27C12C0F8CC209E
:1019700044F2C022C4F28402C0F8D02080F8D8100B
:1019800080F8D91080F8DA1080F8DB1001B07047C9
:1019900081B00090009800F5D86090ED000A01B089
:1019A0007047000082B001908DF8031001999DF8F6
:1019B000030081F8A40602B07047000081B00090D7
:1019C000009890F8A50601B07047000082B0019021
:1019D0008DF8031001999DF8030081F8A50602B067
:1019E0007047000082B001908DED000A01990098C7
:1019F000C1F8AC0602B0704781B00090009800F2C8
:101A00009C6090ED000A01B07047000080B588B07E
:101A10000790079805905C3004F0A6FA059800F04E
:101A2000AFF8059800F5867004F04CF90020069098
:101A3000FFE7069803280FDCFFE7059A06984FF4A6
:101A40008E7100FB012000F50A7003F073FDFFE7C3
:101A5000069801300690ECE7059800F58670009036
:101A600004F0DEF80598BDEEC00A10EE101A40F63C
:101A7000E412C2F200021180FFF78AFF00989FED86
:101A80003E1A20EE010A9FED3D1A80EE010A40F653
:101A9000E011C2F2000181ED000A04F0B1F80598EE
:101AA00040F6CC11C2F2000181ED000A00F50A7087
:101AB000019004F015FA0598B1EE400ABDEEC00A97
:101AC00010EE101A40F6D212C2F20002118000F598
:101AD0005170029004F004FA0598BDEEC00A10EEB1
:101AE000101A40F6D612C2F20002118000F58C6086
:101AF000039004F0F5F90598B1EE400ABDEEC00A76
:101B000010EE101A40F6DA12C2F20002118000F252
:101B10007C50049004F0E4F90198BDEEC00A10EE88
:101B2000101A40F6DE12C2F20002118004F088F8AA
:101B300001460298494240F6D012C2F200021180DA
:101B400004F07EF80146039840F6D412C2F2000277
:101B5000118004F075F801460498494240F6D81205
:101B6000C2F20002118004F06BF840F6DC11C2F200
:101B70000001088008B080BD00003443DB0F4940FD
:101B800080B582B001900198009000F2AC6191EDB7
:101B9000000A00F5D66090ED001AB4EE410AF1EEAD
:101BA00010FA05D0FFE70099012081F8B40604E09F
:101BB0000099002081F8B406FFE7009890F8B40679
:101BC000012840F09D80FFE7009800F2AC6191EDA4
:101BD000000A00F5D66090ED001A30EE410A06F0DA
:101BE0007FF89FED4B1AB4EE410AF1EE10FA00F3C4
:101BF0008680FFE7009800F2AC6090ED000AB3EE3B
:101C0000001AB4EE410AF1EE10FA1ADBFFE7009871
:101C100000F2AC6090ED000ABBEE001A30EE010A53
:101C200006F05EF800999FED401A20EE010ABDEE25
:101C3000C00A10EE102AB1F8AA06801AA1F8AA0666
:101C40005CE0009800F2AC6090ED000A9FED311A64
:101C5000B4EE410AF1EE10FA27DBFFE7009800F23C
:101C6000AC6090ED000AB3EE001AB4EE410AF1EE5A
:101C700010FA1ADAFFE7009800F2AC6090ED000A63
:101C80009FED281A30EE010A06F02AF800999FED20
:101C9000241A20EE010ABDEEC00A10EE102AB1F897
:101CA000AA06801AA1F8AA0627E0009800F2AC6004
:101CB00090ED000A9FED181AB4EE410AF1EE10FA09
:101CC0001ADCFFE7009800F2AC6090ED000A9FED8F
:101CD000131A30EE010A06F003F800999FED101A6E
:101CE00020EE010ABDEEC00A10EE102AB1F8AA06D5
:101CF0001044A1F8AA06FFE7FFE7FFE7FFE700E0CF
:101D0000FFE70099D1F8AC06C1F8B00602B080BD7B
:101D10009A99993E66667E4100007C4100007CC134
:101D20000000C84266667EC10000964380B592B04E
:101D300011901199099101F15C00C1F8B0100521D1
:101D40000022109205F01EF90998109AB430032170
:101D5000049105F017F90998109900F58670039021
:101D60009FED840ADFED840AB7EE001A8DED071AA5
:101D7000DFED822ADFED824ACDED0E4A9FED815ADA
:101D80008DED0F5AF0EE451AB0EE622AB0EE453AEC
:101D9000F0EE453AB0EE454A05F03EFF039809994A
:101DA00001F5B071029103F043FF0146039800EE84
:101DB000101AB8EE400A8DED010A03F039FF9DEDCF
:101DC000012ADDED0E4A9DED0F5A10990246029848
:101DD00000EE102AF8EE402A9FED6B0ADFED6B0A49
:101DE000B0EE451AF0EE451AB0EE453AF0EE453A3F
:101DF000B0EE454A05F010FF039845F6E001C2F247
:101E000000010722022306939FED610ADFED610ABC
:101E1000CDED080A04F002F8069B9DED070ADDED02
:101E2000080A099800F50A7045F6B801C2F20001E7
:101E30000591012203F0F2FF0998DDED0E4A9DEDB8
:101E40000F5A109900F51F70B2EE040A8DED0A0AC0
:101E5000DFED510ACDED0B0A9FED502A8DED0C2AD6
:101E6000DFED4F2ACDED0D2AB0EE451AF0EE451A02
:101E7000B0EE453AF0EE453AB0EE454A05F0CCFEFC
:101E80000599069B9DED070ADDED080A099800F506
:101E900051701A4603F0C2FF09989DED0A0ADDED64
:101EA0000B0A9DED0C2ADDED0D2ADDED0E4A9DEDB0
:101EB0000F5A109900F56670B0EE451AF0EE451A0B
:101EC000B0EE453AF0EE453AB0EE454A05F0A4FED4
:101ED000049A0599069B9DED070ADDED080A09980D
:101EE00000F58C6003F09AFF09989DED0A0ADDED7C
:101EF0000B0A9DED0C2ADDED0D2ADDED0E4A9DED60
:101F00000F5A109900F2B440B0EE451AF0EE451A9F
:101F1000B0EE453AF0EE453AB0EE454A05F07CFEAB
:101F20000599069B9DED070ADDED080A099800F268
:101F30007C50042203F072FF09989DED0A0ADDED42
:101F40000B0A9DED0C2ADDED0D2ADDED0E4A9DED0F
:101F50000F5A109900F5BA60B0EE451AF0EE451A26
:101F6000B0EE453AF0EE453AB0EE454A05F054FE83
:101F700012B080BD0000A042CDCC4C3FD2537B417B
:101F80006F12833A0000000000803B4500002042B1
:101F90007B944B4200008046CDCC4C3D0000FA447F
:101FA00000E02B4680B58CB00B900B98069090F813
:101FB000A4060146079140B1FFE70798012846D0E3
:101FC000FFE70798022860D092E0069800F5867037
:101FD00003900021059103F069FE03989FED6D0ABF
:101FE0008DED040A05F0B6FC06989DED040A00F597
:101FF000B07005F0AFFC03989DED040A03F078FF84
:1020000005980A90FFE70A9803281BDCFFE706986B
:1020100000F50A7201920A984FF48E71029100FB4A
:102020000120002103F042FE019A02990A9800FB68
:1020300001209FED580A03F015FEFFE70A980130D2
:102040000A90E0E706980021FFF7C0FC50E00698F0
:1020500000F58670032103F029FE00200990FFE7B8
:102060000998032810DCFFE7069A09984FF48E714F
:1020700000FB012000F50A70022103F017FEFFE7C4
:10208000099801300990EBE732E0069800F5867078
:10209000032103F00BFE00200890FFE708980328B7
:1020A00010DCFFE7069A08984FF48E7100FB0120C0
:1020B00000F50A70022103F0F9FDFFE708980130EE
:1020C0000890EBE7069800F5D86191ED000A9FEDC6
:1020D000301A30EE010A81ED000A00F5867091EDAC
:1020E000000A03F0B5FD0699012081F8A406FFE778
:1020F000069890F8A50678B3FFE7069A02F50A70ED
:10210000B2F8A616B2F8AA26114409B203F0C2FD2D
:10211000069A02F55170B2F8A616B2F8AA26114432
:10212000494209B203F0B6FD069A02F58C60B2F896
:10213000A816B2F8AA261144494209B203F0AAFD32
:10214000069A02F27C50B2F8A816B2F8AA261144F8
:1021500009B203F09FFD19E0069800F50A7000210E
:10216000009103F097FD0698009900F5517003F077
:1021700091FD0698009900F58C6003F08BFD0698A0
:10218000009900F27C5003F085FDFFE70CB080BDA4
:10219000920A86BF0000000080B586B004900498C3
:1021A0000190059003F0B2FF01985C3003F0A4FFAA
:1021B0000198B43004F016FF019800F5867003F022
:1021C000A1FE019901F50A7001F5D3610291039016
:1021D000FFE70398009003F0F9F90098029A00F5E0
:1021E0008E71084691420390F3D1FFE7019943F2C3
:1021F000C820A1F8980640F6E440A1F89A064AF2F1
:102200000000C4F28C50C1F89C0640F6DB72CCF2A0
:10221000C902C1F8A026012081F8A406002081F897
:10222000A50641F26F33A1F8A63641F2D923A1F8F1
:10223000A8364FF67473A1F8AA36C1F8AC06C1F8F7
:10224000B00681F8B406C1F8B806C1F8BC26C1F8DA
:10225000C006A1F8C406059806B080BD80B58CB054
:102260000B900B98069000210A91099101F0D8F982
:10227000012840F00681FFE7069800F69410FDF76C
:1022800061FF022821D1FFE7069841F6FF51405C2B
:1022900068B9FFE7069800F5D2509FED850AFEF772
:1022A0005BFA069941F6FF52012088540CE006982B
:1022B00000F5D250B1EE040AFEF74EFA069941F647
:1022C000FF5200208854FFE7FFE7069800F6C83069
:1022D000FEF758FB0146059120B1FFE7059801285C
:1022E00028D07DE0069800F69410FDF71BFF022829
:1022F0001FD1FFE7069800F6CC20FFF7F9F838B9B0
:10230000FFE7069800F6CC200121FFF7F9F806E078
:10231000069800F6CC200021FFF7F2F8FFE70698B8
:1023200000F6CC20FFF7E4F8069941F6F8528854FD
:10233000FFE755E0069800F69410FDF7F3FE02283B
:1023400021D1FFE7069841F6FE51405C68B9FFE7EE
:10235000069800F5D2509FED570AFEF7EBF9069963
:1023600041F6FE52012088540CE0069800F5D25048
:10237000BAEE040AFEF7DEF9069941F6FE52002095
:102380008854FFE7FFE7069800F69410FDF7F2FE89
:1023900001280AD1FFE743F21071C2F2000141F2B5
:1023A0006F20C3F68320086019E0069800F69410A9
:1023B000FDF798FE01280AD1FFE743F21071C2F23F
:1023C000000141F26F20CBF68320086006E043F263
:1023D0001071C2F2000100200860FFE7FFE7FFE78D
:1023E000069800F5D2500490FEF7AEF906988DEDF0
:1023F0000A0A00F69410FDF71FFC0699049841F6AE
:102400005C621144029191ED001A20EE010A9DEDEB
:102410000A1AB1EE002A20EE020A30EE010A8DED12
:102420000A0AFEF77FF902988DED090A43F210714E
:10243000C2F2000191ED001A90ED002A9DED090A0B
:1024400021EE021A30EE410A8DED090A0AA89FED2D
:102450001A0A8DED030ADFED190AFAF719FCDDED12
:10246000030A09A89FED160AFAF712FC04989DEDDD
:102470000A0AFEF771F904989DED090AFEF75AF968
:10248000FFE7069800F5D2500190FEF75DF901983C
:102490008DED080AFEF746F98DED070A40F230216E
:1024A000C2F2000108980860079848600CB080BD2F
:1024B0000000204200002AC300000000000040424B
:1024C000000034C380B5A6B0259025981D9001F07A
:1024D000A7F8002840F00F81FFE71D9800F6941040
:1024E000FDF7B2FBFCF7A4FB1D9841F61061084410
:1024F00090ED001AB4EE410AF1EE10FA08DDFFE7A4
:102500001D9800F69410FDF79FFB8DED1C0A04E06A
:102510009FEDE40A8DED1C0AFFE71D989DED1C0A56
:102520008DED210A00F69410FDF796FBFCF780FB79
:102530001D9841F61061084490ED001AB4EE410A6E
:10254000F1EE10FA08DDFFE71D9800F69410FDF794
:1025500083FB8DED1B0A04E09FEDD20A8DED1B0A73
:10256000FFE71D989DED1B0A8DED200A00F6C8308F
:102570001990FEF72FFA1D9919988DED220A9DEDFD
:10258000200A41F63C62114491ED001A20EE010A46
:102590009DED221AB6EE002A20EE020A30EE010A64
:1025A0008DED220A9DED220AFEF71EFA1998FEF71C
:1025B000FDF91D9919988DED230A9DED210A41F62B
:1025C0003462114491ED001A20EE011A40F2B81164
:1025D000C2F2000191ED002A9DED230A21EE021ABC
:1025E00030EE410A8DED230A9DED230AFEF7E8F94E
:1025F0001998FEF7C7F901461A9120B1FFE71A981A
:1026000001280FD050E043F22071C2F200010020F7
:10261000087040F2B811C2F200010020C4F240007C
:10262000086041E043F22070C2F200000078F0B987
:10263000FFE71D9843F22072C2F2000201211170DF
:1026400000F6CC70179004F099FA17988DED180ADF
:1026500004F084F9B0EE401A9DED180A30EE410AFC
:1026600043F21C70C2F2000080ED000AFFE71D98E3
:1026700040F2B812C2F200024FF07E51116000F633
:10268000C8301690FEF792F9169843F21C71C2F208
:10269000000191ED001A30EE010A8DED240A9DED46
:1026A000240AFEF7C9F9FFE71D9800F69410FDF71C
:1026B000C7FB062812D1FFE71D9800F6C830159019
:1026C0000221FEF7A3F91D98D0F8C80F0421FEF7E8
:1026D000F5FD15980121FEF75DF90BE01D9800F658
:1026E000C83014900121FEF791F914980021FEF7EB
:1026F00051F9FFE784E21D9800F092FF012840F0B5
:102700007E82FFE71D9800F063FF1D9800F6C83039
:10271000FEF738F90146139120B1FFE7139801281D
:102720006FD04DE21D9843F21872C2F200020021F0
:10273000117040F2B812C2F2000211924FF08041C3
:10274000116000F6C8301290FEF730F91199129816
:102750001D9A8DED230A41F67063134493ED000A30
:1027600041F654631A4492ED001A20EE010A91EDED
:10277000002A9DED231A20EE020A30EE010A8DEDAB
:10278000230A9DED230AFEF71BF91298FEF722F9A2
:1027900012981D998DED220A41F674620A4492ED59
:1027A000000A41F65C62114491ED002A9DED221A67
:1027B00020EE020A30EE010A8DED220A9DED220A7A
:1027C000FEF712F91D9800F69410FDF793FC02280D
:1027D00010D1FFE71D989DED230A9FED331A30EECF
:1027E000010A8DED230A00F6C8309DED230AFEF79D
:1027F000E7F8FFE71D9800F6C8300121FEF706F95B
:10280000DEE143F21870C2F200000078F0B9FFE791
:102810001D9843F21872C2F200020121117000F6F5
:10282000CC700F9004F0AAF90F988DED100A04F007
:1028300095F8B0EE401A9DED100A30EE410A43F2D1
:102840001470C2F2000080ED000AFFE71D9840F20C
:10285000B812C2F200024FF07E51116000F6C8308B
:102860000E90FEF7A3F80E9843F21471C2F2000125
:1028700091ED001A30EE010A8DED240A9DED240A37
:10288000FEF7DAF81D9800F69410FDF71DFD0128FB
:1028900052D0FFE71D9800F69410FDF725FD0128A2
:1028A0004AD003E000000000000034431D9800F609
:1028B000C8300D90FEF77AF81D990D988DED230A1A
:1028C00041F670620A4492ED000A41F654621144E6
:1028D00091ED001A20EE010A40F2B811C2F2000197
:1028E00091ED002A9DED231A20EE020A30EE010A36
:1028F0008DED230A9DED230AFEF762F80D98FEF791
:1029000069F81D990D988DED220A41F674620A440A
:1029100092ED000A41F65C62114491ED002A9DEDB2
:10292000221A20EE020A30EE010A8DED220A9DEDF8
:10293000220AFEF759F8FFE71D9800F69410FDF7FC
:10294000C3FC012843D1FFE71D9800F6CC20FEF719
:1029500019FF01283BD1FFE71D9800F6C8310C9103
:1029600000F6CC200A90FEF773FD0C988DED090A55
:10297000FEF780F80C98B0EE401A9DED090A30EE93
:10298000010AFEF759F80A98FEF784FD0C988DEDC0
:102990000B0AFEF75BF80C98B0EE401A9DED0B0A9F
:1029A00030EE010AFEF720F80C98FEF73BF80C9881
:1029B00043F21471C2F2000191ED001A30EE410AA7
:1029C000FDF7FEFF0C980221FEF720F8FFE71D98A7
:1029D00000F69410FDF788FC012840F0BF80FFE767
:1029E0001D9800211F911E9100F69410FDF772FBB7
:1029F000012822D1FFE71D9800F6C8300890FEF7A5
:102A000011F81D9908988DED1F0A41F6586211447E
:102A100091ED000A40F2BC01C2F2000191ED002AE2
:102A20009DED1F1A20EE020A30EE010A8DED1F0AFD
:102A30009DED1F0AFEF700F87EE01D9800F6941049
:102A4000FDF760FB012822D1FFE71D9800F6C83092
:102A50000790FDF7E7FF1D9907988DED1F0A41F6D6
:102A60005862114491ED001A40F2BC01C2F200011B
:102A700091ED002A9DED1F0A21EE021A30EE410A67
:102A80008DED1F0A9DED1F0AFDF7D6FF53E01D983F
:102A900000F69410FDF776FB012821D1FFE71D9881
:102AA00000F6C8300690FDF795FF1D9906988DED4C
:102AB0001E0A01F5F35191ED001A40F2B801C2F27D
:102AC000000191ED002A9DED1E0A21EE021A30EE62
:102AD000410A8DED1E0A9DED1E0AFDF785FF29E0D6
:102AE0001D9800F69410FDF73DFB012821D1FFE76A
:102AF0001D9800F6C8300590FDF76CFF1D990598EC
:102B00008DED1E0A01F5F35191ED000A40F2B80176
:102B1000C2F2000191ED002A9DED1E1A20EE020A7C
:102B200030EE010A8DED1E0A9DED1E0AFDF75CFFD9
:102B3000FFE7FFE7FFE7FFE71D9800F6C8300490C6
:102B4000FDF770FF049843F21471C2F2000191ED99
:102B5000001A30EE410AFDF733FFFFE71D9800F63B
:102B60009410FDF7C7FA022823D1FFE71D9800F65D
:102B7000C830019000210391FDF70CFF0198B9EED8
:102B8000020AFDF731FF1D9800F5D2500290BAEE0F
:102B9000040AFDF7CFFD0298B1EE040AFDF7DCFD53
:102BA0001D99039841F6FF52885441F6FE5288540D
:102BB000FFE71D9800F6C8300121FDF727FFFFE76A
:102BC0001D9800F69410FDF7EDFA022816D1FFE7E4
:102BD0001D9800F6C830FDF7D5FE38B9FFE71D98FF
:102BE00000F6C8300121FDF7D5FE06E01D9800F67D
:102BF000C8300021FDF7CEFEFFE7FFE7FFE7FFE764
:102C00001D9800F5FB6003F0CFFC012801D1FFE720
:102C1000FFE726B080BD000080B596B015901598EE
:102C2000149000F0FDFC00287DD1FFE7149800F619
:102C30009410FDF715F9002867D1FFE7149841F2C9
:102C400078310844129001211391FEF7ABFE1298DF
:102C50001399FEF7BBFE149800F69410FDF7D2FC12
:102C600010EE100A06F0ACFC41EC100B9FEDA01B1F
:102C700053EC112B51EC100B06F0E2FCD8B9FFE736
:102C8000149800F69410FDF7BDFC10EE100A06F043
:102C900097FC41EC100B9FED981B53EC112B51EC62
:102CA000100B06F0D4FC30B9FFE7149941F68862A6
:102CB0000020885428E0149800F69410FDF7A2FC38
:102CC00010EE100A06F07CFC41EC100B9FED8C1B03
:102CD00053EC112B51EC100B06F0B9FC98B9FFE73F
:102CE000149841F68861405C68B9FFE7149841F296
:102CF000783108440221FEF755FE149941F68862A6
:102D000001208854FFE7FFE70CE0149841F2783186
:102D1000084411900121FEF745FE11980021FEF7AD
:102D200055FEFFE78BE0149800F07AFC012840F094
:102D30008580FFE7149800F69410FDF73BFA02280F
:102D400051D1FFE7149841F2783101440E9100F51A
:102D5000AD5002F075FF0F900028109002D50F982B
:102D6000404210900E98109900EE101AB8EEC00A6A
:102D70008DED0D0AFEF740FEB0EE401A9DED0D0AF6
:102D8000B4EE410AF1EE10FA2DDDFFE7149841F29E
:102D9000783101440A9141F2D871084402F050FFA1
:102DA0000B9000280C9002D50B9840420C900A988A
:102DB0000C9900EE101AB8EEC00A8DED090AFEF764
:102DC0001BFEB0EE401A9DED090AB4EE410AF1EE89
:102DD00010FA08DDFFE7149841F278310844022127
:102DE000FEF7E0FD07E0149841F278310844012134
:102DF000FEF7D8FDFFE7149800F69410FDF76CFA83
:102E000002281AD1FFE7149841F278310844FEF7FE
:102E1000D5FD012808D1FFE7149841F27831084424
:102E20000021FEF7D3FD07E0149841F27831084401
:102E30000121FEF7CBFDFFE7FFE7FFE7FFE714986F
:102E400041F278310144069100F5AD5002F0F8FEF0
:102E500007900028089002D50798404208900698ED
:102E6000089900EE101AB8EEC00A8DED050AFEF7BB
:102E7000C3FDB0EE401A9DED050AB4EE410AF1EE35
:102E800010FA2BDDFFE7149841F2783101440291EA
:102E900041F2D871084402F0D3FE03900028049058
:102EA00002D50398404204900298049900EE101A4B
:102EB000B8EEC00A8DED010AFEF79EFDB0EE401A95
:102EC0009DED010AB4EE410AF1EE10FA06DDFFE7CE
:102ED000149941F6F3520120885405E0149941F603
:102EE000F35200208854FFE716B080BD00BF00BF3A
:102EF0009A9999999999C93F9A9999999999C9BF14
:102F00009A9999999999E93F80B59CB01B901B9823
:102F10001390002118911791169100F081FB002861
:102F200040F0D680FFE7139800F69410FCF764FE9B
:102F3000FBF77EFE139841F61061084490ED001AED
:102F4000B4EE410AF1EE10FA08DDFFE7139800F63F
:102F50009410FCF751FE8DED120A04E09FEDD30AA8
:102F60008DED120AFFE713989DED120A8DED1A0AF6
:102F700000F69410FCF748FEFBF75AFE139841F652
:102F80001061084490ED001AB4EE410AF1EE10FA17
:102F900008DDFFE7139800F69410FCF735FE8DED81
:102FA000110A04E09FEDC10A8DED110AFFE79DEDC6
:102FB000110A8DED190A9DED1A0A8DED0A0A9DED93
:102FC000190A20EE000AB0EE001A8DED0C1A80EE00
:102FD000011AB7EE000A8DED0D0A30EE410A04F039
:102FE00089FE1398B0EE401A9DED0A0A20EE010A00
:102FF0008DED0B0A00F5FB600E9003F0A1FA9DED3C
:103000000B1A9DED0C2AB0EE403A9DED0D0A21EE13
:10301000031A8DED181A9DED191A8DED0F1A9DEDFD
:103020001A1A21EE011A81EE021A30EE410A04F05A
:1030300061FE0E98B0EE401A9DED0F0A20EE010AD7
:103040008DED100A03F084FA1398B0EE401A9DED4E
:10305000100A20EE010A8DED170A00F69410FCF715
:10306000EFFE032807D1FFE7139800F5FB6001216D
:1030700003F0A2FAFFE7139800F69410FCF7E0FEC5
:10308000B0B9FFE7139800F5FB60022103F094FA52
:10309000139800F69410FCF7E3FE062807D1FFE72B
:1030A000139800F5FB60032103F086FAFFE7FFE7C2
:1030B000139800F69410FCF7C3FE062807D1FFE72B
:1030C000139800F5FB60002103F076FAFFE754E265
:1030D000139800F0A5FA012840F04E82FFE71398FC
:1030E00000F69410FDF736F8012806D1FFE7139992
:1030F00041F6F9520120885405E0139941F6F9523E
:1031000000208854FFE7139800F6C830FDF73AFC1A
:1031100001460991002800F0F480FFE70998012892
:1031200040F0AC81FFE7139843F22172C2F2000233
:103130000021117000F5FB6003F03EFA139800F6D1
:103140009410FDF7C1F8012840F0DA80FFE71398EA
:1031500000F6CC20FEF716FB01460891002800F08F
:10316000CD80FFE70898012840F0C980FFE7139859
:1031700000211591149100F69410FCF7ABFF012883
:1031800022D1FFE7139800F6C8300790FDF772FCD4
:10319000139907988DED150A41F65862114491ED87
:1031A000000A40F2BC01C2F2000191ED002A9DED3F
:1031B000151A20EE020A30EE010A8DED150A9DED7A
:1031C000150AFDF761FC98E0139800F69410FCF7DF
:1031D00099FF012822D1FFE7139800F6C830069026
:1031E000FDF748FC139906988DED150A41F65862D3
:1031F000114491ED001A40F2BC01C2F2000191EDC0
:10320000002A9DED150A21EE021A30EE410A8DEDDD
:10321000150A9DED150AFDF737FC6DE0139800F6D1
:103220009410FCF777FF02280ED1FFE7139800F601
:10323000C83005909DED150AFDF726FC05989DED1B
:10324000140AFDF70DFC56E0139800F69410FCF7F5
:1032500099FF012821D1FFE7139800F6C8300490A8
:10326000FDF7F4FB139904988DED140A01F5F35161
:1032700091ED001A40F2B801C2F2000191ED002A6E
:103280009DED140A21EE021A30EE410A8DED140A6A
:103290009DED140AFDF7E4FB2CE0139800F6941062
:1032A000FCF760FF012824D102E000BF000000000D
:1032B000139800F6C8300390FDF7C8FB13990398E4
:1032C0008DED140A01F5F35191ED000A40F2B801B9
:1032D000C2F2000191ED002A9DED141A20EE020ABF
:1032E00030EE010A8DED140A9DED140AFDF7B8FBCE
:1032F000FFE7FFE7FFE7FFE7FFE700E0FFE7FFE7A4
:10330000BCE043F22170C2F20000007860B9FFE730
:10331000139843F22172C2F200020121117000F5EC
:10332000FB6003F049F9FFE7139800F69410FCF7EF
:10333000DBFF01280FD1FFE7139941F618624FF028
:103340007E50885041F6F1520120885441F6F452E3
:10335000002088540EE0139941F618624FF0804027
:10336000885041F6F1520020885441F6F452012071
:103370008854FFE7139800F69410FCF7ABFE012881
:1033800012D1FFE7139800F5FB6003F0D9F813980A
:10339000B1EE400A41F61861084490ED001A80EE43
:1033A000010A8DED180AFFE7139800F69410FCF758
:1033B000A9FE012810D1FFE7139800F5FB6003F088
:1033C000BFF8139841F61861084490ED001A80EE9A
:1033D000010A8DED180AFFE7139800F69410FCF728
:1033E000D1FE012810D1FFE7139800F5FB6003F030
:1033F000AFF8139841F61861084490ED001A80EE7A
:10340000010A8DED170AFFE7139800F69410FCF7F8
:10341000A9FE012812D1FFE7139800F5FB6003F025
:1034200097F81398B1EE400A41F61861084490ED00
:10343000001A80EE010A8DED170AFFE7139800F6D7
:103440009410FCF767FE022817D1FFE7139800F5E8
:10345000FB6003F0A9F8012807D1FFE7139800F5F6
:10346000FB60022103F0A8F806E0139800F5FB606A
:10347000012103F0A1F8FFE7FFE7FFE7139800F64B
:103480009410FCF757FE02281BD1FFE7139841F672
:10349000F651405C30B9FFE7139941F6F65201202E
:1034A000885405E0139941F6F65200208854FFE74E
:1034B000139901F6CC2041F6F652895CFDF7D0FF56
:1034C000FFE7139800F69410FCF764FE022852D12F
:1034D000FFE7139841F6F651405C0146029120B196
:1034E000FFE70298012814D03CE0139841F6F75109
:1034F000405C012806D0FFE7139941F6F7520120FE
:10350000885405E0139941F6F75200208854FFE7EC
:1035100028E0139841F6F751405C30B9FFE7139962
:1035200041F6F752012088541BE0139841F6F751F9
:10353000405C012806D1FFE7139941F6F7520220BB
:1035400088540DE0139841F6F751405C022806D1EB
:10355000FFE7139941F6F75200208854FFE7FFE791
:10356000FFE7FFE7139901F6CC2041F6F752895C9B
:10357000FEF710F9FFE7FFE7FFE7139800F5FB60A0
:1035800001909DED180A02F0FBFF01989DED170ACE
:1035900003F000F801989DED160A02F0C7FF1CB079
:1035A00080BD000080B582B001900198009000F0CD
:1035B0003FF80098FFF7A8FC0098FEF783FF0098FB
:1035C000FFF72AFB0098FEF749FE02B080BD00001D
:1035D00080B584B003900398029000F69410019097
:1035E000FCF71AFB01980299B1EE400A41F67062AD
:1035F000114481ED000AFCF717FB01980299B1EE26
:10360000400A41F67462114481ED000AFCF714FB94
:10361000029841F67861084480ED000A04B080BD4C
:1036200081B00090009841F68961405C01B070471C
:1036300080B582B001900198009000F69410FCF7DC
:10364000DBFAB5EE400AF1EE10FA21D1FFE700985F
:1036500000F69410FCF7D8FAB5EE400AF1EE10FA35
:1036600016D1FFE7009800F69410FCF7EDFAB5EEDE
:10367000400AF1EE10FA0BD1FFE7009800F6941023
:10368000FCF7EAFAB5EE400AF1EE10FA06D0FFE7D1
:10369000009941F689620020885497E0009800F66E
:1036A0009410FCF7B9FAB5EE400AF1EE10FA40F0CA
:1036B0008680FFE7009800F69410FCF7B5FAB5EEA7
:1036C000400AF1EE10FA7AD1FFE7009800F6941064
:1036D000FCF7B2FAB5EE400AF1EE10FA6FD1FFE74F
:1036E000009800F69410FCF7F5FC002867D1FFE77E
:1036F000009800F69410FCF705FD00285FD1FFE765
:10370000009800F69410FCF73DFD002857D1FFE724
:10371000009800F69410FCF725FD00284FD1FFE734
:10372000009800F69410FCF7DFFD002847D1FFE772
:10373000009800F69410FCF7CFFD00283FD1FFE77A
:10374000009800F69410FCF7FDFCC0BBFFE7009862
:1037500000F69410FCF7DEFC88BBFFE7009800F64B
:103760009410FCF7F7FC50BBFFE7009800F69410AC
:10377000FCF7D8FC18BBFFE7009800F69410FCF7A4
:10378000D9FCE0B9FFE7009800F69410FCF70AFDB9
:10379000A8B9FFE7009800F69410FCF7ABFC70B9ED
:1037A000FFE7009800F69410FCF7E4FC38B9FFE757
:1037B000009800F69410FCF795FC30B1FFE70099F3
:1037C00041F6896201208854FFE7FFE702B080BD1F
:1037D00081B00090009841F68661405C01B070476E
:1037E00082B001908DF8031001999DF8030041F615
:1037F0008662885402B0704781B00090009841F60C
:103800008561405C01B0704782B001908DF8031073
:1038100001999DF8030041F68562885402B0704713
:1038200010B594B00FA90891139013980A90002135
:103830000B9111911091ADF83A10ADF83810ADF828
:10384000361000F6CC20FDF79DFF01460A9841F6A0
:10385000F5520192815400F5FB60049002F080FE65
:103860000498089981ED020A02F082FE0A980899EC
:1038700081ED010A00F6C831009141F2142108449B
:1038800003F058FA0498089981ED000A02F08CFEC2
:10389000014600988DF83510FDF774F80A9B0899D9
:1038A000DDF804E00246049841F6F25C03F80C20CF
:1038B00041F6F9529A5CD20113F80EE042EA8E12F8
:1038C00041F6F45E13F80EE042EA4E1241F6F35E62
:1038D00013F80EE042EA0E1213F80CC042EACC02D2
:1038E00041F6F05C13F80C3042EA83029DF8353063
:1038F0001A438DF84B2091ED020A8DED030A02F078
:103900001FFE0498B0EE401A9FED3B0A8DED050AAC
:1039100030EE410A8DED020A02F012FEDDED020AE0
:103920000B98B0EE401A9DED030A47F6FF7109911E
:10393000F9F74CFB089902460498ADF83A2040F29A
:103940009423C2F200030C93BDF83A201A8091ED43
:10395000010A8DED070A02F0FBFD0498B0EE401A53
:103960009DED050A30EE410A8DED060A02F0F0FDEC
:10397000DDED060A0B980999B0EE401A9DED070A95
:10398000F9F724FB089A0999DDF830C0DDF828E042
:1039900003460B98ADF83830BDF83830ACF802303B
:1039A00041F6F8531EF80330DB0041F6F7541EF8D9
:1039B000044043EA440341F6F6541EF804E043EAA7
:1039C0000E038DF84A309DF84A308CF8043092EDA1
:1039D000000ADFED0A0A9FED0A1AF9F7F7FA0C99C7
:1039E000ADF83600BDF83600A1F805009DF84B0093
:1039F000C87114B010BD00BF00000080000048C2B4
:103A00000000484280B584B003900398019000F60E
:103A1000C8300290FDF742F8019841F2783108442D
:103A2000FDF7F4FF0298FCF7ADFF012807D1FFE78F
:103A3000019800F6CC200121FDF7C2FE06E00198B6
:103A400000F6CC200021FDF7BBFEFFE7019800F651
:103A5000CC21009100F6CC7003F090F80098FDF7AF
:103A6000A5FE0098FDF7B8FE0198FFF7D9FE04B057
:103A700080BD000080B584B003900398019043F2AC
:103A80002370C2F200000178013101700078322801
:103A900063D1FFE743F22270C2F2000001780131E6
:103AA0000170007849F69912C1F699124CF6CD4191
:103AB000CCF6CC4100FB0120B0F1333F14D2FFE73C
:103AC000019800F0FBF8019800F69410FCF77CFCDC
:103AD000019800F64420FCF7F5FD43F22271C2F292
:103AE000000100200870FFE7019800F6C83100913E
:103AF00041F21421084401F0DFFE019800F6CC7079
:103B000002F036FC009803F067FD019841F2844111
:103B1000084402F057F900200290FFE702980328BA
:103B20000FDCFFE7019A02984FF48E7100FB012031
:103B300000F5AD5002F046F9FFE70298013002901F
:103B4000ECE7019800F6CC20FDF752FE43F223711A
:103B5000C2F2000100200870FFE704B080BD000041
:103B600080B584B003900398019041F69C510844BD
:103B700003F000FA0146029120B1FFE70298012804
:103B800010D029E046F2F030C2F20000406C40B1A3
:103B9000FFE7019841F69C510844012103F0D0F958
:103BA000FFE719E046F2F030C2F200000090F2F7B1
:103BB00051FC009841F64061C2F20001B1F80424C2
:103BC00001F50171F2F7FCFA019841F69C510844A5
:103BD000002103F0B5F9FFE704B080BD80B588B0DF
:103BE00007908DED060A0799049141F6EC400844D0
:103BF0004165052101910022029203F0C3F9019968
:103C0000029A049B41F644501844436503F0BAF904
:103C1000029A049841F69C510844022103F0B2F93B
:103C2000049800F6941046F2A831C2F2000146F260
:103C3000F032C2F20002FCF70DFC0498069941F63E
:103C40001062815000F5D250FCF790FD049800F509
:103C5000FB60F1EE040AB2EE001AF6EE001AB0EEC6
:103C6000600A02F0B5FC049800F6C8300390FCF737
:103C700033FF049901F6CC200590C1F8C80F41F23A
:103C800078300844C0F80811FEF750F8059840F263
:103C9000C831C2F200015A220123FDF7E5FD039A63
:103CA00004990598C1F8CC2AC1F8D01A45F6B80194
:103CB000C2F20001FDF7EAFD08B080BD82B00190BC
:103CC0000199009141F67C6008584FF4F4528958EC
:103CD000884206D1FFE7009941F6846200208854AB
:103CE00005E0009941F6846201208854FFE70099BD
:103CF00041F67C6008584FF4F452885002B0704787
:103D000080B582B001900198009000F03BF90098D6
:103D100000F5FB6002F0A4FC009800F69410FCF79C
:103D2000B3FC009800F64420FCF7E8FC009800F68D
:103D3000CC20FDF7FFFD009800F6C830FDF7DCF859
:103D4000009841F278310844FEF726FA009800F511
:103D5000D250FCF7C7FD009841F6EC41084402F050
:103D6000BFFD009841F64451084402F0CDFD009893
:103D700041F69C51084403F035F9009841F6F052A1
:103D80000021815441F6F152815441F6F25281549E
:103D900041F6F352815441F6F4530122C25441F6E4
:103DA000F553C15441F6F653C15441F6F753C1548B
:103DB00041F6F853C15441F6F953C15441F6FA5350
:103DC000C15441F6FB53C15441F6FC53C15441F672
:103DD000FD53C15441F6FE53C15441F6FF53C15443
:103DE0004FF4F053C15041F60463C15041F60863EB
:103DF000C15440F25023C2F2000341F60C6C40F86B
:103E00000C3041F6186C4FF0804340F80C3041F60E
:103E10001C6C40F80C304FF4F15C4FF4C87320F880
:103E20000C3041F6246C41F26F23C3F6832340F833
:103E30000C3041F6286C40F80C3041F62C6C4DF2F9
:103E40000A73C3F6234340F80C3041F6306C40F857
:103E50000C3041F6346C46F26763C3F6667340F883
:103E60000C3041F6386C40F80C3041F63C6C43F6AF
:103E70007153C3F60A7340F80C304FF4F25C40F80B
:103E80000C3041F6446C46F66323C3F61A4340F8FF
:103E90000C3041F6486C40F80C3041F64C6C40F860
:103EA0000C3041F6506C40F80C3041F6546C43F243
:103EB0003333C4F2673340F80C3041F6586C40F8A5
:103EC0000C3041F65C6E43F2333CC4F2E72C40F810
:103ED0000EC04FF4F35C40F80C3041F6646C49F6C8
:103EE000A633C3F6443340F80C3041F6686C40F812
:103EF0000C3041F66C63C15241F66E63C15241F61B
:103F00007C63C1504FF4F453C15041F68463C154F3
:103F100041F68563C25441F68663C25441F6876315
:103F2000C25441F68862815441F68962022181546B
:103F300041F68A62815402B080BD000082B00190D7
:103F40008DF8031001999DF8030081F85D0002B01F
:103F50007047000082B001908DF8031001999DF820
:103F60000320487D00F00F0040EA0210487502B0BF
:103F70007047000081B00090009890F85D0001B09B
:103F80007047000080B586B00490049801900590B9
:103F900000214171052282710222C2710272C16048
:103FA00001610175CE3002F0BBFF0198D63002F0FE
:103FB00097FF0198EB3002F09BFF019800F20F1081
:103FC00002F09EFF019800F5B07002F0A1FF019988
:103FD00001F2CF1001F2C97102910390FFE703983B
:103FE000009002F0A5FF0098029A00F13301084604
:103FF00091420390F3D1FFE7059806B080BD000021
:1040000080B584B0039002918DED010A0398009071
:104010000298006846F20041C4F20001884207D1CC
:10402000FFE7009940F25020C2F20000C86510E09E
:104030000298006846F60001C4F20001884207D1E8
:10404000FFE7009940F29C20C2F20000C865FFE73C
:10405000FFE700980199C0F89E1040F2D021C2F20B
:104060000001416608300221002202F08BFF04B0FB
:1040700080BD000080B582B001900198009044F2AC
:104080000001C4F29C614160083002F0ABFF00986F
:1040900000210167416780F8801080F881100222BA
:1040A00080F8822080F8831080F88410C0F8A41073
:1040B000C0F8A810C0F8AC10C0F8B010C0F8B41028
:1040C00002B080BD81B00090009940F2C000C2F201
:1040D000000002684DF68363C4F21B33A2FB033277
:1040E000920C8A71006844F6D352C1F26202A0FBBE
:1040F00002208009886001B07047000080B584B05C
:10410000039002910398019000F0A2FE30B1FFE706
:104110000199087940F08000087108E0019800F0EA
:104120001DFA01990246087910430871FFE70198CA
:1041300000F0ECFD30B1FFE70199087940F0400054
:10414000087108E0019800F073F9019902460879B6
:1041500010430871FFE70198407928B1FFE7019803
:10416000029900F091FA26E0029944F69C50C3F6B9
:104170007C204862029942F6F050CBF68930886282
:1041800002994FF25B10CBF6EA20C862029949F619
:104190007A00C4F21B100863029890ED0C1A9FED90
:1041A000080A80EE010A80ED080A02990020C4F294
:1041B00020208861FFE70198007904B080BD00BF2E
:1041C000C3F51C4180B586B0059004910598029016
:1041D00043F22672C2F2000203921221062300F07B
:1041E000E5FF0298039A1178537841EA032143F2DC
:1041F0002473C2F200031980B3F9001000EE101A04
:10420000B8EEC00A40F20001C2F2000191ED001ABE
:1042100020EE010ADDF810C08CED000A92F802C011
:1042200092F803E04CEA0E2CA3F800C0B3F900C0EA
:1042300000EE10CAB8EEC00A91ED001A20EE010A95
:10424000DDF810C08CED010A92F804C092F805E088
:104250004CEA0E2CA3F800C0B3F9003000EE103A7F
:10426000B8EEC00A91ED001A20EE010A049981ED22
:10427000020A0021082300F063FF039800780F284A
:1042800040F09B80FFE702984079002850D0FFE77C
:1042900043F22673C2F200039878D97840EA0120ED
:1042A00043F22471C2F200010880B1F9000000EE6F
:1042B000100AB8EEC00A40F20400C2F2000090ED0D
:1042C000002A049A92ED091A20EE020A30EE410A01
:1042D00082ED030A1A7993F805C042EA0C220A809B
:1042E000B1F9002000EE102AB8EEC00A90ED002AC5
:1042F000049A92ED0A1A20EE020A30EE410A82ED8B
:10430000040A9A79DB7942EA03220A80B1F90010A3
:1043100000EE101AB8EEC00A90ED002A049890ED55
:104320000B1A20EE020A30EE410A80ED050A43E046
:1043300043F22673C2F200039878D97840EA01204C
:1043400043F22471C2F200010880B1F9000000EECE
:10435000100AB8EEC00A40F20400C2F2000090ED6C
:10436000001A20EE010A049A82ED030A1A7993F8E2
:1043700005C042EA0C220A80B1F9002000EE102AA2
:10438000B8EEC00A90ED001A20EE010A049A82ED00
:10439000040A9A79DB7942EA03220A80B1F9001013
:1043A00000EE101AB8EEC00A90ED001A20EE010AD5
:1043B000049880ED050AFFE7FFE7029843F22672B2
:1043C000C2F2000201922221022300F0EFFE0199C5
:1043D00008784978C00040EA511143F22470C2F2D3
:1043E00000000180B0F90000B0F5806F09DBFFE745
:1043F00043F22471C2F200010888A0F50060088031
:10440000FFE743F22470C2F20000B0F9000000EEB2
:10441000100AB8EEC00AB4EE001A20EE010AB3EE9C
:10442000071A30EE010A049880ED070A06B080BD35
:1044300080B58AB0089008980590002103918DF806
:104440001F108DF81E100DF11E02049200F0E8FE00
:1044500005989621069101F019F80399049A059898
:1044600000F0DEFE0598069901F010F80598142179
:10447000B62200F025FF0598502100F0BDFF0399FA
:10448000049A059800F0CCFE0598069900F0FEFF0E
:104490000399049A059800F0C3FE0598069900F068
:1044A000F5FF9DF81E000F2804D0FFE7FF208DF8D0
:1044B00027004FE000208DF81F00FFE79DF81F0048
:1044C000052843DCFFE705989DF81F1001EB410329
:1044D00040F29411C2F200010291CA18C95C5278EC
:1044E00000F0EEFE05989621019100F0CFFF0598AF
:1044F00002999DF81F2002EB4202895C0DF11E0219
:1045000000F08EFE0598019900F0C0FF02999DF819
:104510001E009DF81F2002EB420211444978884298
:104520000DD0FFE79DF81F0000EB400140F2941012
:10453000C2F20000084480788DF827000AE0FFE707
:104540009DF81F0001308DF81F00B7E700208DF89F
:104550002700FFE79DF827000AB080BD80B58AB02C
:10456000089008980590002103918DF81F108DF890
:104570001E100DF11F02049200F078FE059896219E
:10458000069100F083FF0399049A059800F06EFEEF
:104590000598069900F07AFF05987E21B62200F072
:1045A000B1FE0598502100F027FF0399049A059861
:1045B00000F05CFE0598069900F068FF0399049AE4
:1045C000059800F053FE0598069900F05FFF9DF8EE
:1045D0001F001E2804D0FFE7FF208DF827004FE0C2
:1045E00000208DF81E00FFE79DF81E00052843DC23
:1045F000FFE705989DF81E1001EB410340F2A6115C
:10460000C2F200010291CA18C95C527800F07AFE29
:1046100005989621019100F039FF059802999DF8BF
:104620001E2002EB4202895C0DF11F0200F01EFE0B
:104630000598019900F02AFF02999DF81F009DF846
:104640001E2002EB42021144497888420DD0FFE758
:104650009DF81E0000EB400140F2A610C2F20000DF
:10466000084480788DF827000AE0FFE79DF81E00D7
:1046700001308DF81E00B7E700208DF82700FFE716
:104680009DF827000AB080BD80B594B006AA0292BA
:104690001390129113980390002011901090F8F746
:1046A000EDFB43F23070C2F2000080ED000AFFE73C
:1046B000F8F7E4FB43F23070C2F2000090ED001A0C
:1046C00030EE410AB2EE041AB4EE410AF1EE10FAED
:1046D0001EDDFFE7129944F69C50C3F67C20486229
:1046E000129942F6F050CBF68930886212994FF257
:1046F0005B10CBF6EA20C862129949F67A00C4F240
:104700001B10086312990020C4F220208861E7E2A0
:104710009FEDE60AFAF7E8FA129900200863129969
:104720004862129988621299C862ADF81600FFE7D4
:10473000BDF8160040F2BC11C2F20001098888429F
:1047400080F2DE81FFE70398122110AA019206236E
:1047500000F02CFD9DF840009DF8411040EA01203A
:10476000ADF83E00BDF93E0000EE100AB8EEC00AFA
:1047700040F20000C2F2000090ED001A20EE010AA3
:10478000129981ED000A9DF842109DF8432041EAFC
:104790000221ADF83E10BDF93E1000EE101AB8EE41
:1047A000C00A90ED001A20EE010A129981ED010A6B
:1047B0009DF844109DF8452041EA0221ADF83E10D5
:1047C000BDF93E1000EE101AB8EEC00A90ED001AC6
:1047D00020EE010A129880ED020A129890ED001A5C
:1047E00090ED012A90ED020A22EE022A21EE011A32
:1047F00031EE021A20EE000A30EE010A04F0BCFC91
:1048000002990398019A81ED020A91ED021A129918
:1048100091ED0C0A30EE010A81ED0C0A002108230B
:1048200000F08EFC9DF840000F285FD1FFE79DF857
:1048300042009DF8431040EA0120ADF83E00BDF96A
:104840003E0000EE100AB8EEC00A40F20400C2F2C8
:10485000000090ED001A20EE010A129981ED030A82
:10486000129991ED031A91ED090A30EE010A81EDDA
:10487000090A9DF844109DF8452041EA0221ADF84F
:104880003E10BDF93E1000EE101AB8EEC00A90EDD1
:10489000001A20EE010A129981ED040A129991ED95
:1048A000041A91ED0A0A30EE010A81ED0A0A9DF818
:1048B00046109DF8472041EA0221ADF83E10BDF9AF
:1048C0003E1000EE101AB8EEC00A90ED001A20EE6D
:1048D000010A129880ED050A129890ED051A90EDE4
:1048E0000B0A30EE010A80ED0B0AFFE7BDF8160057
:1048F00038BBFFE7089807900898069000208DF8CD
:104900001500FFE79DF81500022819DCFFE7129853
:104910009DF8152000EB8200C0680CA941F8220028
:1049200012989DF8152000EB8200C06809A941F893
:104930002200FFE79DF8150001308DF81500E1E732
:1049400064E0029890ED020A90ED011AB4EE410A7B
:10495000F1EE10FA03DDFFE708980790FFE70298F1
:1049600090ED020A90ED001AB4EE410AF1EE10FA51
:1049700003DAFFE708980690FFE700208DF814009F
:10498000FFE79DF8140002283FDCFFE712989DF82E
:10499000141000EB810090ED030A0CA800EB8100DD
:1049A00090ED001AB4EE410AF1EE10FA0ADDFFE7CD
:1049B00012989DF8142000EB8200C0680CA941F801
:1049C0002200FFE712989DF8141000EB810090ED93
:1049D000030A09A800EB810090ED001AB4EE410A29
:1049E000F1EE10FA0ADAFFE712989DF8142000EBB6
:1049F0008200C06809A941F82200FFE7FFE79DF89F
:104A0000140001308DF81400BBE7FFE7029890ED29
:104A1000010A90ED001A30EE410A45F2CC50C2F284
:104A2000000080ED000A00208DF81300FFE79DF8DC
:104A3000130002281DDCFFE79DF813100CA800EB03
:104A4000810090ED000A09A800EB810090ED001AAA
:104A500030EE410A45F2D050C2F2000000EB810076
:104A600080ED000AFFE79DF8130001308DF8130078
:104A7000DDE745F2CC50C2F2000090ED000AB6EE40
:104A8000001AB4EE410AF1EE10FA2DDCFFE745F210
:104A9000D050C2F2000090ED000A9FED971AB4EEDC
:104AA000410AF1EE10FA1FDC02E000BF0AD7A33B77
:104AB00045F2D050C2F2000090ED010A9FED8E1A2F
:104AC000B4EE410AF1EE10FA0EDCFFE745F2D050E9
:104AD000C2F2000090ED020A9FED871AB4EE410A7F
:104AE000F1EE10FA01DDFFE70AE09FED840AFAF724
:104AF000FBF8FFE7BDF816000130ADF8160017E629
:104B000040F2BC10C2F20000008800EE100AB8EEBD
:104B1000401A129890ED0C0A80EE010A80ED0C0A02
:104B200000208DF81200FFE79DF8120002281BDC20
:104B3000FFE740F2BC10C2F20000008800EE100A4D
:104B4000B8EE401A12989DF8121000EB810090ED1B
:104B5000090A80EE010A80ED090AFFE79DF81200BC
:104B600001308DF81200DFE70398222110AA0223FA
:104B700000F01CFB9DF840009DF84110C00040EA89
:104B80005110ADF83E00BDF93E00B0F5806F07DB77
:104B9000FFE7BDF83E00A0F50060ADF83E00FFE77E
:104BA000BDF93E0000EE100AB8EEC00AB4EE001ADD
:104BB00020EE010AB3EE071A30EE010A129880EDDA
:104BC000060A43F23671C2F20001088801300880FB
:104BD000FFE745F2CC50C2F2000090ED000A012040
:104BE000B6EE001AB4EE410AF1EE10FA009071DC54
:104BF000FFE7129890ED0C0A9FED411A30EE010A82
:104C0000B0EEC00A0120B6EE001AB4EE410AF1EE91
:104C100010FA00905EDCFFE745F2D050C2F20000CF
:104C200090ED000A01209FED341AB4EE410AF1EE36
:104C300010FA00904EDCFFE745F2D050C2F20000BF
:104C400090ED010A01209FED2C1AB4EE410AF1EE1D
:104C500010FA00903EDCFFE745F2D050C2F20000AF
:104C600090ED020A01209FED241AB4EE410AF1EE04
:104C700010FA00902EDCFFE7129890ED090AB0EED2
:104C8000C00A01209FED1F1AB4EE410AF1EE10FA9E
:104C900000901FDCFFE7129890ED0A0AB0EEC00A00
:104CA00001209FED181AB4EE410AF1EE10FA0090BF
:104CB00010DCFFE7129890ED0B0AB0EEC00A9FEDF2
:104CC000111A0020B4EE410AF1EE10FAC8BF01201B
:104CD0000090FFE70098C00700287FF4E9ACFFE7E9
:104CE000129890ED0C1A9FED080A80EE010A80EDF3
:104CF000080A14B080BD00BF9A99193E6F12033A9A
:104D0000CDCC1CC10AD7233CC3F51C4180B58AB069
:104D1000089008980590002102918DF81F108DF8D9
:104D20001E100DF11F02039200F07AFA05989621E9
:104D3000049100F0ABFB0299039A059800F070FA19
:104D40000499059800F0A2FB05981421B62200F002
:104D5000B7FA05985021069100F04EFB0299039A8C
:104D6000059800F05DFA0499059800F08FFB029910
:104D7000039A059800F054FA0499059800F086FB10
:104D800005983C21012200F09BFA0598069900F055
:104D900033FBFFE705983C210DF11F0200F040FABC
:104DA0000598962100F072FB9DF81E0001308DF8E9
:104DB0001E00FFE79DF81F100020890700290190C1
:104DC00008D4FFE79DF81E1000200A29B8BF012073
:104DD0000190FFE70198C0070028DBD1FFE79DF8AD
:104DE0001E000A2804D1FFE740208DF827000DE0BF
:104DF0009DF81F004007002804D5FFE740208DF8EC
:104E0000270003E000208DF82700FFE79DF827002A
:104E10000AB080BD80B584B003908DF80B10039864
:104E200001909DF80B100268917200680068694655
:104E300001230B6040F20041C4F202011A46F8F768
:104E4000C9FD0198006890F88A0004B080BD000098
:104E500080B596B0149014980C9000210A91ADF88A
:104E600040100F918DF83B108DF83A100DF13B0278
:104E70000B9200F0FBF90C9896210D9100F006FBC7
:104E80000A990B9A0C9800F0F1F90C980D9900F022
:104E9000FDFA0C987E21B62200F034FA0C985021CD
:104EA00000F0AAFA0A990B9A0C9800F0DFF90C9816
:104EB0000D9900F0EBFA0A990B9A0C9800F0D6F9CC
:104EC0000C980D9900F0E2FA9DF83B001E2804D0E2
:104ED000FFE7FF208DF857002EE100208DF83A0003
:104EE000FFE79DF83A00032847DCFFE70C989DF8A0
:104EF0003A1001EB410349F64431C0F60101099132
:104F0000CA18C95C527800F0FDF90C9896210891F6
:104F100000F0BCFA0C9809999DF83A2002EB420285
:104F2000895C0DF13B0200F0A1F90C98089900F0A2
:104F3000ADFA09999DF83B009DF83A2002EB420238
:104F40001144497888420DD0FFE79DF83A0000EB04
:104F5000400149F64430C0F60100084480788DF8DD
:104F60005700E9E00C98502100F046FAFFE79DF861
:104F70003A0001308DF83A00B3E700208DF83A008E
:104F8000FFE79DF83A00012875DCFFE70C989DF8D3
:104F90003A1001EB410149F64432C0F60102079292
:104FA0000A44117B527B00F0ADF90C9896210691D2
:104FB00000F06CFA0C98079A9DF83A1001EB410149
:104FC0001144097B0DF13B0200F050F90C98069951
:104FD00000F05CFA079A9DF83B009DF83A1001EB4F
:104FE00041011144497B88420DD0FFE79DF83A000A
:104FF00000EB400049F64431C0F601010844807BD3
:105000008DF8570098E00C98502100F0F5F90C98B5
:1050100012210FAA062300F0C9F89DF83C009DF864
:105020003D1040EA01209DF83A1001EB410211A920
:1050300021F812009DF83E009DF83F2040EA022032
:105040009DF83A2002EB420201EB420250809DF8AB
:1050500040009DF8412040EA02209DF83A2002EBF2
:10506000420201EB42018880FFE79DF83A000130DF
:105070008DF83A0085E70C986D210491002200F02C
:1050800041F90C989621059100F000FA04990C98CA
:105090000DF13B0200F0EAF80C98059900F0F6F9E2
:1050A0009DF83B0020B1FFE704208DF8570043E056
:1050B0000C987E21B62200F025F90C98502100F0C2
:1050C0009BF9BDF94400BDF94A10401A40F2555110
:1050D000884213DBFFE7BDF94600BDF94C10401ACA
:1050E00040F25551884209DBFFE7BDF94800BDF9A0
:1050F0004E10401AB0F52A7F04DAFFE780208DF8C1
:10510000570019E00C98002103910DF13B02019228
:1051100000F0ACF80C989621029100F0B7F9019AD2
:105120000C98039900F0A2F80C98029900F0AEF9DF
:1051300003988DF85700FFE79DF8570016B080BD23
:1051400080B586B005908DF8131003928DF80B3062
:105150000598019040F20040C4F202000121EDF7F1
:105160002BFA01989DF8131041F08001FFF752FED1
:10517000FFE79DF80B0078B1FFE701985521FFF795
:1051800049FE039908700398013003909DF80B00C5
:1051900001388DF80B00ECE740F20040C4F2020049
:1051A0000121EDF709FA06B080BD000080B586B098
:1051B00005908DF8131003928DF80B30059801902F
:1051C0000020C4F202001021EDF7F6F901989DF8D5
:1051D000131041F08001FFF71DFE01989DF8131098
:1051E00041F08001FFF716FEFFE79DF80B0078B154
:1051F000FFE701985521FFF70DFE0399087003980A
:10520000013003909DF80B0001388DF80B00ECE79E
:105210000020C4F202001021EDF7CEF906B080BDE7
:1052200080B586B005908DF8131003920598009014
:1052300040F20040C4F20200029001210191EDF71A
:10524000BBF900989DF8131041F08001FFF7E2FDD3
:1052500000985521FFF7DEFD019902460298039B55
:105260001A70EDF7A9F906B080BD000080B588B0CE
:1052700007908DF81B100592079802900020C4F249
:105280000200049010210391EDF796F902989DF821
:105290001B1041F08001FFF7BDFD029855210191DF
:1052A000FFF7B8FD01990298FFF7B4FD0399024694
:1052B0000498059B1A70EDF77FF908B080BD0000D7
:1052C00080B586B005908DF813108DF812200598E2
:1052D000019040F20040C4F20200039001210291CB
:1052E000EDF76AF901989DF81310FFF793FD019807
:1052F0009DF81210FFF78EFD02990398EDF75CF907
:1053000006B080BD80B586B005908DF813108DF87D
:105310001220059801900020C4F202000390102191
:105320000291EDF749F901989DF81310FFF772FD0E
:1053300001989DF81210FFF76DFD02990398EDF7A3
:105340003BF906B080BD000080B586B004900391A3
:10535000029204980190039820B9FFE700208DF88D
:10536000170045E00398006843F20001C4F2010110
:10537000884207D1FFE7019940F21860C2F20000AD
:10538000086025E00398006843F60001C4F20001BC
:10539000884207D1FFE7019940F22C70C2F2000069
:1053A000086014E00398006843F60041C4F200016D
:1053B000884207D1FFE7019940F64000C2F20000A1
:1053C000086003E000208DF8170011E0FFE7FFE719
:1053D000FFE70198FEF776FEFFE701980299FEF7D6
:1053E0008DFE08B1FFE7F8E701208DF81700FFE711
:1053F0009DF8170006B080BD87B00690ADF8161076
:1054000006990020049003900290019000904EF2C3
:105410001400CEF2000000680090BDF81600896804
:10542000484304904EF21800CEF20000006803904A
:10543000FFE74EF21800CEF20000006802900298DA
:10544000039988421ED0FFE702980399884207D249
:10545000FFE703980299411A01980844019008E077
:1054600000980299401A0399014401980844019058
:10547000FFE70298039001980499884201D3FFE75F
:1054800001E0FFE7D5E707B07047000087B006905E
:10549000ADF8161006990020049003900290019038
:1054A00000904EF21400CEF2000000680090BDF8AB
:1054B00016008979484304904EF21800CEF200009D
:1054C00000680390FFE74EF21800CEF2000000687B
:1054D00002900298039988421ED0FFE70298039930
:1054E000884207D2FFE703980299411A01980844BD
:1054F000019008E000980299401A0399014401982C
:1055000008440190FFE702980390019804998842AB
:1055100001D3FFE701E0FFE7D5E707B070470000E0
:1055200081B000900098002101714171817181600A
:1055300001B0704780B584B003900398019090F853
:10554000FC000146029120B1FFE70298022812D028
:1055500031E0019890ED2E1A90ED450A80EE010A97
:10556000B0F8C21001EE101AB8EEC11A20EE010A0E
:1055700080ED460A24E0019901F154000090B1F950
:10558000101100EE101AB8EEC00A02F0D9F9009816
:105590000199B1F9E01000EE101AB8EEC00A02F05D
:1055A0007DFB009802F0E0F9009802F06FFB019893
:1055B00080ED460A04E001990020C1F81801FFE7D8
:1055C000019800F075FC04B080BD000080B582B089
:1055D00001900198009000F095FC009802B080BD09
:1055E00082B00190009100994FF07E5008600099C0
:1055F00000204860009988600099C86002B0704738
:1056000081B0009000984FF07E5101600021416010
:105610000022C4F27A428260C1600161416101B03E
:105620007047000081B000900098002180F8401081
:1056300080F84110416401B07047000081B00090D3
:10564000009802230375002141754022827549F6B6
:105650009A12C3F699628261017710214177042181
:1056600081770E22C2770B2280F820204FF0080CA1
:1056700080F821C04FF0010C80F822C04FF0410C9F
:1056800080F823C04FF0090C80F824C080F8253042
:10569000422380F82630C02380F82730032380F887
:1056A00028300A2380F8293080F82A2080F82B102F
:1056B00001B0704780B586B0059005980090D0F88D
:1056C000A80020300190019804A9F8F73DFB01984B
:1056D00002300DF10E01F8F737FB0198043003A9F1
:1056E000F8F732FB019806300DF10A01F8F72CFBB0
:1056F000009890F8BC0001282CD1FFE70099BDF874
:105700001000D1F8EC20801AADF81200BDF912009B
:10571000B1F8BE104A42C1EBD271B0EB610F07DAAB
:10572000FFE70099D1F8F4000130C1F8F40010E06F
:105730000099BDF91200B1F8BE10B0EB510F07DDB2
:10574000FFE70099D1F8F4000138C1F8F400FFE751
:10575000FFE7FFE70098D0F8F410B0F8BE20BDF8DE
:10576000103001FB0231C0F8F01090ED2D1A90EDD1
:105770003C0AB8EEC00AB0F8BE1002EE101AB8EE3D
:10578000422A80EE020A9FED312A20EE020A80EEC4
:10579000010A80ED340A90ED2D1A90ED3C0AB8EE26
:1057A000C00AB0F8BE1002EE101AB8EE422A80EE1F
:1057B000020A30EE000A9FED262A20EE020A80EE51
:1057C000010A80ED350ABDF90E1000EE101AB8EE90
:1057D000C00A9FED201A20EE010A90ED2D1A80EEEE
:1057E000010A80ED360ABDF90E1000EE101AB8EE6F
:1057F000C00AB1EE081A20EE010A90ED2D1A80EED3
:10580000010A80ED370ABDF90C1000EE101AB8EE4F
:10581000C00A80ED390ABDF90A1000EE101AB8EE80
:10582000C00A9FED0D1A30EE010A80ED3A0ABDF86C
:105830001010C0F8EC1090F8BC0028B9FFE70099F0
:10584000012081F8BC00FFE706B080BD0000B44332
:10585000DB0F49405077D63D3393884382B00190A7
:105860008DED000A01990098C1F8000102B070475F
:1058700080B582B0019000910198D0F8C410013138
:10588000C0F8C410FFF716FF02B080BD82B00190CF
:105890008DED000A01990098C1F8040102B070472B
:1058A00082B001908DF8031001999DF8030081F8F2
:1058B000FC0002B07047000080B584B003900399EB
:1058C0000291D1F8C400D1F8C810884211D1FFE785
:1058D0000298002180F8CC109FED0C0A8DED010A92
:1058E00002F038F802989DED010A543002F032F8C7
:1058F00004E00299012081F8CC00FFE70299D1F879
:10590000C400C1F8C80004B080BD00BF00000000A2
:1059100080B586B0059004918DF80F208DF80E307B
:105920008DED020ACDED010A0598009004980068FB
:1059300046F20041C4F20001884208D1FFE7009915
:1059400040F25020C2F20000C1F8A80011E0049813
:10595000006846F60001C4F20001884208D1FFE762
:10596000009940F29C20C2F20000C1F8A800FFE7B5
:10597000FFE700999DF80F0081F8AC009DF80E003C
:1059800081F8FC000298C1F8B4000198C1F8B80091
:1059900004989DF80F10F7F7A3F90099C1F8B0002B
:1059A00006B080BD81B00090009991ED450ABDEE32
:1059B000C00A10EE100A000AD1F8B020107091ED64
:1059C000450ABDEEC00A10EE100AD1F8B0104870BA
:1059D00001B0704782B001908DED000A01990098E6
:1059E000C1F8140102B0704780B582B001900198EF
:1059F000009002F05DF90098543002F059F90098D7
:105A00000021C4F21021C0F8B410002180F8BC10AD
:105A10004FF40052A0F8BE2042F21072A0F8C0204D
:105A2000C0F8C410C0F8C81080F8CC10032280F869
:105A3000FC20C0F80011C0F80411C0F80811C0F82B
:105A40000C11C0F81011C0F8141102B080BD000094
:105A500080B586B0059005980090D0F8A800203059
:105A60000190019804A9F8F76FF9019802300DF13F
:105A70000E01F8F769F90198043003A9F8F764F901
:105A8000019806300DF10A01F8F75EF9009890F8D8
:105A9000BC0001282CD1FFE70099BDF81000D1F817
:105AA000EC20801AADF81200BDF91200B1F8C01058
:105AB0004A42C1EBD271B0EB610F07DAFFE7009900
:105AC000D1F8F4000130C1F8F40010E00099BDF9FC
:105AD0001200B1F8C010B0EB510F07DDFFE70099DD
:105AE000D1F8F4000138C1F8F400FFE7FFE7FFE761
:105AF0000098D0F8F410B0F8C020BDF8103001FBC9
:105B00000231C0F8F01090ED2D1A90ED3C0AB8EE7D
:105B1000C00AB0F8C01002EE101AB8EE422A80EEA9
:105B2000020A30EE000A9FED322A20EE020A80EED1
:105B3000010A80ED350A90ED2D1A90ED3C0AB8EE81
:105B4000C00AB0F8C01002EE101AB8EE422A80EE79
:105B5000020A9FED282A20EE020A80EE010A80ED5B
:105B6000340ABDF90E1000EE101AB8EEC00A9FED0F
:105B7000221A20EE010A90ED2D1A80EE010A80ED26
:105B8000360ABDF80E10A0F8E010BDF90E1000EEB8
:105B9000101AB8EEC00AB1EE081A20EE010A90ED14
:105BA0002D1A80EE010A80ED370ABDF90C1000EEC7
:105BB000101AB8EEC00A80ED390ABDF90A1000EEDD
:105BC000101AB8EEC00A9FED0D1A30EE010A80EDF2
:105BD0003A0ABDF81010C0F8EC1090F8BC0028B9D3
:105BE000FFE70099012081F8BC00FFE706B080BD07
:105BF000DB0F49400000B4435077D63D33938843D0
:105C000081B00090009890ED340A01B07047000018
:105C100081B00090009890ED350A01B07047000007
:105C200081B00090009890ED390A01B070470000F3
:105C300081B000900098B0F8C20001B07047000039
:105C400081B000900098B0F9E00001B0704700000A
:105C500082B001908DED000A01990098C1F8080109
:105C600002B0704782B001908DED000A0199009852
:105C7000C1F8140102B0704780B582B00190009164
:105C80000198D0F8C4100131C0F8C410FFF7E0FE4D
:105C900002B080BD82B00190ADF802100199BDF84C
:105CA0000200A1F8100102B07047000082B001901C
:105CB0008DF8031001999DF8030081F8FC0002B0F3
:105CC0007047000080B586B005900598039090F865
:105CD000FC000146049103286AD80499DFE801F02A
:105CE0000214263E039890ED2E1A90ED450A80EEA0
:105CF000010AB0F8C21001EE101AB8EEC11A20EE77
:105D0000010A80ED460A58E0039890ED2E1A90EDB6
:105D1000450A80EE010AB0F8C21001EE101AB8EE82
:105D2000C11A20EE010A80ED460A46E0039901F10E
:105D30005400029091ED430A01F002FE029803998B
:105D400091ED360A01F0AAFF029801F00DFE0298CB
:105D500001F09CFF039880ED460A2EE0039890ED39
:105D6000420A01F0EDFD039890ED350A01F096FF2F
:105D7000039801F0F9FD039801F088FF039981ED84
:105D8000430A01F15400019091ED430A01F0D8FD5E
:105D90000198039991ED360A01F080FF019801F016
:105DA000E3FD019801F072FF039880ED460A04E0DC
:105DB00003990020C1F81801FFE7039800F078F874
:105DC00006B080BD80B584B0039003990291D1F8EC
:105DD000C400D1F8C810884211D1FFE70298002111
:105DE00080F8CC109FED0C0A8DED010A01F0B2FD98
:105DF00002989DED010A543001F0ACFD04E00299D7
:105E0000012081F8CC00FFE70299D1F8C400C1F865
:105E1000C80004B080BD00BF0000000080B586B09F
:105E2000059004918DF80F208DF80E308DED020A4B
:105E3000CDED010A059800900498006846F20041F3
:105E4000C4F20001884208D1FFE7009940F25020D7
:105E5000C2F20000C1F8A80011E00498006846F6FC
:105E60000001C4F20001884208D1FFE7009940F226
:105E70009C20C2F20000C1F8A800FFE7FFE70099EC
:105E80009DF80F0081F8AC009DF80E0081F8FC0031
:105E90000298C1F8B4000198C1F8B80004989DF8C0
:105EA0000F10F6F71DFF0099C1F8B00006B080BDD5
:105EB00081B00090009991ED460ABDEEC00A10EE47
:105EC000100A000AD1F8B020107091ED460ABDEE1C
:105ED000C00A10EE100AD1F8B010487001B0704737
:105EE00081B00090009890ED460A01B07047000024
:105EF00082B001908DED000A01990098C1F8180157
:105F000002B0704780B582B001900198009001F016
:105F1000CFFE0098543001F0CBFE0098002180F8AD
:105F2000BC10A0F8BE104FF40052A0F8C0204FF4EF
:105F30008042A0F8C220C0F8C410C0F8C81080F891
:105F4000CC10032280F8FC20C0F80011C0F8041126
:105F5000C0F80811C0F80C11A0F81011C0F8141105
:105F6000C0F8181102B080BD80B584B003900398CA
:105F7000019090F8511000EBC1025168013151605D
:105F800090F8510001460291042800F2AF80029976
:105F9000DFE801F0032353799D000198406DFCF781
:105FA00001F80198406D00F58670FFF739FEF8F7AB
:105FB00061FD0198406DB0F8980601EE100AB8EE48
:105FC000C11AB4EE410AF1EE10FA05DBFFE70198C1
:105FD000012100F0B5FFFFE788E00198406DFBF775
:105FE000E1FF019890F8511000EBC1004068B0F556
:105FF000FA7F05D3FFE70198022100F0A1FF1BE023
:106000000198406D00F58670FFF70AFEF8F732FD43
:106010000198406DB0F8980601EE100AB8EEC11A6A
:10602000B4EE410AF1EE10FA05DAFFE7019800211B
:1060300000F086FFFFE7FFE758E00198406D00F5AC
:10604000867003210091FFF731FE0198406D00F545
:106050008670FFF7DDFD01989FED261A30EE010AEC
:10606000416D01F5D86181ED000A416D01F5867041
:1060700001F5D86191ED000AFFF7EAFD019800995A
:1060800000F05EFF32E0019890F8511000EBC10083
:10609000406864281AD3FFE70198416D01F5D86183
:1060A00091ED000A9FED121A30EE010A81ED000A0F
:1060B000416D01F5867001F5D86191ED000AFFF799
:1060C000C7FD0198042100F03BFFFFE70EE00198B7
:1060D00090F8511000EBC1004068322805D3FFE76B
:1060E0000198002100F02CFFFFE7FFE704B080BD1E
:1060F000C3B8B2BEC3B8B23E80B582B001900198B9
:10610000009000F06FFF009802B080BD80B582B0B3
:1061100001900198009000F065FF009802B080BDEA
:1061200080B586B0059005980090D0F81801203011
:106130000190019804A9F7F707FE019802300DF1CC
:106140000E01F7F701FE0198043003A9F7F7FCFDF3
:10615000019806300DF10A01F7F7F6FD009890F866
:10616000300101282CD1FFE70099BDF81000D1F8CB
:106170006021801AADF81200BDF91200B1F8321199
:106180004A42C1EBD271B0EB610F07DAFFE7009929
:10619000D1F868010130C1F8680110E00099BDF93B
:1061A0001200B1F83211B0EB510F07DDFFE7009993
:1061B000D1F868010138C1F86801FFE7FFE7FFE7A0
:1061C0000098D0F82821D0F86811B0F83231BDF825
:1061D00010C001FB03C11144C0F86411BDF81010D8
:1061E00000EE101AB8EE400AB0F8321101EE101AA3
:1061F000B8EE411A80EE010A9FED3A1A20EE010A2C
:1062000090ED491A80EE010A80ED510ABDF8101098
:1062100000EE101AB8EE400AB0F8321101EE101A72
:10622000B8EE411A80EE010A30EE000A9FED2E1AF8
:1062300020EE010A90ED491A80EE010A80ED520A23
:10624000FC30BDF90E1000EE101AB8EEC00AF6F7D9
:10625000CBFC009890ED3F0ABDEEC00A10EE101A7C
:10626000A0F8541190ED3F0A90ED491A9FED1F2AB6
:1062700020EE020A80EE010A80ED530A90ED3F0AFB
:1062800090ED491AB1EE082A20EE020A80EE010ACA
:1062900080ED540ABDF90C1000EE101AB8EEC00AD9
:1062A00080ED560ABDF90A1000EE101AB8EEC00AC9
:1062B0009FED0F1A30EE010A80ED570ABDF810105D
:1062C000C0F86011D0F86411C0F86C1190F830017A
:1062D00028B9FFE70099012081F83001FFE706B0F7
:1062E00080BD00BF0000B443DB0F49405077D63D6E
:1062F0003393884382B001908DED000A0199009894
:10630000C1F8740102B0704780B582B0019000916D
:106310000198D0F838110131C0F83811FFF700FFAB
:1063200002B080BD81B000900098D0F8680101B043
:106330007047000081B000900098D0F8640101B06F
:106340007047000082B001908DED000A019900981D
:10635000C1F8780102B0704782B001908DF8031047
:1063600001999DF8030081F8700102B070470000A8
:1063700080B584B0039003990291D1F83801D1F827
:106380003C11884217D1FFE70298002180F84011A4
:106390009FED0F0A8DED010A01F0DCFA02989DEDE8
:1063A000010A543001F0D6FA02989DED010AA83096
:1063B00001F0D0FA04E00299012081F84001FFE7E2
:1063C0000299D1F83801C1F83C0104B080BD00BF8A
:1063D0000000000080B586B0DDF820C00590049173
:1063E0008DF80F208DF80E308DED020ACDED010AEB
:1063F000059800900498006846F20041C4F200013C
:10640000884208D1FFE7009940F25020C2F2000014
:10641000C1F8180111E00498006846F60001C4F2C2
:106420000001884208D1FFE7009940F29C20C2F2A7
:106430000000C1F81801FFE7FFE700999DF80F0081
:1064400081F81C019DF80E0081F870010898C1F8D0
:1064500028010298C1F824010198C1F82C01049880
:106460009DF80F10F6F73CFC01460098C0F820118B
:10647000FC309FED030AF6F75BFB06B080BD00BF62
:106480000000000081B00090009991ED620ABDEE1D
:10649000C00A10EE100A000AD1F82021107091ED08
:1064A000620ABDEEC00A10EE100AD1F82011487041
:1064B00001B0704782B001908DED000A01990098FB
:1064C000C1F8880102B0704780B582B00190019890
:1064D000009001F0EDFB0098543001F0E9FB0098CA
:1064E000A83001F0E5FB0098002180F830114FF44E
:1064F0000052A0F8322146F2A812A0F83421C0F8C8
:106500003811C0F83C1180F84011052280F8702144
:10651000C0F87411C0F87811C0F87C11C0F880116F
:10652000C0F88411C0F8881102B080BD82B001901B
:106530008DED000A01990098C1F8AC0102B07047D6
:1065400081B00090009890ED550A01B070470000AE
:1065500081B00090009890ED560A01B0704700009D
:1065600081B00090009890ED690A01B0704700007A
:1065700081B00090009890ED6A0A01B07047000069
:1065800082B001908DED000A01990098C1F8A40134
:1065900002B0704782B001908DED000A0199009819
:1065A000C1F8A80102B0704781B00090009890F83F
:1065B000A00101B07047000082B001908DF8031077
:1065C00001999DF8030081F8A00102B07047000016
:1065D00080B588B007908DED060ACDED050A8DEDEA
:1065E000041ACDED031A079802900699C0F85411C9
:1065F0000599C0F858110499C0F85C110399C0F8C6
:10660000601140309FED120A8DED000ADFED110A96
:10661000CDED010AFAF79AF99DED000ADDED010AC8
:1066200002985C30FAF792F902987830DFED0A0AA6
:10663000B0EE600AFAF78AF90298943045F6B8018C
:10664000C2F200019FED050AFDF7DAFC08B080BD3B
:106650000AD7233CCDCCCC3CCDCC4C3D0000000037
:1066600080B582B00190019800904030FAF780F92F
:1066700000985C30FAF77CF900987830FAF778F9EE
:1066800000989430FDF7F6FC00984FF07C51C0F86C
:1066900060110021C4F2C001C0F8641146F200018B
:1066A000C4F2EA61C0F868114FF08D41C0F86C1176
:1066B0000021C0F88C11C0F89011C0F89411C0F8F6
:1066C0009811C0F89C1180F8A011C0F8A411C0F86E
:1066D000A811C0F8AC11C0F8B011C0F8B411C0F8DE
:1066E000B81102B080BD000080B58AB00990099849
:1066F000079090F8511000EBC102516801315160D0
:1067000090F8510001460891042800F2E6800899AB
:10671000DFE801F0033F93A7C70046F2A830C2F2BA
:106720000000406C58B1FFE7079890F8511000EB5B
:10673000C10200215160042100F002FCFFE707982C
:10674000406D00F69410F9F773FB01280BD1FFE7B9
:10675000079890F8511000EBC1020021516002210E
:1067600000F0EEFBFFE7079890F8511000EBC10036
:106770004068B0F57A7F0BD9FFE7079890F8511081
:1067800000EBC10200215160012100F0D9FBFFE7BD
:10679000A3E00798406D41F278310844002106914A
:1067A000FBF700F906990798406D00F6C830FAF734
:1067B0002DF906990798406D00F5FB60FFF7FCFE88
:1067C0000798406D00F69410F9F732FB012821D1AB
:1067D000FFE70798406D00F5FB610491FDF70CF8A9
:1067E00001460498FFF7E8FE0798406D00F6C831AF
:1067F0000591FCF7EDFF01460598FAF707F90798B0
:1068000090F8511000EBC10200215160022100F00C
:1068100097FBFFE746F2A830C2F20000406C58B187
:10682000FFE7079890F8511000EBC102002151607A
:10683000042100F085FBFFE74FE00798406D00F66C
:106840009410F9F7F5FA58B9FFE7079890F8511046
:1068500000EBC10200215160032100F071FBFFE752
:106860003BE00798406D029000F5FB60FFF79CFE4F
:1068700001460298FCF7C8FF0798406D039000F6A8
:10688000C830FAF7BBF801460398FCF7A9FF079850
:1068900090F8511000EBC1020021516000F050FB54
:1068A0001BE046F2A830C2F200000190EFF7D2FDE3
:1068B000019841F21021C2F20001B1F8042401F55F
:1068C0000171EFF77DFC079890F8511000EBC102C1
:1068D0000021516000F034FBFFE70AB080BD0000EA
:1068E00080B582B001900198009000F07BFB009889
:1068F00002B080BD80B582B001900198009000F098
:1069000071FB009802B080BD80B582B00190019803
:10691000009000F067FB0098002180F8521002B050
:1069200080BD000080B582B0019001980090D0F841
:106930008C0100F05FFB009880ED8E0AD0F88C018E
:1069400000F0B6FB009880ED900AD0F88C0100F0C2
:10695000CBFB009880ED8F0A02B080BD81B0009023
:10696000009890ED8F0A01B07047000080B58AB0A2
:1069700009900998079090F8700101460891052840
:1069800000F2EA800899DFE801F00315E7B52D650C
:10699000079890ED4B1A90ED5E0A80EE010AB0F870
:1069A000341101EE101AB8EEC11A20EE010AFFF7F9
:1069B00081FDD7E0079901F1A800069091ED610AE9
:1069C00000F0BEFF0698079991ED560A01F066F9AE
:1069D000069800F0C9FF069801F058F90798FFF7EC
:1069E00069FDBFE0079901F1540091ED5E0A00F0E6
:1069F000A7FF0798D0F88C0100F08EFB40B9FFE7A5
:106A0000079901F1540091ED540A01F047F90FE0A4
:106A1000079901F1540091ED900A9FED551A20EE6F
:106A2000010A9FED541A80EE010A01F037F9FFE7E1
:106A300007985430059000F097FF059801F026F96B
:106A40000598079981ED610A01F020F90798FFF791
:106A500031FD87E0079890ED5D0A00F071FF07981F
:106A6000D0F88C0100F058FB20B3FFE7079890EDB9
:106A70008F0A01F013F9079800F076FF079801F0EC
:106A800005F9079981ED5E0A01F15400049091ED3A
:106A90005E0A00F055FF0799049891ED900A9FED6A
:106AA000341A20EE010A9FED331A80EE010A01F03C
:106AB000F5F811E007990020C1F8780101F15400C0
:106AC000039091ED5E0A00F03BFF0799039891ED6A
:106AD000540A01F0E3F8FFE707985430029000F001
:106AE00043FF029801F0D2F80798B1EE400AFFF791
:106AF000E1FC37E0079901F5C870009091ED5D0A5F
:106B000000F01EFF079800F039F8009801F0C6F871
:106B1000009800F029FF009801F0B8F8079981ED7E
:106B20005E0A01F5F270019091ED5E0A00F008FF37
:106B30000198079991ED540AB1EE400A01F0AEF8C0
:106B4000019800F011FF019801F0A0F80798B1EE4C
:106B5000400AFFF7AFFC05E007989FED070AFFF733
:106B6000A9FCFFE70798FFF78DFC0AB080BD00BFC6
:106B700000003443DB0F49400000000081B000906A
:106B8000009890ED910A01B07047000080B586B082
:106B90000590059801904FF61241C3F68971049152
:106BA000FFF7C8FB00EE100AB8EEC00A9FED3D1AD1
:106BB00080EE010A30EE000A9FED3B1A20EE010A3A
:106BC000B0EE001A80EE010A8DED030A9DED030A76
:106BD000DFED360A02F0FAF80198B0EEC00A8DED4A
:106BE000020AFFF79FFBB0F1FF3F09DCFFE79DEDD5
:106BF000021A9FED2E0A30EE410A8DED020AFFE7E0
:106C00009DED020A9FED281AB4EE410AF1EE10FA4A
:106C100009DDFFE79DED020A9FED251A30EE010A1E
:106C20008DED020AFFE79DED020A9FED221A30EE7C
:106C3000010A8DED020AFFE79DED020A9FED1A1A87
:106C4000B4EE410AF1EE10FA09DDFFE79DED020A0C
:106C50009FED171A30EE010A8DED020AECE7FFE70F
:106C60009DED020A9FED141AB4EE410AF1EE10FAFE
:106C700009DAFFE79DED020A9FED0C1A30EE010ADA
:106C80008DED020AECE701989DED020A9FED061AD0
:106C900080EE010A9FED091A20EE010A80ED910AAB
:106CA00006B080BD00F8FF45DB0F4940DB0FC9404F
:106CB000DB0FC9C012FC89BFDB0F49C0000034C321
:106CC00080B582B0019001980090FFF7FDFB00981D
:106CD00000F5C87000F0ECFF009800F5F27000F0CD
:106CE000E7FF00980021C0F83812C0F83C12C0F845
:106CF0004012C0F8441202B080BD000080B582B0DE
:106D0000019001980090D0F8180100F0D9F900988E
:106D100080ED480AD0F8180100F0EEF9009880EDF7
:106D20004A0AD0F8180100F0EFF9009880ED490AFE
:106D300002B080BD81B00090009890ED490A01B08A
:106D40007047000080B588B007900798059090F8CC
:106D5000FC000146069140B1FFE7069804280AD0DE
:106D6000FFE7069805283ED095E0059890ED410A8A
:106D7000FEF730FE95E0059901F1540091ED410ACE
:106D800000F0DEFD0598D0F8180100F0C5F940B913
:106D9000FFE7059901F1540091ED370A00F07EFFFD
:106DA0000FE0059901F1540091ED4A0A9FED3F1A59
:106DB00020EE010A9FED3E1A80EE010A00F06EFF00
:106DC000FFE705985430049000F0CEFD049800F0E1
:106DD0005DFF0498059981ED440A00F057FF05987E
:106DE000FEF7F8FD5DE0059890ED400A00F0A8FD83
:106DF0000598D0F8180100F08FF920B3FFE7059847
:106E000090ED490A00F04AFF059800F0ADFD0598A5
:106E100000F03CFF059981ED410A01F15400039017
:106E200091ED410A00F08CFD0599039891ED4A0A15
:106E30009FED1E1A20EE010A9FED1D1A80EE010A39
:106E400000F02CFF11E005990020C1F8040101F1C8
:106E50005400029091ED410A00F072FD05990298EC
:106E600091ED370A00F01AFFFFE7059854300190C2
:106E700000F07AFD019800F009FF0198059981ED75
:106E8000440A00F003FF059890ED471A30EE010A1E
:106E9000FEF7A0FD05E005989FED060AFEF79AFDB6
:106EA000FFE70598FEF77EFD08B080BD0000344383
:106EB000DB0F49400000000080B582B001900198CE
:106EC0000090FEF791FD00980021C0F81C11C0F859
:106ED0002011C0F82411C0F8281102B080BD0000B4
:106EE00081B00090009840F20111018001B070471C
:106EF00081B0009000984FF48171018001B070471B
:106F000081B00090009840F20311018001B07047F9
:106F100081B0009000984FF48271018001B07047F9
:106F200081B0009000984FF48071018001B07047EB
:106F300081B0009000984FF48871018001B07047D3
:106F400082B001908DF80310019991F85120002032
:106F500001F8320091F8512001EBC20250609DF817
:106F60000320012001F832009DF8030081F8510050
:106F700002B0704781B00090009890F8510001B0C5
:106F80007047000084B003908DF80B108DF80A2034
:106F9000039900919DF80B0081F850009DF80A00BC
:106FA00081F8510000200190FFE70099019891F8C5
:106FB000501088420EDAFFE70099019A002001F88C
:106FC0003200019A01EBC2014860FFE701980130ED
:106FD0000190EAE700999DF80A20012001F83200AB
:106FE00004B0704781B000900098002180F85110E3
:106FF00001B0704781B00090009890ED4C0A9FED71
:10700000051A80EE010A9FED041A20EE010A01B074
:10701000704700BF00003443DB0F494084B0039049
:1070200002918DF80720ADF80430BDF804000299F4
:107030000968C96A884206D9FFE702980068C06AF1
:10704000ADF80400FFE7BDF80400B0F1FF3F04DC39
:10705000FFE70020ADF80400FFE79DF807000146B8
:1070600000910C2821D80099DFE801F0071F1F1FAD
:107070000D1F1F1F131F1F1F1900BDF804000299C9
:107080000968486311E0BDF8040002990968886343
:107090000BE0BDF8040002990968C86305E0BDF87B
:1070A0000400029909680864FFE704B07047000013
:1070B00081B00090009890ED340A01B07047000054
:1070C00081B00090009890ED4A0A9FED051A80EE7D
:1070D000010A9FED041A20EE010A01B0704700BFBB
:1070E00000003443DB0F494081B00090009890EDE0
:1070F0004C0A01B07047000081B00090009890EDFC
:10710000330A01B07047000081B00090009890ED04
:107110004A0A01B07047000081B00090009890F8D2
:10712000B40001B07047000081B00090009890ED6D
:107130004B0A01B07047000084B0039002910192A5
:107140000093009890ED004A90ED010A90ED026ADC
:1071500090ED035A26EE062AB6EE001A31EE422AC8
:1071600025EE053A32EE432A029824EE057A20EE07
:10717000063A33EE477AD0ED000AD0ED011A90EDD1
:10718000023A27EE217A22EE202A32EE072A24EE56
:10719000064A20EE050A30EE040A20EE030A30EE1D
:1071A000020A30EE000A019880ED000A009890ED86
:1071B000004A90ED016A90ED022A90ED035A24EE08
:1071C000053A26EE020A30EE030A029826EE063A47
:1071D00031EE433A25EE057A33EE477AD0ED000AD8
:1071E000D0ED011A90ED023A27EE217A20EE200A26
:1071F00030EE070A24EE064A22EE052A32EE442A31
:1072000022EE032A30EE020A30EE000A019880EDE9
:10721000010A009890ED002A90ED014A90ED023AA3
:1072200090ED030A22EE036A24EE005A35EE465A28
:10723000029822EE042A23EE000A30EE020A90EDB4
:10724000006A90ED017A90ED022A20EE070A25EE01
:10725000065A30EE050A24EE044A31EE441A23EEB3
:10726000033A31EE431A21EE021A30EE010A30EEF3
:10727000000A019880ED020A04B0704784B00390C0
:10728000029101920093009890ED004A90ED012A3E
:1072900090ED026A90ED035A26EE060AB6EE001A49
:1072A00031EE400A25EE053A30EE437A029824EE9C
:1072B000053A22EE060A30EE030AD0ED000AD0EDC0
:1072C000011A90ED023A20EE210A27EE207A30EEE4
:1072D000070A24EE064A22EE052A32EE442A22EE5E
:1072E000032A30EE020A30EE000A019880ED000A0F
:1072F000009890ED004A90ED016A90ED020A90ED41
:10730000035A24EE053A26EE002A32EE432A02986A
:1073100026EE063A31EE433A25EE057A33EE477A09
:10732000D0ED000AD0ED011A90ED023A27EE217A55
:1073300022EE202A32EE072A24EE064A20EE050A23
:1073400030EE040A20EE030A30EE020A30EE000AA4
:10735000019880ED010A009890ED005A90ED014AE5
:1073600090ED023A90ED032A25EE036A24EE020A1C
:1073700030EE060A029825EE045A23EE022A32EE77
:10738000455A90ED006A90ED017A90ED022A25EEC3
:10739000075A20EE060A30EE050A24EE044A31EEC2
:1073A000441A23EE033A31EE431A21EE021A30EE6C
:1073B000010A30EE000A019880ED020A04B070471D
:1073C00080B586B005900598019043F23472C2F200
:1073D000000211780131117000F57C70F5F7DEFBC9
:1073E000019981EDFA0A91EDFA1A91EDFB0A30EE5E
:1073F000010A81EDFB0A01F1280001F54671FCF755
:10740000E1FE0198D0F81813C0F8D410D0F81C137E
:10741000C0F8D810D0F82013C0F8DC10D0F824132E
:10742000C0F8C810D0F82813C0F8CC10D0F82C132E
:10743000C0F8D01090ED320AD0ED330A90ED341A36
:10744000D0ED351A90ED362AD0ED372A90EDFA3A84
:1074500000F59C70F6F724FD0198D0F88812D0F85A
:107460008C22D0F89032D0F894C2C0F8C4C0C0F8D2
:10747000C030C0F8BC20034643F8B81F029300F5A3
:10748000647100F1FC02FFF757FE0198029B00F5C2
:10749000677100F58472FFF74FFE0198029B00F5BB
:1074A0006A7100F58A72FFF747FE0198029B00F5AA
:1074B000777146F28C42C2F20002FFF7DFFE002035
:1074C0008DF81300FFE79DF8130002282CDCFFE77E
:1074D00001999DF8133001EB830046F28C42C2F211
:1074E000000202EB830292ED002A90ED350A90ED46
:1074F000381A30EE420A91ED3E3A91EDFA2A20EE2A
:10750000020A33EE022A80EE020A21EE031A81EE0D
:10751000021A30EE010A80ED380AFFE79DF81300E9
:1075200001308DF81300CEE7019800F1B80300F1A7
:10753000E00100F1EC02FFF7FFFD019800F01CF9FB
:1075400043F23470C2F2000000784BF65001C0F2F2
:107550001E5145F62942CCF28F2200FB02104FEA61
:10756000700088422BD8FFE7019901F1600000907C
:1075700091EDCD0A00F092FB00989FED140A00F007
:10758000DFF9009800F0F0F9009800F07FFB8DED36
:10759000030A03A89FED0E0ADFED0E0AF5F778FB4C
:1075A00001989DED030ABDEEC00A10EE103A46F2B6
:1075B0004021C2F200010022FFF730FDFFE70199F0
:1075C000012081F8F80306B080BD00BF00004842EA
:1075D0000000000000FF7F4710B582B001900198C5
:1075E000009090F8F803002861D0FFE7009890ED34
:1075F000C61A90EDD30AB4EE410AF1EE10FA1BD18F
:10760000FFE7009890EDC71A90EDD40AB4EE410A56
:10761000F1EE10FA10D1FFE7009890EDC81A90ED46
:10762000D50AB4EE410AF1EE10FA05D1FFE7009950
:10763000002081F8B40004E00099012081F8B40032
:10764000FFE70099D1F81803D1F81C23D1F82033B3
:10765000D1F824C3D1F828E3D1F82C43C1F8604312
:10766000C1F85CE3C1F858C3C1F85433C1F85023E2
:10767000C1F84C03D1F83003D1F83423D1F83833B2
:10768000D1F83CC3D1F840E3D1F84443C1F8784382
:10769000C1F874E3C1F870C3C1F86C33C1F8682352
:1076A000C1F86403D1F84803C1F87C03FFE702B0D6
:1076B00010BD000080B586B005900599019101F1DB
:1076C000280001F5467246F2A011C2F20001FDF752
:1076D0003BFE6420EAF750FD019800F56D71FDF75F
:1076E0007FFF019800F59C70B2EE040ADFED1C0AE2
:1076F000CDED020A9FED1B1AF7EE001A9FED1A2A34
:107700008DED032AF6F73AFA0198DDED024A9DED78
:10771000035A44F29631C3F60B41C0F8F8106030BA
:107720009FED120ADFED120ADFED122A002104910B
:10773000B0EE451AF0EE451AB0EE622AB0EE453AC8
:10774000F0EE453AB0EE454A00F066FA049946F28A
:107750004020C2F20000EEF75BFB06B080BD00BF28
:107760006F12833A8096184B0000000000007A44A4
:107770000000FA440000804F80B584B00390039865
:107780000190D0F8E012C0F83011D0F8DC12C0F847
:107790002C11D0F8D812C0F82811D0F8E412C0F893
:1077A000341190EDED1A90EDEE2A90EDEF3A90ED58
:1077B000F00A22EE033A21EE000A30EE030A30EE20
:1077C000000A22EE022A21EE011A31EE021A31EEEF
:1077D000011ABFEE002A8DED002A71EE020A01F0B7
:1077E00001F8019880EDF10A90EDED0A90EDEE1AA6
:1077F00090EDEF3A90EDF02A20EE030A21EE021A06
:1078000030EE410A30EE000A00F056FF9DED002AEE
:10781000019880EDF20A90EDED1A90EDEE0A90EDF0
:10782000EF4A90EDF03A24EE034A21EE000A30EEE2
:10783000040A30EE000A23EE033A21EE011A31EE7B
:10784000031A31EE011A71EE020A00F0CBFF019823
:1078500080EDF30A00200290FFE70298022815DC71
:10786000FFE70198029900EB810090EDF10A9FED8E
:10787000081A20EE010A9FED071A80EE010A80ED3A
:10788000F40AFFE7029801300290E6E704B080BDF9
:1078900000003443DA0F494080B582B0019001986E
:1078A0000090FDF7ADFE00982830FDF739FE0098F6
:1078B0003430FDF7C3FE0098603000F0F9F900980D
:1078C0004FF07E52C0F890230021C0F89413C0F806
:1078D0009813C0F89C13C0F8A023C0F8A413C0F8F4
:1078E000A813C0F8AC13C0F8B023C0F8B413C0F8A4
:1078F000B813C0F8BC13C0F8C013C0F8C413C0F864
:10790000C813C0F8CC13C0F8D013C0F8D413C0F813
:10791000D813C0F8DC13C0F8E0134FF2C352C4F21E
:107920001C12C0F8E42380F8F41380F8F51380F8F3
:10793000F61380F8F71380F8F81302B080BD00004A
:1079400082B001908DED000A01990098886402B020
:107950007047000082B001908DED000A01990098F7
:10796000086502B07047000080B58AB00990099898
:1079700001900021089107910691059190ED120A5E
:1079800090ED131A30EE410A8DED040A9DED040AC4
:10799000F7F74EF901988DED030A9DED030A90ED7E
:1079A000011AB4EE410AF1EE10FA07DAFFE7019985
:1079B000C86C8864002004900390FFE7019890ED64
:1079C000090A9DED041A20EE010A8DED080A90EDDA
:1079D0000F0AB5EE400AF1EE10FA0DD1FFE701985B
:1079E00090ED100AB5EE400AF1EE10FA04D1FFE76F
:1079F0004FF07E50029044E001989DED030A90ED17
:107A00000F1AB4EE410AF1EE10FA04DCFFE74FF072
:107A10007E50029026E0019890ED0F0A9DED031A2A
:107A2000B4EE410AF1EE10FA1BDAFFE701989DED82
:107A3000030A90ED101AB4EE410AF1EE10FA10DAD2
:107A4000FFE7019890ED0F2A90ED101A9DED030AC3
:107A500031EE400A31EE421A80EE010A8DED020A43
:107A6000FFE7FFE701989DED030A90ED101AB4EED1
:107A7000410AF1EE10FA03DBFFE700200290FFE776
:107A8000FFE7019890ED0D0AB5EE400AF1EE10FA0D
:107A900010D0FFE7019901F1500091ED0A2A91ED14
:107AA0000D1AB1EE410A80EE020AC1EE020AF5F7A4
:107AB000EFF8FFE7019890ED110AB5EE400AF1EEFC
:107AC00010FA1AD1FFE701989DED020A90ED002A05
:107AD00090ED141A20EE020A9DED042A20EE020A0F
:107AE00030EE010A80ED140A90ED0A0A90ED141AA6
:107AF00020EE010A8DED070A2AE001989DED030AA8
:107B000090ED111AB4EE410AF1EE10FA1ADAFFE71D
:107B100001989DED020A90ED002A90ED141A20EED6
:107B2000020A9DED042A20EE020A30EE010A80EDE1
:107B3000140A90ED0A0A90ED141A20EE010A8DED58
:107B4000070A04E00199002008650790FFE7FFE7B6
:107B5000019807990162007A90B9FFE7019890EDCA
:107B6000001A90ED063A90ED0B0A9DED042A32EED4
:107B7000432A20EE020A80EE010A8DED060A11E08A
:107B8000019890ED001A90ED053A90ED072A90EDDE
:107B90000B0A32EE432A20EE020A80EE010A8DED36
:107BA000060AFFE7019890ED042A90ED0C1A90ED7B
:107BB000120A30EE420A20EE010A8DED050A9DED13
:107BC000080A9DED071A30EE010A9DED061A30EE07
:107BD000010A9DED051A30EE010A80ED070A90EDCD
:107BE0000E0AB5EE400AF1EE10FA0AD0FFE701994D
:107BF00001F11C00D1ED0E0AB1EE600AF5F748F86C
:107C0000FFE70199C86CC860886C0861C869486161
:107C1000049888610AB080BD8EB002AA0092024624
:107C200000980D9280ED0A0AC0ED090A80ED081A4D
:107C3000C0ED071A80ED062AC0ED052A80ED043A52
:107C4000C0ED033A80ED024AC0ED014A80ED005AD2
:107C50008DF807100D990C9848620B9888620A9865
:107C6000C86209980863089848630798886303986E
:107C70000860029848600698C863059808640498EC
:107C800048649DF8070008720EB0704781B00090FC
:107C9000009890ED070A01B07047000082B0019093
:107CA0008DED000A01990098C86402B07047000089
:107CB00081B0009000980021C16001614161816143
:107CC000C161016241628162C1620163416381639A
:107CD000C163016441648164C164016501B070479E
:107CE00081B08DED000A9DED000AB0EEC00A01B032
:107CF0007047000080B582B08DED010A9DED010A4C
:107D000001F03AFA02B080BD81B08DF803009DF910
:107D1000030000280ED4FFE79DF9031001F01F02B5
:107D2000012090404A094EF20011CEF2000141F8C4
:107D30002200FFE701B070474EF60C50CEF2000073
:107D40000068C0F30220704782B08DF807000091F0
:107D50009DF9070000280AD4FFE7009800019DF96B
:107D600007104EF20042CEF2000288540BE0009859
:107D700000019DF8071001F00F014EF61452CEF2EB
:107D800000028854FFE702B07047000083B0029001
:107D9000029800F0070000904EF60C51CEF2000160
:107DA0000868019001984FF6FF0210400190019879
:107DB000009A40EA02200022C0F2FA5210430190D9
:107DC0000198086003B0704780B582B043F27461D7
:107DD000C2F200010191002008609FED0B0ADFED67
:107DE0000B0ACDED000A00F0FDFCDDED000A019864
:107DF00080ED010A9FED060A00F0F4FC019880ED89
:107E0000020A02B080BD00BF583934BE0BEFF2BD8C
:107E10005839343E80B582B043F28061C2F200012D
:107E20000191002008609FED0B0ADFED0B0ACDEDFC
:107E3000000A00F0D7FCDDED000A019880ED010A90
:107E40009FED060A00F0CEFC019880ED020A02B018
:107E500080BD00BF583934BE0BEFF2BD5839343EF7
:107E600041F20400CEF20000006845F2C851C2F2AF
:107E7000000108607047000080B582B043F28C6159
:107E8000C2F200010191002008609FED0B0ADFEDB6
:107E90000B0ACDED000A00F0A5FCDDED000A01980B
:107EA00080ED010A9FED060A00F09CFC019880ED30
:107EB000020A02B080BD00BF583934BE0BEFF2BDDC
:107EC0005839343E80B546F23C40C2F20000FDF71E
:107ED000A9FB80BD80B543F23870C2F20000FBF709
:107EE0000FFF80BDB0B5B0F800C00B889C4553D1E2
:107EF00045884B889D424FD113889C454CD153886F
:107F00009D4249D143684968506805FB0CFC00223A
:107F1000B2EB9C0F30D04FEA9C0200BF93ED000AF9
:107F200091ED001A03F1100E30EE010A80ED000A07
:107F300093ED010A91ED011A01F1100430EE010AEE
:107F400080ED010A93ED020A91ED021A00F110058D
:107F500030EE010A80ED020A93ED030A91ED031A57
:107F6000013A30EE010A80ED030A734628462146A5
:107F7000D4D12146284673461CF003020AD000BF24
:107F8000B3EC010AB1EC011A013A30EE010AA0EC9F
:107F9000010AF5D1002000E0FD2040B2B0BD018013
:107FA00042804360704700002DE9F04F81B02DED15
:107FB000028B8EB0B0F800C0B0F802A0D44540F0FB
:107FC0003A810B88FD229C4540F036814F88BB42A8
:107FD00040F0328140689FEDB08ABCF1000F009004
:107FE00000F031814C686FF0030000EB8C09002732
:107FF00000266546CDF828C0204609940A98401B03
:1080000008D0B1002046E8F7ABFA3846013004F159
:108010000404FBD304F1040BB5F101084FF07E50CA
:10802000206012D0A9EB86015846E8F799FA0120A2
:108030005C4600BF0130854204F10404FAD10136E8
:10804000013FB8F1000F4546D8D1DDF828C0BCF19A
:10805000000F00F0F8804FEACA000430029009983F
:10806000009900EB8A00C0F10009042000EB8A00AF
:10807000ACF1010801EB8A054FEA8A03019001F196
:10808000040B4FF0000E0F46564600200A4604909F
:10809000039300BF0EFB0AF002EB800191ED000A92
:1080A0000C910999B5EE400AF1EE10FA01EB80004F
:1080B0000D90CDF82080CDE906950B922ED10EF1D2
:1080C000010060450DD20020414600BF2A1892ED04
:1080D000000AB5EE400AF1EE10FA06D10139184453
:1080E000F4D10498012817D0D4E0A0EB09000021B6
:1080F00057F82130146842F8043B47F82140013119
:108100008E42F5D10D9A51461368046840F8043B3D
:10811000013942F8044BF7D1012004900C99AAEBE5
:108120000E0991ED008AB9F1010F4FF07E50086001
:108130000DD00120594600BF91ED000A013080EEBC
:10814000080A864281ED000A01F10401F4D10D997B
:108150005046CDF814B000BF91ED000A013880EE12
:10816000080AA1EC010AF7D1DDF82C800998A9F1E1
:10817000010B0022654600BF724505D108EB89035B
:1081800000EB8A0036E000BF0C9998ED008A91ED73
:10819000000ABBF1000F28EE000A38EE400A88ED15
:1081A000000A17D00123042107EB010C08EB01049E
:1081B0009CED000A94ED001A28EE000A013331EE1E
:1081C000400A9E4201F1040184ED000AECD108EB63
:1081D000010301E008F104030D9C5146B4EC011ABF
:1081E00090ED000A28EE011A30EE410AA0EC010AD7
:1081F0000139F3D103EB8E08013D02F10102BBD13D
:10820000079D02980B9ADDF820800544039BDDF85A
:1082100018900198DDF814B0DDF828C00432013E52
:108220000EF1010EA8F10108A9EB030907448344EC
:108230007FF430AF09E0FD2250B20EB0BDEC028BEE
:1082400001B0BDE8F08F00200490B5EE408AF1EE59
:1082500010FA4FF00002EFD104980128ECD00AFB8D
:108260000CF14FF000004FF0000271B1009B00BF15
:1082700093ED000AB5EE400AF1EE10FA05D1013295
:10828000914203F10403F3D10A468A4208BF6FF01A
:108290000400D2E7FB22CFE7000000002DE9F04FF9
:1082A00085B047880B889F4240F08480B0F800B0CA
:1082B00013889B4540F07E80B1F802E053889E45CC
:1082C00078D1D0F80480506849680190BC0827F044
:1082D000030008EB800604FB0EF09FED390A07F05F
:1082E000030C029101EB00104FEA8E020021009076
:1082F000CDE903E70198DDF808A0009B00EB8109B8
:10830000B0EE401A5746404674B35546274640469D
:10831000B0EE401A95ED002A90ED003A154490ED2C
:10832000014A23EE022A95ED003A154490ED025AD7
:1083300031EE021A24EE032A95ED003A154490ED31
:10834000036A31EE021A25EE032A95ED003A31EE6A
:10835000021A26EE032A31EE021A013F00F1100044
:108360001544D7D11F463046BCF1000F0CD06546EE
:1083700090ED002A97ED003A043022EE032A31EE08
:10838000021A013D1744F3D1A9EC011ABEF1010E06
:108390000AF1040A03F10403B2D1DDF80CE0049FF2
:1083A000714408EB8708BBF1010B06EB8706A1D1EE
:1083B000002000E0FD2040B205B0BDE8F08F00BF16
:1083C00000000000B0B5B0F800C00B889C4553D148
:1083D00045884B889D424FD113889C454CD153888A
:1083E0009D4249D143684968506805FB0CFC002256
:1083F000B2EB9C0F30D04FEA9C0200BF93ED000A15
:1084000091ED001A03F1100E30EE410A80ED000AE2
:1084100093ED010A91ED011A01F1100430EE410AC9
:1084200080ED010A93ED020A91ED021A00F11005A8
:1084300030EE410A80ED020A93ED030A91ED031A32
:10844000013A30EE410A80ED030A73462846214680
:10845000D4D12146284673461CF003020AD000BF3F
:10846000B3EC010AB1EC011A013A30EE410AA0EC7A
:10847000010AF5D1002000E0FD2040B2B0BD0000AF
:108480002DE9F04FB0F800A04A88924545D14288C6
:108490000B889A4241D1D1F804C046684FEA92084D
:1084A00002F003094FEA0A1E4FEA8A014FF0000B5F
:1084B000624600BFB8F1000F1AD01546474600BF0C
:1084C000336828462B6073680D444350B3686C18BA
:1084D0006B50F56806F1100366186550013F06EB16
:1084E00001051E46ECD100EB0E071E4602E000BF60
:1084F0000CEB8B07B9F1000F06D0484656F8043B49
:1085000001383B600F44F9D10BF1010BBAF1010ABC
:1085100002F10402CED1002000E0FD2040B2BDE80F
:10852000F08F000080B582B000200190EAF79EFA3B
:10853000EFF7D0FDEEF770FDEEF7F4FCEEF7CAFCB6
:10854000EEF7AAFFEEF79EFCEFF7B8F8EFF7DCF8CE
:10855000EEF770FEEEF792FEEEF7BAFEEEF7DEFFF4
:10856000EFF74AF8EFF7F0F8EFF788F8EEF7F8FED4
:10857000F0F764FAFFE7FEE74100080218BF0420A5
:108580000A0E18BF40F001004FF07F4232EA0101AD
:1085900008BF40F00200012808BF05207047000016
:1085A00010B510EE104A4FF01A402DED028B00EB83
:1085B0004400B0F1C85F4AD84FF0FC40B0EB440F24
:1085C00022D2B0EEC00AF7EE000A30EEC00AF6EE94
:1085D000000A20EE208A18EE100A00F0BDFE00EE20
:1085E000100A14F0004F1DBF9FED281ADFED280A76
:1085F000B1EE400A9FED271A08BFF0EE410AF8EEEF
:10860000001A20EE210A05E020EE008A9FED221AD2
:10861000DFED220ADFED221A9FED222A70EEC00A5A
:1086200020EE080A08EE212ADFED1F1A48EE021A92
:108630009FED1E2A08EE212ADFED1D1A48EE021AD0
:10864000BDEC028B40EE610A30EE810A10BD4FF0A6
:10865000CC40B0EB440F82BF9FED160ABDEC028BFD
:1086600010BD4FF07F40B0EB440F05D2BDEC028B44
:10867000BDE8104000F0A8BD0120E8F72EF8BDECE1
:10868000028BBDE8104000F0A5BD0000000049408D
:1086900022AA7D3A000000000000C93F22AAFD394D
:1086A00024FE1C3DC78AD83C1E67383D1B93993D6C
:1086B000AFAA2A3EDB0FC93F10B54FF00E402DED9B
:1086C000028BB0EE408A18EE104A00EB4400B0F185
:1086D000506F4AD84FF0FC40B0EB440F22D2B0EEBE
:1086E000C80AF7EE000A30EEC00AF6EE000A60EEA5
:1086F000208A18EE900A00F02FFE01EE100A14F006
:10870000004F1DBFDFED2D0A9FED2D0AB1EE411A7E
:10871000DFED2C0A08BF9FED2C0AF8EE001A21EEBF
:10872000218A05E0DFED290A68EE088AB0EE600ACA
:108730009FED271ADFED271A30EE080A48EE811A5E
:108740009FED251A08EEA11ADFED241A48EE811AD2
:108750009FED231A08EEA11A68EE281ABDEC028BD1
:1087600001EE810A30EE200A10BD4FF0E440B0EB7C
:10877000440F0CD918EE100AFFF7FEFE042808BFBC
:1087800000F038FDB0EE480ABDEC028B10BD4FF092
:108790007F40B0EB440F07D2B0EE480ABDEC028B2D
:1087A000BDE8104000F010BD0120E7F796FFBDECDA
:1087B000028BBDE8104000F00DBD00000000C9BFF5
:1087C00022AAFDB90000C93F22AAFD39000000001D
:1087D00024FE1C3DC78AD83C1E67383D1B93993D3B
:1087E000AFAA2A3E70B54FF068422DED048BF0EE33
:1087F000408A18EE900AB0EE608A18EE101A02EB6A
:108800004003B3F1654F3CBF02EB4102B2F1654F4B
:108810007DD200BFC0F3C753C1F3C7529A1A1B2AB7
:1088200009DD10F0004F14BF9FED830A9FED830A0E
:10883000BDEC048B70BD12F11A0F36DA11F0004F47
:1088400009D010F0004F0CBF9FED7D0A9FED7D0A0F
:10885000BDEC048B70BD88EE889A19EE100AFFF704
:108860008BFE042808BF00F0C5FC18EE900AFFF745
:1088700083FE054618EE100AFFF77EFE044619EE49
:10888000100AFFF779FE042D18BF052D08D1042C1E
:1088900018BF052C04D1002804BF0220E7F71DFFF4
:1088A000B0EE490ABDEC048B70BD4200B2EB410F43
:1088B0003AD910F0004F19BFDFED630A9FED630A4C
:1088C000DFED630A9FED630AB0EE481A0A46B1EE87
:1088D000688A80F00041F0EE418A10460A1A520080
:1088E000B2F1807F34D2484010F0004FDFED5A1AC9
:1088F0009FED5A2A1DBFBEEE001A70EEE10A30EE5F
:10890000420AB6EE001A08BF70EEA10A00E040E08D
:1089100008BF30EE020AB0EE682A01EE482A08EEDF
:10892000818AC2EE081A15E011F0004F04BF9FEDD6
:108930004C0AF0EE400AD1D010F0004F19BFDFED25
:10894000490A9FED490ADFED490A9FED490AC5E74B
:10895000C8EE881A21EEA11A9FED462ADFED462ABD
:1089600041EE022A9FED452A01EE222ADFED442A3C
:1089700041EE022A9FED432ABDEC048B01EE222A30
:1089800021EE811A01EE020A30EE210A30EE200AB1
:1089900070BD4FF07F42B2EB400F28BFB2EB410FEA
:1089A00009D2F0EE480AB0EE680ABDEC048BBDE8CF
:1089B000704000F00CBC40EA01035B0008BF41F0CE
:1089C000FF410BD0B2EB400F08BFB2EB410F08D113
:1089D00020F0804008EE900A21F0804108EE101A45
:1089E00018E7B2EB400F12BF5FEA410340F0FF40CF
:1089F00001F000413FF40EAFB2EB410F12BF5FEA4E
:108A0000400200F0004041F0FF413FF403AF4A0054
:108A100092EA40033FF5FEAE002AACBF9FED1A0A72
:108A20009FED1A0A68EE808A28EE008A18EE900AF6
:108A300018EE101AEEE60000DB0FC9BFDB0FC93FCE
:108A4000DB0F4940DB0F49C00000C9BF22AAFDB9B6
:108A50000000C93F22AAFD390060ED3EC30ACE37AF
:108A600000000000000049C022AA7DBA0000494071
:108A700022AA7D3A2DAD65BD8FB8D53D0FB511BE8B
:108A800061C84C3EA8AAAABE0000804F0000802FFB
:108A900010EE101A08B5444A6846B2EB410F28D9C7
:108AA0004FF0E640B0EB410F94BF00204FF0FF3095
:108AB00000900098002861DB60EE000A10F0010FC2
:108AC00045D010F0020FDFED391A9FED391A00EE94
:108AD000A11ADFED381A40EE811A21EEA01AF0EE4D
:108AE000400A40EE010A08BFF1EE600AB0EE600AEB
:108AF00008BD314B21F0004293423CD911F0004FA8
:108B0000DFED2E0A20EE201ADFED2D0A19BF31EE1F
:108B1000601A71EE200A31EE201A71EE600ABDEE85
:108B2000E01A11EE100A9FED271A00F0030000EE84
:108B3000C10A9FED251A009000EEC10A9FED231A8D
:108B400000EEC10A9FED221A00EEC10AB1E79FEDC7
:108B5000211A9FED210A10F0020F00EE810A9FED0D
:108B60001F1A00EE801AB7EE000A00EE810A18BF45
:108B7000B1EE400A08BD00F045FB9AE710EE100A7E
:108B80004000B0F17F4F3CBFB7EE000A08BD07D1EF
:108B90004FF00100E7F7A1FDBDE8084000F01ABB67
:108BA000BDE8084000F010BBB61F927E336D4CB993
:108BB000DA82083CA0AA2ABE490E494683F9223F20
:108BC0000000004B0000C93F00A0FD390020A23387
:108BD0001A61342CB93AB2BACA9F2A3DDDFFFFBEF2
:108BE00010B510EE104A4FF019406949002200EB11
:108BF00044002DED028B884257D8DFED660A14F051
:108C0000004F60EE200A14BFBEEE001AB6EE001A46
:108C100071EE200AFDEEE00A10EE900A00EE900AD6
:108C2000F8EEE00A9FED5C1A00EEC10A9FED5B1AB8
:108C300000EEC10ADFED5A0A9FED5A1A00EE201A23
:108C4000DFED590A40EE010A9FED581A584B00F02B
:108C5000030100EE201A21EE000A7B4403EB81039E
:108C6000D3ED000A534B7B4403EB810393ED001AD1
:108C7000514B41EE000A7B4403EB8101801091EDE2
:108C8000000A70EE800AEABB00EE100AB8EEC01AC5
:108C9000DFED4A1A9FED4A0ABDEC028B01EE210A74
:108CA000BCEEC00A20EE200A10BD4FF0FF40A043EA
:108CB0001DD04FF0CE40B0EB440F81BFF7EE000A5D
:108CC00030EE200ABDEC028B10BD3E48B0EB440FE5
:108CD00028BF012291D20220E7F7FFFC14F0004FD9
:108CE00015D0BDEC028BBDE8104000F083BA14F53E
:108CF000000F02BF9FED340ABDEC028B10BDBDEC2E
:108D0000028B00E009E0BDE8104000F05DBABDEC68
:108D1000028BBDE8104000F065BA00EBD07359102B
:108D20004FF07E5202EBC15100EE101AA0EB63002F
:108D300002EBC05060EE200A00EE100A20EE208AFE
:108D400018EE100A88B118EE100AB0F1FF4F15D0D6
:108D500018EE100AFFF710FC042808BF00F04AFACA
:108D6000B0EE480ABDEC028B10BD0220E7F7B5FC5F
:108D7000BDEC028BBDE8104000F03CBA0220E7F7E2
:108D8000ACFCBDEC028BBDE8104000F02BBA00003B
:108D90000000501E3BAAB8400070313EF4FD05377C
:108DA00012BB2A3D12BB2A3EFFFFFF3EFFFF7F3F63
:108DB000B60B0000BA0B00008A0B00000000004B4D
:108DC00000007E4E0000A0850000000010B52DEDD3
:108DD000028BF0EE408A18EE900AB0EE608A20F026
:108DE0000040C0F1FF40C00F07D118EE100A20F07C
:108DF0000040C0F1FF40C00F2BD018EE101A18EE43
:108E0000900A00F085FC00EE100A10EE100A6FEADE
:108E1000D05010F0FF0F04BFBDEC028B10BD18EE58
:108E2000900A00F0004110EE100A00F0004081426C
:108E300004BFBDEC028B10BD18EE101A10EE100A24
:108E4000BDEC028B61F31E0000EE900A30EE600A6A
:108E500010BD18EE900A4FF07F41B1EB400F1CBFE0
:108E600018EE100A5FEA4000C7D10120E7F735FC91
:108E7000BDEC028BBDE8104000F0ACB910EE100A5A
:108E800010B50023A0F50001B1F1FE4F67D200BF7D
:108E900000F500216FF07E0202EBE15CC1F30252AB
:108EA0004FF07E5101EB025100EE901AA0EBCC5036
:108EB00003EB0C0100EE100A51EA020036D030EE4E
:108EC000601A70EE200A9FED3D2A3E4881EE200A8E
:108ED0009FED3B1A60EE000A00EE821A60EE201A47
:108EE00061EE810A784401EE101A00EB82009FEDDA
:108EF000362AB8EEC11AD0ED001A344841EE021AF3
:108F0000784401EE101A00EB8200B8EEC11A90ED21
:108F1000002ADFED2F2A01EE222AB0EE001A72EEAF
:108F2000200A40EE010A31EEA00A10BDF7EE000A59
:108F30009FED291A30EE600ADFED260A00EE201AB6
:108F4000DFED260A60EE001A40EE010A9FED241ABA
:108F500000EE201A61EE810A30EE200A10BD4FF0BB
:108F60007F41B1EB400F03D2BDE8104000F02CB9B7
:108F7000B0F1FF4F08BF10BDB5EEC00AF1EE10FA18
:108F800006D20120E7F7A9FBBDE8104000F022B9A6
:108F9000B5EEC00AF1EE10FA07D10220E7F79DFB0B
:108FA00000F008F9B1EE400A10BDDFED0E0A6FF0D7
:108FB000160320EE200A10EE100A69E766F1CC3E97
:108FC000AAAA2A3F4C0900000070313F5009000056
:108FD000F4FD053821ED423E0A1180BEC1ABAA3E28
:108FE000FFFFFFBE0000004B00B510EE101A2DED84
:108FF000028B81B0524A6846B2EB410F2ED94FF036
:10900000E640B0EB410F94BF00204FF0FF300090DE
:109010000098B0EE408A00286ADB10F0010F4BD0B8
:1090200068EE080A9FED471A9FED470A00EE810A95
:109030009FED461A10F0020F00EE801AB7EE000AFC
:1090400000EE810A02BF01B0BDEC028B00BD00BF83
:1090500001B0B1EE400ABDEC028B00BD3C4B21F0EB
:109060000042934241D911F0004FDFED3A0A20EE61
:10907000201ADFED390A19BF31EE601A71EE200AAD
:1090800031EE201A71EE600ABDEEE01A11EE100A00
:109090009FED321A00F0030000EEC10A9FED301A76
:1090A000009000EEC10A9FED2F1A00EEC10A9FED5D
:1090B0002E1A00EEC10AABE728EE080A9FED2B1A24
:1090C000DFED2B0A10F0020F40EE010A9FED291A86
:1090D00000EE201A61EE000AB0EE480A08EE200AFF
:1090E000B6D101B0BDEC028B00BD00F08BF88FE76C
:1090F00018EE100A4000B0F17F4F0DD218EE100AA2
:10910000FFF73AFA042808BF00F074F8B0EE480AF6
:1091100001B0BDEC028B00BD09D10120E7F7DDFAFB
:1091200001B0BDEC028B5DF804EB00F053B801B068
:10913000B0EE480ABDEC028B5DF804EB00F044B8D9
:10914000B61F927EB93AB2BACA9F2A3DDDFFFFBE72
:10915000490E494683F9223F0000004B0000C93FF9
:1091600000A0FD390020A2331A61342C336D4CB9B4
:10917000DA82083CA0AA2ABE10B52DED028BB1EE12
:10918000C08A18EE100A20F00040C0F1FF40C00F66
:109190000AD010EE100A20F00040C0F1FF40C00FCE
:1091A00004BF0120E7F799FAB0EE480ABDEC028B44
:1091B00010BD0000DFED030AB7EE001A81EE200AB1
:1091C000704700000000000030EE000A704730EEEB
:1091D000200A7047DFED020A80EEA00A7047000007
:1091E000000000009FED020A20EE000A7047000018
:1091F000000000709FED020A20EE000A7047000098
:10920000000000102DE9F0014FF07F42B2EB410F5A
:109210009FBF4FF0FF310160BDE8F00170474FF094
:10922000004242EA0123C1F3C752783A551112F0C5
:109230001F0C434CCCF120067C44C1F3C752A2F171
:1092400078024FEA621204EB820254F8254008BF0C
:10925000D2E9015612D0556804FA0CF425FA06F743
:109260003C43976805FA0CF527FA06F8D26807FA26
:109270000CFCF24045EA08054CEA0206A4FB034C4C
:10928000A5FB0352A6FB03631D449D4234BF012688
:1092900000261319334416B1934202D903E09342D6
:1092A00001D2012200E00022624402F1200C920669
:1092B000DC0C42EA443200EE102A5B03DFED210AA7
:1092C000F8EEC01A00EE103A4FEA9C1C11F0004F65
:1092D000B8EE400AC0F800C020EE201A00EE105A86
:1092E000DFED190AB8EE400A20EE200A71EE810A7D
:1092F00070EE800A10EE902A02F500626FF30B0206
:1093000000EE902A70EEE11A31EEC11ADFED101A6C
:1093100030EE411A9FED0D0A20EE800A01EE210A7F
:109320009FED0C1A00EE810A04BFBDE8F001704702
:10933000CCF180510160BDE8F001B1EE400A704708
:1093400038060000000000360000802C22AAFD290B
:10935000DB0FC92F0000C92F10B500EE100A2DED4C
:10936000028BB1EEC08A18EE100A20F00040C0F166
:10937000FF40C00F0AD010EE100A20F00040C0F1EC
:10938000FF40C00F04BF0120E7F7A7F918EE100A4D
:10939000BDEC028B10BD491058BFC1F140415B10BC
:1093A00058BFC3F140438B42EFF300807047000089
:1093B00051EA030C17D41CF5801F58BFBCF5801F61
:1093C00000F10680994218BF704708BF904270476D
:1093D00007D711F5801F58BF13F5801F19D4994284
:1093E0007047894270471CF5801F08D5BCF5801F67
:1093F000F7D58B4218BF704708BF824270474FF4C1
:10940000001C1CEB410F38BF1CEB430F01D28B42F9
:10941000704770B500F080F8922449004FF0005179
:109420004FF08053FFF7B7BF51EA030C17D41CF578
:10943000801F58BFBCF5801F00F10680994218BFFD
:10944000704708BF9042704707D711F5801F58BF7B
:1094500013F5801F19D499427047894270471CF553
:10946000801F08D5BCF5801FF7D58B4218BF704709
:1094700008BF824270474FF4001C1CEB410F38BFFD
:109480001CEB430F01D28B42704770B500F044F8DB
:10949000922449004FF080514FF00053FFF77BBFFB
:1094A00051EA030C17D41CF5801F58BFBCF5801F70
:1094B00000F10680994218BF704708BF904270477C
:1094C00007D711F5801F58BF13F5801F19D4994293
:1094D0007047894270471CF5801F08D5BCF5801F76
:1094E000F7D58B4218BF704708BF824270474FF4D0
:1094F000001C1CEB410F38BF1CEB430F01D28B4209
:10950000704770B500F008F8922449004FF0005100
:109510004FF08053FFF73FBF0EF1020E2EF0030E07
:109520005EF8046B364205D4012A43EB030515F5BA
:10953000001F12D8012841EB010C1CF5001F0CD8AC
:109540000ED14FEAD17C0CEB4C0C0CF1020C15F552
:10955000001F08BF4CEBD37C04E04FF0080C01E087
:109560004FEAD37C0CEB4C0526FA05F606F007060D
:10957000B6F1040C06D20EEB860CBDE870404CF040
:10958000010C6047DFE80CF0090B02024FF00041CC
:10959000A1F500214FF0000070BD194610460128CA
:1095A00051EB010418BFD4F5001484BF002001F072
:1095B000004170BD0808A0F500114FEA3101704765
:1095C00043004FEAD30C4FEA3C0C43401FBF400717
:1095D0000CF1605113F0FE4F70471CF0006F03D187
:1095E0000CF00041002070470CF0004343EA50703B
:1095F00040EACC0010B500F038F800BF000000923F
:109600004FEA0001FFF7D6BF4FF00041A1F500215E
:109610004FF00000704710B5FFF7CAFE0CBF0120E5
:10962000002010BD10B5FFF7C3FE14BF01200020BD
:1096300010BD10B5FFF7F8FE8CBF0120002010BD53
:1096400010B5FFF7F1FE2CBF0120002010BD10B5B2
:10965000FFF726FF94BF0120002010BD10B5FFF7D3
:109660001FFF34BF0120002010BD0EF1020E2EF0AE
:10967000030E5EF8044B244204D44FEA4102B2F1D7
:109680007F4F11D84FEA4003B3F17F4F0CD80ED172
:109690004FEAD07C0CEB4C0C0CF1020CB2F17F4F7A
:1096A00008BF4CEBD17C04E04FF0080C01E04FEA1E
:1096B000D17C0CEB4C0324FA03F404F00704B4F15E
:1096C000040C06D20EEB840CBDE810404CF0010CEB
:1096D0006047DFE80CF0070802024FF00040A0F5F9
:1096E000800010BD0846420018BFD2F1807288BFCA
:1096F00000F0004010BDF1EE100A4FF6FF71C0F20D
:10970000C03120EA010040F04070E1EE100A7047DD
:109710004FF07F4C3CEA410318BF3CEA400200F0A6
:1097200062804FF47F0C0CEAD11310F0004F18BF89
:1097300043F005031CEAD01218BF13EA0C0F00F027
:1097400057804FF0004C4CEA00204CEA0121A3F571
:1097500080339A4210DD23F00203B0F1004F06D3AC
:1097600043F00203401ABCBF404283F001034FEABA
:109770004000A2F58032ECE74FEA224CBCEB234FCD
:1097800008DB884206D31CD0A0EB4100C0F10000EA
:1097900083F0010340001DD217D40DD0B0FA80FC35
:1097A0000CF1010C00FA0CF0A2EB0C42D2F1000C0F
:1097B00012DB4FEAC37070474FEA437000F000407D
:1097C000704713F0020FE5D0DEE74FEA4000B2F534
:1097D0008032EBDD002AE9DD4FEAC21242EA502076
:1097E00040EAC370704710B5FFF73FFFEDFFFF3E43
:1097F0001CEAD11F02D000F00040704700487047BB
:109800000000C07F0000803F0030983F0000B53F5F
:109810000040D73F00000000320A7E397F661E39C3
:109820005B991F390000803FF037983FF304B53F44
:10983000FD44D73F000000000030F13D0070643E61
:109840000000A33E0090CF3E0090F83E00400F3F46
:1098500000E0203F0000000015B78337CDE37B38E0
:109860000EE1C53860F69138AF5F0F38E1BC3E3885
:1098700023F44739000000006E83F9A22915444EF5
:10988000D15727FCC0DD34F5999562DB4190433C0C
:10989000AB6351FE00000000000000000102030461
:1098A0000607080900000000010203040006101664
:1098B000000610160000803F0000000000000000BD
:1098C0000000000000000000000000000000000098
:1098D0000000803F000000000000000000000000C9
:1098E0000000000000000000000000000000803FB9
:1098F0000000000000000000000000000000000068
:1099000000000000000000000000803F0000000098
:109910000000000000000000000000000000000047
:10992000000000000000803F000000000000000078
:109930000000000000000000000000000000000027
:109940000000803F0000891112239B322446AD574E
:109950003665BF74488CC19D5AAFD3BE6CCAE5DB77
:109960007EE9F7F88110080193331A22A5562C4797
:10997000B7753E64C99C408DDBBF52AEEDDA64CB57
:10998000FFF976E802218B30100299132667AF7633
:109990003444BD554AADC3BC588ED19F6EEBE7FA37
:1099A0007CC8F5D983310A2091121803A7772E6657
:1099B000B5543C45CBBD42ACD99E508FEFFB66EA17
:1099C000FDD874C904428D5316619F702004A915F7
:1099D0003227BB364CCEC5DF5EEDD7FC6888E199F7
:1099E0007AABF3BA85520C4397711E60A114280517
:1099F000B3373A26CDDE44CFDFFD56ECE9986089D7
:109A0000FBBB72AA06638F7214409D512225AB34B2
:109A10003006B9174EEFC7FE5CCCD5DD6AA9E3B8B6
:109A2000788AF19B87730E6295501C41A3352A24D6
:109A3000B1163807CFFF46EEDDDC54CDEBB962A896
:109A4000F99A708B088481951AA793B62CC2A5D376
:109A50003EE1B7F04008C919522BDB3A644EED5F86
:109A6000766DFF7C899400859BB712A6ADD224C386
:109A7000BFF136E0C1184809D33B5A2AE55E6C4F66
:109A8000F77D7E6C0AA583B4188691972EE3A7F222
:109A90003CC0B5D14229CB38500AD91B666FEF7E46
:109AA000744CFD5D8BB502A499961087AFF326E246
:109AB000BDD034C1C3394A28D11A580BE77F6E6E26
:109AC000F55C7C4D0CC685D71EE597F42880A191E6
:109AD0003AA3B3B2444ACD5B5669DF78600CE91D06
:109AE000722FFB3E8DD604C79FF516E4A990208106
:109AF000BBB332A2C55A4C4BD7795E68E11C680DE6
:109B0000F33F7A2E0EE787F61CC495D52AA1A3B0A1
:109B10003882B193466BCF7A5448DD59622DEB3CC5
:109B2000700EF91F8FF706E69DD414C5ABB122A0C5
:109B3000B9923083C77B4E6AD5585C49E33D6A2CA5
:109B4000F11E780F40AC037D04014103057C000247
:109B50006D0D026D090243444320496E74657266BF
:109B60006163650043444320436F6E666967005339
:109B7000544D6963726F656C656374726F6E69636F
:109B8000730053544D3332205669727475616C20E2
:109B9000436F6D506F727400C89B01080000002075
:109BA000D0010000EC010008D89C0108D001002081
:109BB000D08000004C0200086D2FFFFF4D2FFFFFEB
:109BC000512FFFFF552FFFFF100CE7416B3A58A0B4
:109BD0008B3A82810113959D1408019E1B081D0478
:109BE0001A45042A950819141AB1041108081250CC
:109BF000C347CDCCCC3D0409531C110B1AC8421CE1
:109C00002D17B7D13804111324F41381961408BD0D
:109C1000931C08D599A83113A994140859921B08CC
:109C20004D14C113A5951B0839041A15301A2108C3
:109C30001409024313020125C03209041B01020B5F
:109C40001305241610010524011009010424020241
:109C500005240617010705820308151009040133BE
:109C6000020A2E0705010240072A810711130A067E
:109C700032023340011A12231302021E40830440B1
:109C800057591B02031513E5081B08E1041A850444
:109C90001319091B0869040718040309041A03149B
:109CA000FFFF0F160810820911160A15800B1610F7
:109CB000090C18010D7D04017C160240AB034128FC
:109CC0000805530806580407743C70170101321048
:089CD0004517B751B800000070
:040000050800018965
:00000001FF
