S31508000000B8820020A102000815780008556E00087D
S31508000010117800089108000855CB00080000000078
S315080000200000000000000000000000008D800008AD
S31508000030F90B0008000000001D7C00081D8100085F
S31508000040BB020008BB020008BB020008BB0200088E
S31508000050BB020008BB020008FD0B0008BB02000833
S31508000060BB020008090C0008150C0008BB020008B2
S31508000070D1090008E1090008BB020008F1090008D7
S31508000080BB020008BB020008BB020008BB0200084E
S3150800009095080008A5080008BB020008210C0008FE
S315080000A0BB020008BB020008BB020008BB0200082E
S315080000B0BB020008BB020008F5810008BB02000865
S315080000C0BB020008BB020008BB020008BB0200080E
S315080000D0BB02000879920008BB0200088992000852
S315080000E0BB020008BB020008BB020008BB020008EE
S315080000F0BB020008BB020008BB020008BB020008DE
S31508000100BB020008BB02000805820008BB02000803
S31508000110BB020008BB020008BB020008BB020008BD
S31508000120BB020008010A0008110A0008210A000893
S31508000130BB020008BB020008BB020008BB0200089D
S31508000140B5080008C5080008BB020008857800083D
S31508000150310A0008410A0008510A00089992000865
S31508000160BB020008BB020008BB020008BB0200086D
S31508000170BB020008BB020008BB0200080000000022
S31508000180BB020008BB02000800F002F800F078F88D
S3150800019014A696E8000CB244B344DA4501D100F03F
S315080001A06FF8BAE80F000FA696E83000A5EB04052D
S315080001B004EB0607AAEB0704A7F101074FEA151592
S315080001C04FEA3414A4F10104AC4201D300F058F804
S315080001D013F0010F18BFFB1A43F0010300F001F8F2
S315080001E0DBE71847649B0100849B01000A444FF033
S315080001F0000C10F8013B13F0070408BF10F8014B78
S315080002001D1108BF10F8015B641E05D010F8016BBC
S31508000210641E01F8016BF9D113F0080F1EBF10F820
S31508000220014BAD1C0C1B09D16D1E58BF01F801CB43
S31508000230FAD505E014F8016B01F8016B6D1EF9D5C6
S315080002409142D6D37047000070470000002300246F
S3150800025000250026103A28BF78C1FBD8520728BFC8
S3150800026030C148BF0B6070471FB519F01CFB9DE8ED
S31508000270030000F0D1F900F09DF91FBD10B510BDBF
S3150800028000F073FA1146FFF7EFFF18F023FA00F0B3
S3150800029091FA03B4FFF7F2FF03BC00F02FFA00004F
S315080002A00948804709480047FEE7FEE7FEE7FEE7FC
S315080002B0FEE7FEE7FEE7FEE7FEE7FEE70448054938
S315080002C0054A064B70470000E181000889010008CD
S315080002D0B8640020B8820020B8730020B8730020E4
S315080002E070B5064600F07CF9056806F10B0020F0AB
S315080002F00704B4429CBF002070BD2B466A68BAB199
S315080003001068A04210D304F1080188423CBF506827
S31508000310586007D35168101941601168091B0160BC
S3150800032058601460101D70BD13465268002AE7D144
S315080003302146284600F05CF90028DED170BD53EA54
S31508000340020C00F069802DE9F04B4FF00006002BF7
S315080003501FBFB3FA83F503FA05F424FA05F65E40DF
S3150800036012BF1643B2FA82F502FA05F4C5F1200562
S315080003701EBF22FA05FC44EA0C04203556EA044C52
S315080003804FEA144418BF641C4FF000084FF00009E8
S31508000390904271EB030C39D3002919BFB1FA81F7E2
S315080003A001FA07F6B0FA80F700FA07F6C7F1200750
S315080003B01EBF20FA07FC46EA0C062037B6FBF4FCFB
S315080003C0A7EB0507103F07F01F0BCBF120062CFA09
S315080003D006F60CFA0BFB44BFB3460026202FA4BF33
S315080003E05E464FF0000B5BEA060C08BF4FF0010BA8
S315080003F019EB0B0948EB0608ABFB027C06FB02CCA3
S315080004000BFB03CCC01B71EB0C01C1E70B46024684
S3150800041041464846BDE8F08B13B5084318BF4FF070
S31508000420FF300146AFF30080BDE81C407047032A41
S3150800043040F2308010F0030C00F0158011F8013BF3
S31508000440BCF1020F624498BF11F801CB00F8013BDA
S3150800045038BF11F8013BA2F1040298BF00F801CB9E
S3150800046038BF00F8013B11F0030300F02580083A75
S31508000470C0F0088051F8043B083A51F804CBA0E8CC
S315080004800810F5E7121D5CBF51F8043B40F8043B21
S31508000490AFF30080D20724BF11F8013B11F801CB56
S315080004A048BF11F8012B24BF00F8013B00F801CB27
S315080004B048BF00F8012B704710B5203AC0F00B80F2
S315080004C0B1E81850A0E81850B1E81850A0E818503C
S315080004D0203ABFF4F5AF5FEA027C24BFB1E81850B2
S315080004E0A0E8185044BF18C918C0BDE810405FEA14
S315080004F0827C24BF51F8043B40F8043B08BF704790
S31508000500D20728BF31F8023B48BF11F8012B28BF94
S3150800051020F8023B48BF00F8012B70474FF0000255
S315080005200429C0F0128010F0030C00F01B80CCF1F7
S31508000530040CBCF1020F18BF00F8012BA8BF20F865
S31508000540022BA1EB0C0100F00DB85FEAC17C24BFB9
S3150800055000F8012B00F8012B48BF00F8012B704763
S315080005604FF0000200B5134694469646203922BF3E
S31508000570A0E80C50A0E80C50B1F12001BFF4F7AF89
S31508000580090728BFA0E80C5048BF0CC05DF804EB6B
S31508000590890028BF40F8042B08BF704748BF20F8D9
S315080005A0022B11F0804F18BF00F8012B70477047D7
S315080005B07047704708487CB57844009007487844E7
S315080005C0009C0546019004E02046016808448047DF
S315080005D0241DAC42F8D17CBDAC970100B69701004A
S315080005E000487047E0010020704770477047704721
S315080005F038B504460A4600206946AFF3008000284D
S3150800060008BF38BD02460099204600F085F801204B
S3150800061038BD012000F0A1B8F8B5AFF30080054653
S3150800062000200C460C2000BF0646A819A0420DD98A
S31508000630324669460020AFF30080070008BF00F085
S315080006408CF80098A04218BF0546C419FFF7C8FFE2
S3150800065005600746F01D20F007004619284600F0F9
S315080006600AF8B44208BFF8BDA21B31463868BDE88F
S31508000670F84000F051B800210160416070470C2035
S31508000680704770B50446051FFFF7AAFF0068002CDF
S3150800069014BF446870BD002C18BFAC423CBF20464E
S315080006A06468F8D301680A18AA4218BF456003D1DE
S315080006B02A6805461144016028684119A1421CBFF1
S315080006C06C6070BD6168696021680844286070BD07
S315080006D010B500F01DF8006810BD10B5044600F00E
S315080006E017F8046010BD10B5002000F02FF8FFF7CA
S315080006F0C5FDBDE810400120AFF300800149182070
S31508000700ABBEFEE72600020000487047D80100206D
S3150800071000487047D8010020034640688C460028E8
S3150800072018BF88423CBF03464068F8D31868184487
S31508000730884207D00CF1030020F00700001D411A7B
S31508000740521A0146081D0A60FFF79BBF10B500F054
S315080007503FF8BDE8104000F036B810B500F050F884
S31508000760BDE8104000F02FB870477546FFF7CCFF7C
S31508000770AE4605006946534620F00700854618B080
S3150800078020B5FFF79BFDBDE820404FF000064FF06F
S3150800079000074FF000084FF0000BAC46ACE8C00964
S315080007A0ACE8C009ACE8C009ACE8C00921F007010B
S315080007B08D46704710B50446AFF300802046BDE865
S315080007C01040FFF766BD002801D0FFF797BF7047B6
S315080007D010B5002102A000F03BF8012010BD000072
S315080007E0534947414252543A2041626E6F726D61D5
S315080007F06C207465726D696E6174696F6E000000B5
S3150800080010B5012805D0002103A000F021F8012029
S3150800081010BD09A1F8E7000053494752544D454D0C
S315080008203A204F7574206F662068656170206D6583
S315080008306D6F7279000000003A2048656170206D7E
S31508000840656D6F727920636F727275707465640076
S3150800085070B505460C460A2000E06D1C00F011F83C
S3150800086035B128780028F8D102E0641C00F009F8B0
S3150800087014B120780028F8D1BDE870400A20AFF3FB
S31508000880008008B569468DF800000320ABBE08BD98
S31508000890FFE7FEE780B545F6D000C2F2000000F09B
S315080008A0ADFC80BD80B545F6D000C2F2000000F070
S315080008B0A5FC80BD80B545F6F800C2F2000000F040
S315080008C09DFC80BD80B545F6F800C2F2000000F038
S315080008D095FC80BD84B08DF80F000291ADF8062016
S315080008E09DF80F000146009123281DD80099DFE8DE
S315080008F001F012131415161B1B1B1B1B1B1B1B1BA2
S315080009001B1B1B1B1B1B1B1B1B1B1B1B1B1B1B1B29
S315080009101B1B1718191A08E007E006E005E004E0B3
S3150800092003E002E001E000E0FFE7002004B07047C2
S315080009300020704780B582B045F2F450C2F200003C
S31508000940009042F67C61C2F200010022019209F091
S3150800095045F8009842F27C61C2F2000109F020F8DD
S31508000960019802B080BD000080B584B00390029162
S31508000970039945F2F450C2F20000009009F010F80D
S31508000980009808F0B3FF03990298026840F2D03045
S31508000990C2F2000001903030FFF749FD0198029934
S315080009A00968A0F86010426E039802990968904792
S315080009B0002004B080BD000083B0029001918DF83C
S315080009C0032000208DF802009DF9020003B070474D
S315080009D080B545F66030C2F2000001F04BF980BDE3
S315080009E080B545F62010C2F2000001F043F980BD3B
S315080009F080B545F68010C2F2000001F03BF980BDD3
S31508000A0080B545F6C030C2F2000001F033F980BD6A
S31508000A1080B545F6E010C2F2000001F02BF980BD62
S31508000A2080B545F64020C2F2000001F023F980BDEA
S31508000A3080B545F6A020C2F2000001F01BF980BD82
S31508000A4080B545F62040C2F2000001F013F980BDDA
S31508000A5080B545F60030C2F2000001F00BF980BD02
S31508000A6082B001900198007810384AF6AB21CAF690
S31508000A70AA21A0FB011000090090009949F65C2004
S31508000A80C0F60100405C0199C8650098042807D3A0
S31508000A90FFE701990868042262F30900886506E001
S31508000AA00199086840F2FF3290438865FFE701988C
S31508000AB0806D02B07047000086B0059000208DF862
S31508000AC013000598806A03900598806910BBFFE7B4
S31508000AD00398029003281BD80299DFE801F0020D5B
S31508000AE00218059890F82F00C00720B1FFE70120EB
S31508000AF08DF81300FFE70CE00598C06AB0F1C07FD7
S31508000B0004D1FFE701208DF81300FFE701E000E0BC
S31508000B10FFE745E005988069B0F5005F25D1FFE756
S31508000B200398019003281ED80199DFE801F0020610
S31508000B30021101208DF8130016E0059890F82F0091
S31508000B40C00720B1FFE701208DF81300FFE70BE08F
S31508000B500598C06AB0F1C07F04D1FFE701208DF87F
S31508000B601300FFE700E0FFE719E003980090032869
S31508000B7004D3FFE70098032804D00EE001208DF87F
S31508000B8013000BE0059890F82F00C00720B1FFE787
S31508000B9001208DF81300FFE700E0FFE7FFE7FFE716
S31508000BA09DF8130006B0704784B003900291019235
S31508000BB0009303980168086820F48020086000986C
S31508000BC003990968486003988068402809D1FFE7B7
S31508000BD00198039909688860029803990968C860AA
S31508000BE008E00298039909688860019803990968DA
S31508000BF0C860FFE704B070477047000080B5012061
S31508000C0001F00AFB80BD000080B5082001F004FB56
S31508000C1080BD000080B5102001F0FEFA80BD0000FE
S31508000C2080B5202001F0F8FA80BD000072B6FFE713
S31508000C30FEE7000080B584B047F61020C1F6FF70C5
S31508000C400068039047F61420C1F6FF70006802900A
S31508000C5047F61820C1F6FF700068019001990398BD
S31508000C6008440390039888B1FFE7039840F2781187
S31508000C70C2F2000100910231082206F0EDF800994F
S31508000C8002981231042206F0E7F8FFE704B080BDA7
S31508000C9084B002900191029890F820008DF8030024
S31508000CA09DF80300012805D0FFE79DF803000228F8
S31508000CB00AD1FFE7019A029801684869104348611A
S31508000CC000208DF80F0008E00299486A40F4802059
S31508000CD0486201208DF80F00FFE79DF80F0004B069
S31508000CE07047000088B00690059104920393069811
S31508000CF090F820008DF80700069800688068009034
S31508000D000598806808B9FFE700E0FFE79DF8070047
S31508000D10012806D0FFE79DF80700022840F08080EA
S31508000D20FFE79DF80300400700280CD4FFE79DF86D
S31508000D3003000007002806D4FFE79DF80300C00655
S31508000D40002864D5FFE70098C0F301600290029975
S31508000D5001208840039908600598806868B9FFE70C
S31508000D6005980168C06840EA415006990968029AE0
S31508000D7001EB0211C1F880010EE005994A688868FE
S31508000D80C96840EAC200084306990968029A01EB55
S31508000D900211C1F88001FFE70598006906990968FC
S31508000DA0029A01EB0211C1F884010598007D012819
S31508000DB00CD1FFE706980068029900EB0111D1F8FB
S31508000DC0840140F48070C1F88401FFE70498406804
S31508000DD006990968029A01EB0211C1F88C01049878
S31508000DE0006806990968029A01EB0211C1F88801A0
S31508000DF006980068029900EB0111D1F8800140F0CD
S31508000E000100C1F8800100208DF81F0011E0069945
S31508000E10486A40F40010486201208DF81F0008E077
S31508000E200699486A40F48020486201208DF81F0020
S31508000E30FFE79DF81F0008B07047000086B00490D1
S31508000E400391049800680190049890F820008DF8A2
S31508000E5003009DF80300012806D0FFE79DF803006C
S31508000E60022840F0B080FFE746F20040C4F20000D6
S31508000E7001900199D1F8000240F00100C1F8000282
S31508000E800199D1F8000220F47C50C1F800020398B9
S31508000E90426A0199D1F8000240EA0220C1F800022C
S31508000EA00398406900F01F01012088400290029AC9
S31508000EB00199D1F81C029043C1F81C020398C06935
S31508000EC0F0B9FFE7029A0199D1F80C029043C1F8EC
S31508000ED00C02039A9088D168526940EA0140019948
S31508000EE001EBC201C1F84002039A10889168526961
S31508000EF040EA0140019901EBC201C1F84402FFE74B
S31508000F000398C06901281ED1FFE7029A0199D1F812
S31508000F100C021043C1F80C02039A908811685269B2
S31508000F2040EA0140019901EBC201C1F84002039A67
S31508000F3090899168526940EA0140019901EBC20122
S31508000F40C1F84402FFE70398806940B9FFE7029AAF
S31508000F500199D1F804029043C1F8040207E0029A05
S31508000F600199D1F804021043C1F80402FFE7039877
S31508000F70006940B9FFE7029A0199D1F81402904333
S31508000F80C1F8140207E0029A0199D1F81402104335
S31508000F90C1F81402FFE70398006A012808D1FFE7A1
S31508000FA0029A0199D1F81C021043C1F81C02FFE706
S31508000FB00199D1F8000220F00100C1F800020020D2
S31508000FC08DF8170008E00499486A40F480204862C2
S31508000FD001208DF81700FFE79DF8170006B0704747
S31508000FE081B0009001B0704786B0049003910292D8
S31508000FF00193049890F820008DF803009DF80300EB
S31508001000012806D0FFE79DF80300022840F0E88093
S31508001010FFE7039880B9FFE704980068C06880076F
S3150800102048B9FFE70499486A40F40010486201206D
S315080010308DF81700DDE00FE0049800680069800766
S3150800104048B9FFE70499486A40F40010486201204D
S315080010508DF81700CDE0FFE704980068039900EBC8
S315080010600110D0F8B00100F00400029988600298D7
S31508001070806858B9FFE704980068039900EB0110E7
S31508001080D0F8B001400D029908600AE0049800689B
S31508001090039900EB0110D0F8B001C0080299486026
S315080010A0FFE704980068039900EB0110D0F8B00137
S315080010B000F002000299C86004980068039900EBE2
S315080010C00110D0F8B40100F00F00082804D3FFE798
S315080010D00299082008610BE004980068039900EB60
S315080010E00110D0F8B40100F00F0002990861FFE77B
S315080010F004980068039900EB0110D0F8B40180B297
S31508001100000A0299886104980068039900EB0110A7
S31508001110D0F8B401000C0299486104980068039954
S3150800112000EB0110D0F8B80101990870049800681E
S31508001130039900EB0110D0F8B801000A019948702C
S3150800114004980068039900EB0110D0F8B801000C68
S315080011500199887004980068039900EB0110D0F88B
S31508001160B801000E0199C87004980068039900EB4D
S315080011700110D0F8BC010199087104980068039918
S3150800118000EB0110D0F8BC01000A019948710498D7
S315080011900068039900EB0110D0F8BC01000C019916
S315080011A0887104980068039900EB0110D0F8BC0117
S315080011B0000E0199C871039838B9FFE704980168C9
S315080011C0C86840F02000C86006E00498016808690D
S315080011D040F020000861FFE700208DF8170008E0BE
S315080011E00499486A40F48020486201208DF8170067
S315080011F0FFE79DF8170006B07047000080B58AB073
S315080012000990002008900998006840690790099895
S3150800121000684068069009980068806805900998F3
S315080012200068C068049009980068006903900998E6
S315080012300068806902909DF81C00C007002800F02D
S315080012409480FFE79DF81400C00758B3FFE7099894
S315080012500168012088609DF814008007002804D5DD
S31508001260FFE7099800F056FC1BE09DF814004007BC
S31508001270002805D5FFE7089840F4006008900FE0BD
S315080012809DF814000007002805D5FFE7089840F4E4
S315080012908050089003E0099800F038FCFFE7FFE764
S315080012A0FFE7FFE79DF81500C00760B3FFE7099859
S315080012B001684FF4807088609DF815008007002843
S315080012C004D5FFE7099800F02DFC1BE09DF81500F2
S315080012D04007002805D5FFE7089840F40050089015
S315080012E00FE09DF815000007002805D5FFE70898C8
S315080012F040F48040089003E0099800F00FFCFFE7EF
S31508001300FFE7FFE7FFE79DF81600C00760B3FFE7B2
S31508001310099801684FF4803088609DF816008007A8
S31508001320002804D5FFE7099800F004FC1BE09DF8A7
S3150800133016004007002805D5FFE7089840F4004046
S3150800134008900FE09DF816000007002805D5FFE76E
S31508001350089840F48030089003E0099800F0E6FB0E
S31508001360FFE7FFE7FFE7FFE7FFE79DF81C00000739
S31508001370002810D5FFE79DF81000C006002809D5FB
S31508001380FFE7089840F40070089009980168102053
S31508001390C860FFE7FFE79DF81C00400700280FD547
S315080013A0FFE79DF810000007002808D5FFE7099811
S315080013B001680820C860099800F0DEFAFFE7FFE731
S315080013C09DF81C00800700280BD5FFE709980068E0
S315080013D0C068800720B1FFE7099800F0D1FAFFE757
S315080013E0FFE79DF81C004006002810D5FFE79DF88A
S315080013F00C00C006002809D5FFE7089840F480606D
S3150800140008900998016810200861FFE7FFE79DF832
S315080014101C00800600280FD5FFE79DF80C00000782
S31508001420002808D5FFE70998016808200861099887
S3150800143000F0E2FAFFE7FFE79DF81C00C006002867
S315080014400BD5FFE7099800680069800720B1FFE718
S31508001450099800F0D5FAFFE7FFE79DF81E00800718
S3150800146000280FD5FFE79DF81800C006002808D504
S31508001470FFE70998016810204860099800F0FCFA0F
S31508001480FFE7FFE79DF81E00C00778B1FFE79DF864
S3150800149018000007002808D5FFE709980168082002
S315080014A04860099800F04AFBFFE7FFE79DF81D0032
S315080014B00006002840F18D80FFE79DF818004007D8
S315080014C0002840F18180FFE79DF81D00C00750B154
S315080014D0FFE79DF80800C00728B1FFE7089840F025
S315080014E001000890FFE79DF81D00800700280BD52E
S315080014F0FFE79DF808008007002805D5FFE708984C
S3150800150040F002000890FFE79DF81D0040070028FC
S315080015100BD5FFE79DF808004007002805D5FFE72B
S31508001520089840F004000890FFE79DF81D000007A2
S31508001530002848D5FFE79DF8080010F0700F42D044
S31508001540FFE7029800F0700001460191102814D0B8
S31508001550FFE70198202815D0FFE70198302816D014
S31508001560FFE70198402817D0FFE70198502818D0C0
S31508001570FFE70198602819D01DE0089840F0080098
S31508001580089019E0089840F01000089014E00898B0
S3150800159040F0200008900FE0089840F040000890BE
S315080015A00AE0089840F08000089005E0089840F4A2
S315080015B08070089000E0FFE709980168886920F0C4
S315080015C070008861FFE7FFE7099801680420486012
S315080015D0FFE7089848B1FFE7089A0999486A10434F
S315080015E048620998FFF7FCFCFFE70AB080BD0000D7
S315080015F080B584B00290029820B9FFE701208DF8E3
S315080016000F00E0E0029890F8200020B9FFE7029862
S3150800161000F0DEF8FFE702980168086840F001006C
S31508001620086001F01DF80190FFE70298006840681D
S31508001630C007A8B9FFE701F013F80199401A0B286B
S315080016400DD3FFE70299486A40F4003048620299D0
S31508001650052081F8200001208DF80F00B3E0E4E7AB
S3150800166002980168086820F00200086000F0F8FF98
S315080016700190FFE70298006840688007002815D5A2
S31508001680FFE700F0EDFF0199401A0B280DD3FFE79D
S315080016900299486A40F4003048620299052081F8A8
S315080016A0200001208DF80F008DE0E3E70298007E08
S315080016B0012807D1FFE702980168086840F0800012
S315080016C0086006E002980168086820F08000086053
S315080016D0FFE70298407E012807D1FFE702980168D4
S315080016E0086840F04000086006E00298016808684B
S315080016F020F040000860FFE70298807E012807D1A5
S31508001700FFE702980168086840F02000086006E0D4
S3150800171002980168086820F020000860FFE7029830
S31508001720C07E012807D1FFE702980168086820F003
S315080017301000086006E002980168086840F010008A
S315080017400860FFE70298007F012807D1FFE70298A3
S315080017500168086840F00800086006E00298016819
S31508001760086820F008000860FFE70298407F012813
S3150800177007D1FFE702980168086840F0040008608E
S3150800178006E002980168086820F004000860FFE790
S31508001790029B19685A689868D3F80CC040EA0C008E
S315080017A0D3F810C040EA0C005B691843013A1043AD
S315080017B0C861029900204862029A012182F8201025
S315080017C08DF80F00FFE79DF80F0004B080BD0000FC
S315080017D080B592B01190002010900F900E900D9049
S315080017E00C901198006846F20041C4F20001884244
S315080017F052D1FFE740F20030C2F200000168013121
S3150800180001600068012812D1FFE7FFE700200B906E
S3150800181043F64000C4F20200016841F0007101601D
S31508001820006800F000700B900B98FFE7FFE7FFE7F2
S3150800183000200A9043F63000C4F20200016841F025
S3150800184008010160006800F008000A900A98FFE79E
S3150800185003200C9002210D91002105910E910F9005
S315080018600920109040F60040C4F202000CA900F0CE
S31508001870EFFC059A14200490114601F0A3F9049888
S3150800188001F096F9059A15200690114601F09AF985
S31508001890069801F08DF96DE01198006846F600018A
S315080018A0C4F20001884264D1FFE7FFE700200990EF
S315080018B043F64000C4F20200016841F0806101600D
S315080018C0006800F0806009900998FFE740F2003050
S315080018D0C2F200000168013101600068012812D1D6
S315080018E0FFE7FFE70020089043F64000C4F2020035
S315080018F0016841F000710160006800F0007008900E
S315080019000898FFE7FFE7FFE70020079043F6300057
S31508001910C4F20200016841F002010160006800F0AB
S31508001920020007900798FFE760200C9002200D90B0
S31508001930002002900E9003200F900920109040F28C
S315080019400040C4F202000CA900F082FC029A402072
S315080019500190114601F036F9019801F029F9029A29
S3150800196041200390114601F02DF9039801F020F962
S31508001970FFE7FFE712B080BD81B0009001B0704765
S3150800198080B586B005900598006846F20041C4F215
S315080019900001884212D1FFE7059840F25821C2F2A9
S315080019A0000103910A1D049201F120030021FFF7AB
S315080019B01BFB03990498896A88471BE00598006809
S315080019C046F60001C4F20001884212D1FFE70598E5
S315080019D040F2A421C2F2000101910A1D029201F10E
S315080019E020030021FFF700FB01990298896A8847BE
S315080019F0FFE7FFE706B080BD81B0009001B07047F1
S31508001A0080B586B005900598006846F20041C4F294
S31508001A100001884212D1FFE7059840F25821C2F228
S31508001A20000103910A1D049201F120030121FFF729
S31508001A30DBFA03990498896A88471BE005980068C9
S31508001A4046F60001C4F20001884212D1FFE7059864
S31508001A5040F2A421C2F2000101910A1D029201F18D
S31508001A6020030121FFF7C0FA01990298896A88477D
S31508001A70FFE7FFE706B080BD81B0009001B0704770
S31508001A8080B584B00290029890F8200001282FD1E2
S31508001A90FFE70299022081F8200002980168086889
S31508001AA020F00100086000F0DBFD0190FFE70298D6
S31508001AB000684068C007A8B1FFE700F0D1FD0199AA
S31508001AC0401A0B280DD3FFE70299486A40F4003004
S31508001AD048620299052081F8200001208DF80F0040
S31508001AE00FE0E4E70299002048628DF80F0008E04D
S31508001AF00299486A40F40020486201208DF80F00D8
S31508001B00FFE79DF80F0004B080BD000081B000908B
S31508001B1001B0704781B0009001B0704781B0009065
S31508001B2001B0704781B0009001B0704781B0009055
S31508001B3001B0704781B0009001B0704781B0009045
S31508001B4001B0704780B584B002900298806D01900C
S31508001B5000F086FD0090029890F8350002280DD016
S31508001B60FFE7029980204865FFE70299002081F87F
S31508001B703400FFE701208DF80F0055E00298016850
S31508001B80086820F01600086002980168486920F085
S31508001B90800048610298006C20B9FFE70298806CC3
S31508001BA038B1FFE702980168086820F00800086065
S31508001BB0FFE702980168086820F001000860FFE75F
S31508001BC0029800680068C007C8B1FFE700F048FD42
S31508001BD00099401A062811D3FFE702992020486584
S31508001BE00299032081F83500FFE70299002081F861
S31508001BF03400FFE703208DF80F0015E0E0E70298B0
S31508001C00C16D3F208840019988600299012081F8BA
S31508001C103500FFE70299002081F83400FFE7FFE767
S31508001C2000208DF80F00FFE79DF80F0004B080BD77
S31508001C3082B00090009890F83500022807D0FFE798
S31508001C4000998020486501208DF807000EE000996C
S31508001C50052081F8350000980168086820F0010021
S31508001C600860FFE700208DF80700FFE79DF80700EA
S31508001C7002B0704780B586B005900020039040F208
S31508001C80C000C2F20000006848F2B511C1F64E3134
S31508001C90A0FB0110800A02900598806D01900198BA
S31508001CA00068049004980599C96DC8400007002883
S31508001CB01AD5FFE70598006800684007002812D57E
S31508001CC0FFE705980168086820F004000860059891
S31508001CD0C16D08208840019988600599486D40F0D3
S31508001CE001004865FFE7FFE704980599C96DC840F4
S31508001CF0C007A0B1FFE705980068406900060028FC
S31508001D000CD5FFE70598C16D0120884001998860C8
S31508001D100599486D40F002004865FFE7FFE704981B
S31508001D200599C96DC8404007002814D5FFE70598EE
S31508001D3000680068800700280CD5FFE70598C16D84
S31508001D4004208840019988600599486D40F0040090
S31508001D504865FFE7FFE704980599C96DC840C006BE
S31508001D60002847D5FFE7059800680068000700289F
S31508001D703FD5FFE70598C16D102088400199886016
S31508001D80059800680068400300281AD5FFE70598FB
S31508001D90006800680003002809D4FFE70598006C6E
S31508001DA020B1FFE70598016C8847FFE708E005982A
S31508001DB0806C20B1FFE70598816C8847FFE7FFE74D
S31508001DC016E0059800680068C005002807D4FFE7F4
S31508001DD005980168086820F008000860FFE705987C
S31508001DE0006C20B1FFE70598016C8847FFE7FFE71D
S31508001DF0FFE7FFE704980599C96DC84080060028E3
S31508001E0040F18D80FFE7059800680068C006002845
S31508001E1040F18480FFE70598C16D2020884001992C
S31508001E208860059890F83500052834D1FFE70598AD
S31508001E300168086820F01600086005980168486976
S31508001E4020F0800048610598006C20B9FFE70598E6
S31508001E50806C38B1FFE705980168086820F008002B
S31508001E600860FFE70598C16D3F20884001998860A2
S31508001E700599012081F83500FFE70599002081F8CA
S31508001E803400FFE70598006D20B1FFE70598016D5E
S31508001E908847FFE77BE0059800680068400300284C
S31508001EA01AD5FFE70598006800680003002809D4DA
S31508001EB0FFE70598406C20B1FFE70598416C884715
S31508001EC0FFE708E00598C06B20B1FFE70598C16BEE
S31508001ED08847FFE7FFE720E0059800680068C00527
S31508001EE0002811D4FFE705980168086820F010005B
S31508001EF008600599012081F83500FFE7059900205B
S31508001F0081F83400FFE7FFE70598C06B20B1FFE7CB
S31508001F100598C16B8847FFE7FFE7FFE7FFE70598E6
S31508001F20406DA0B3FFE70598406DC00730B3FFE7E3
S31508001F300599052081F8350005980168086820F09C
S31508001F4001000860FFE70398013003900299884270
S31508001F5001D9FFE707E0FFE7059800680068C007B2
S31508001F600028F0D1FFE70599012081F83500FFE741
S31508001F700599002081F83400FFE7FFE70598C06C53
S31508001F8020B1FFE70598C16C8847FFE7FFE706B071
S31508001F9080BD000080B586B004900020039000F054
S31508001FA05FFB0290049820B9FFE701208DF817001F
S31508001FB0A3E00498406A08B1FFE7FFE70499022006
S31508001FC081F83500FFE70499002081F83400FFE71F
S31508001FD004980168086820F001000860FFE7049883
S31508001FE000680068C00790B1FFE700F039FB029966
S31508001FF0401A06280AD3FFE7049920204865049961
S31508002000032081F835008DF8170076E0E7E7049895
S31508002010006800680390039848F23F01CFF2100168
S3150800202008400390049900914868D1F808C0CB6825
S315080020300A6940EA0C00184310434A6910438A6942
S315080020401043CA691043096A014303980843039079
S315080020500498406A042808D1FFE70499C86A096BFE
S315080020600143039808430390FFE703980499096816
S3150800207008600498006840690390039820F00700F8
S3150800208003900498416A0398084303900498406AA9
S3150800209004281AD1FFE70498816A03980843039035
S315080020A00498C06A80B1FFE70498FEF705FD50B1B1
S315080020B0FFE70499402048650499012081F8350016
S315080020C08DF8170019E0FFE7FFE7039804990968F8
S315080020D048610498FEF7C4FC01900498C16D3F203E
S315080020E0884001998860049900204865049A01216E
S315080020F082F835108DF81700FFE79DF8170006B02F
S3150800210080BD000080B588B00690059104920393BF
S3150800211000208DF80B000698806D0190FFE7069861
S3150800212090F83400012804D1FFE702208DF81F003B
S3150800213045E00699012081F83400FFE7FFE7069895
S3150800214090F8350001282BD1FFE70699022081F87F
S31508002150350006990020486506980599049A039B58
S31508002160FEF722FD0698C16D3F20884001998860D8
S3150800217006980168086840F0160008600698006C22
S3150800218038B1FFE706980168086840F0080008605B
S31508002190FFE706980168086840F00100086009E052
S315080021A0FFE70699002081F83400FFE702208DF842
S315080021B00B00FFE79DF80B008DF81F00FFE79DF861
S315080021C01F0008B080BD000080B584B0039000F001
S315080021D047FA0290039801900198013048B1FFE749
S315080021E040F2C910C2F20000017801980844019033
S315080021F0FFE7FFE700F034FA0299401A019988428E
S3150800220001D2FFE7F6E704B080BD000081B0ADF863
S31508002210020001B07047000080B582B0ADF8060034
S3150800222043F61440C4F201000068BDF806100842DF
S315080022300CD0FFE7BDF8060043F61441C4F20101CD
S315080022400860BDF80600FFF7E1FFFFE702B080BDB2
S315080022508EB00D900C9100200A90099008900B9072
S31508002260FFE70B980F2800F2CC81FFE70B990120B6
S3150800227088400A900C9800680A99084009900998BD
S315080022800A99884240F0B881FFE70C98406800F048
S315080022900300012807D0FFE70C98406800F0030008
S315080022A002282FD1FFE70D98806808900B98410007
S315080022B0032000FA01F10898884308900C98C06832
S315080022C00B99490000FA01F1089808430890089804
S315080022D00D9988600D98406808900B99012000FABE
S315080022E001F10898884308900C984068C0F30010DC
S315080022F00B9900FA01F108980843089008980D9977
S315080023004860FFE70C98406800F00300032818D0DF
S31508002310FFE70D98C06808900B984100032000FA63
S3150800232001F10898884308900C9880680B99490031
S3150800233000FA01F108980843089008980D99C860B2
S31508002340FFE70C98406800F00300022826D1FFE753
S315080023500D980B996FF0030202EA51010844006ACE
S3150800236008900B9800F0070081000F2000FA01F191
S315080023700898884308900C9800690B9901F00701A2
S31508002380890000FA01F108980843089008980D9901
S315080023900B9B02EA530211440862FFE70D98006896
S315080023A008900B984100032000FA01F10898884329
S315080023B008900C98406800F003000B99490000FA51
S315080023C001F108980843089008980D9908600C9838
S315080023D080798007002800F00E81FFE7FFE70020DC
S315080023E0079043F64400C4F20200016841F48041B4
S315080023F00160006800F4804007900798FFE70B9893
S3150800240020F0030043F60801C4F201014058089081
S315080024100B9800F0030081000F2000FA01F10898DC
S31508002420884308900D980021C4F20201884203D11E
S31508002430FFE7002006905EE00D9840F20041C4F2E6
S315080024400201884203D1FFE70120059050E00D986C
S3150800245040F60001C4F20201884203D1FFE70220D8
S31508002460049042E00D9840F60041C4F20201884209
S3150800247003D1FFE70320039034E00D9841F20001F1
S31508002480C4F20201884203D1FFE70420029026E045
S315080024900D9841F20041C4F20201884203D1FFE7D8
S315080024A00520019018E00D9841F60001C4F20201DA
S315080024B0884203D1FFE7062000900AE00D9941F60D
S315080024C00042C4F202020820914208BF0720009089
S315080024D0FFE700980190FFE701980290FFE702984E
S315080024E00390FFE703980490FFE704980590FFE739
S315080024F005980690FFE70698C0B20B9901F003010C
S31508002500890000FA01F108980843089008980B9981
S3150800251021F0030143F60802C4F20102885043F68B
S315080025200840C4F201000068089009990898884391
S3150800253008900C988079C006002805D5FFE7099908
S31508002540089808430890FFE7089843F60841C4F23C
S315080025500101086043F60C40C4F2010000680890C7
S3150800256009990898884308900C988079800600286D
S3150800257005D5FFE70999089808430890FFE70898E2
S3150800258043F60C41C4F20101086043F60440C4F264
S3150800259001000068089009990898884308900C98E3
S315080025A080798007002805D5FFE709990898084328
S315080025B00890FFE7089843F60441C4F20101086051
S315080025C043F60040C4F2010000680890099908988B
S315080025D0884308900C988079C00728B1FFE70999C5
S315080025E0089808430890FFE7089843F60041C4F2A4
S315080025F001010860FFE7FFE7FFE70B9801300B9042
S315080026002FE60EB07047000083B00290ADF80610B2
S31508002610029840690090009ABDF8060002EA000197
S31508002620904340EA01400299886103B07047000070
S3150800263082B00190ADF802108DF801209DF80100D6
S3150800264028B1FFE7BDF802000199886105E0BDF8E9
S315080026500200000401998861FFE702B07047000094
S3150800266046F2B040C2F200000068704780B58EB0EE
S315080026700C900C9820B9FFE701208DF8370043E14C
S315080026800C9890F83D0040B9FFE70C99002081F8B6
S315080026903C000C9800F03CF9FFE70C99242081F8DF
S315080026A03D000C980168086820F0010008600C9845
S315080026B00168086840F4004008600C9801680868DA
S315080026C020F40040086001F049FD0A900C98406823
S315080026D048F2A061C0F2010188420BD8FFE70A99C7
S315080026E048F28042C0F21E020020914238BF012003
S315080026F009900AE00A9940F60012C0F23D0200204D
S31508002700914238BF01200990FFE70998012804D1B2
S31508002710FFE701208DF83700F6E00A984DF6836149
S31508002720C4F21B31A0FB0110800C0B900C980068BA
S31508002730406820F03F000B9908430C9909684860E7
S315080027400C980068006A20F03F0008900C984068D2
S3150800275048F2A061C0F20101884204D8FFE70B984D
S31508002760013007900EE00B984FF49671484344F6F3
S31508002770D351C1F26201A0FB0101012000EB9110C7
S315080027800790FFE70898079908430C9909680862B3
S315080027900C980068C0694CF6FF71884306900C983F
S315080027A0406848F2A061C0F2010188421FD8FFE7DD
S315080027B00A9801380C9949684900B0FBF1F00130D4
S315080027C06FF31F30032803D8FFE7042005900BE0BA
S315080027D00A9801380C9949684900B0FBF1F00130B4
S315080027E06FF31F300590FFE7059804904CE00C98AE
S315080027F0806868B9FFE70A9801380C99496801EBBF
S315080028004101B0FBF1F001306FF31F3003900DE08A
S315080028100A9801380C99496819225143B0FBF1F01E
S315080028200130042161F31F300390FFE70398000588
S3150800283018B9FFE70120029023E00C98806868B970
S31508002840FFE70A9801380C99496801EB4101B0FB8A
S31508002850F1F001306FF31F3001900DE00A9801384E
S315080028600C99496819225143B0FBF1F00130042153
S3150800287061F31F300190FFE7019840F40040029091
S31508002880FFE702980490FFE70698049908430C9915
S315080028900968C8610C980068006820F0C0000C9BA5
S315080028A01968DA691B6A1A43104308600C980068AD
S315080028B0806848F2FF3188430C9A1168D368126918
S315080028C01A43104388600C980068C06820F0FF001F
S315080028D00C9B19685A699B691A431043C8600C987F
S315080028E00168086840F0010008600C990020086437
S315080028F00C9A202182F83D100C9908630C9981F8EE
S315080029003E008DF83700FFE79DF837000EB080BD12
S3150800291080B590B00F9000200E900D900C900B9003
S315080029200A900F98006845F60041C4F200018842F3
S3150800293040F0B380FFE7FFE70020099043F6300038
S31508002940C4F20200016841F004010160006800F069
S31508002950040009900998FFE7FFE70020089043F66E
S315080029603000C4F20200016841F00101016000680C
S3150800297000F0010008900898FFE74FF400700A90ED
S31508002980122002900B90012003900C9003200490D3
S315080029900D90042005900E9040F60000C4F2020047
S315080029A00AA90691FFF754FCDDF808C0039B049AB0
S315080029B0059806994FF4807ECDF828E0CDF82CC00E
S315080029C00C930D920E900020C4F20200FFF740FC13
S315080029D0FFE70020079043F64000C4F202000168B2
S315080029E041F400010160006800F4000007900798B0
S315080029F0FFE745F62010C2F20000019046F24001BA
S31508002A00C4F2020101604FF0C0614160002181609B
S31508002A10C1604FF48062026141618161C1610162F6
S31508002A204162FFF7B7FA18B1FFE7FEF7FFF8FFE7CD
S31508002A30FFE70F9845F62011C2F2000181630F984F
S31508002A408863FFE745F68010C2F20000009046F260
S31508002A507001C4F2020101604FF0C061416040217B
S31508002A6081600021C1604FF4806202614161816129
S31508002A70C16101624162FFF78DFA18B1FFE7FEF7FF
S31508002A80D5F8FFE7FFE70F9845F68011C2F2000177
S31508002A9041630F988863FFE7FFE710B080BD000029
S31508002AA040F2C910C2F20000027846F2B041C2F202
S31508002AB000010868104408607047000080B543F6B6
S31508002AC00041C4F20201086840F400700860086812
S31508002AD040F480600860086840F48070086003204D
S31508002AE000F08AF80F2000F005F800F03BF8002007
S31508002AF080BD000080B582B0009040F2C000C2F2EE
S31508002B000000006840F2C911C2F200010A784FF4C9
S31508002B107A71B1FBF2F1B0FBF1F002F0B3FB20B130
S31508002B20FFE701208DF8070018E000980F280DD858
S31508002B30FFE700994FF0FF30002200F043F80098B5
S31508002B4040F2CC11C2F20001086003E001208DF8C2
S31508002B50070003E000208DF80700FFE79DF807004F
S31508002B6002B080BD82B0FFE70020019043F6440022
S31508002B70C4F20200016841F480410160006800F473
S31508002B80804001900198FFE7FFE70020009043F698
S31508002B904000C4F20200016841F0805101600068FB
S31508002BA000F0805000900098FFE702B070470000E0
S31508002BB080B582B08DF807009DF9070015F040F939
S31508002BC002B080BD80B586B08DF8170004910392D7
S31508002BD00020029015F04CF902909DF9170001901B
S31508002BE002980499039A04F017FE0146019815F015
S31508002BF047F906B080BD000080B582B00190019803
S31508002C0015F060F902B080BD82B001908DF803100E
S31508002C1002B0704782B00190ADF80210BDF802000C
S31508002C20019909684862002002B0704784B0039091
S31508002C308DF80B10ADF8082003980068406A0090DC
S31508002C409DF80B0048B9FFE7BDF80810009840EA60
S31508002C50014003990968886233E003980068816A2D
S31508002C60009800EB1140009000208DF80700FFE760
S31508002C709DF807009DF80B100139884213D2FFE72B
S31508002C80039800689DF8071000EB8100D0F804113E
S31508002C90009800EB11400090FFE79DF8070001300F
S31508002CA08DF80700E4E7BDF80810009840EA0140EF
S31508002CB0039909689DF80B2001EB8201C1F8000110
S31508002CC0FFE7002004B0704780B582B001900198F4
S31508002CD0D0F8E00407F0ECFD02B080BD80B582B004
S31508002CE001908DF80310019AD2F8E0049DF80310BC
S31508002CF001EBC10302EB8302126A07F037FC02B04C
S31508002D0080BD000080B582B001908DF80310019A4D
S31508002D10D2F8E0049DF8031001EBC10302EB83022D
S31508002D20D2F8602207F0EAFC02B080BD80B582B016
S31508002D3001900198D0F8E00407F0C0FD02B080BD0C
S31508002D4080B584B003908DF80B109DF80B00000633
S31508002D5000280CD5FFE703989DF80B1001F00F012A
S31508002D6001EBC10100EB8100143001900CE00398DF
S31508002D709DF80B1001F00F0101EBC10100EB81007A
S31508002D8000F515700190FFE703980068019909F0AE
S31508002D9011FB8DF80A009DF80A0004B080BD0000FA
S31508002DA080B584B002908DF807109DF807000006DC
S31508002DB000280FD5FFE702989DF8071001F00F01CC
S31508002DC001EBC10100EB810014300090009901204D
S31508002DD048700FE002989DF8071001F00F0101EB0B
S31508002DE0C10100EB810000F51570009000990020E4
S31508002DF04870FFE79DF8070000F00F00009908707B
S31508002E00FFE7029890F89404012804D1FFE702200E
S31508002E108DF80F0014E00299012081F89404FFE769
S31508002E20FFE702980068009908F0B4FDFFE70299E9
S31508002E30002081F89404FFE700208DF80F00FFE7D3
S31508002E409DF80F0004B080BD80B584B002908DF85F
S31508002E5007109DF8070000F00F00029909798842CB
S31508002E6004D9FFE701208DF80F004DE09DF8070013
S31508002E70000600280FD5FFE702989DF8071001F015
S31508002E800F0101EBC10100EB81001430009000999D
S31508002E90012048700FE002989DF8071001F00F0115
S31508002EA001EBC10100EB810000F515700090009957
S31508002EB000204870FFE70099002088709DF80700F9
S31508002EC000F00F0000990870FFE7029890F8940444
S31508002ED0012804D1FFE702208DF80F0014E00299BB
S31508002EE0012081F89404FFE7FFE70298006800993B
S31508002EF008F0C0FFFFE70299002081F89404FFE775
S31508002F0000208DF80F00FFE79DF80F0004B080BD84
S31508002F1082B001908DF8031001989DF8031001F016
S31508002F200F0101EBC10100EB8100D0F8680202B085
S31508002F307047000080B586B004908DF80F10ADF884
S31508002F400C208DF80B3000208DF80A009DF80F0034
S31508002F50000600280FD5FFE704989DF80F1001F02A
S31508002F600F0101EBC10100EB8100143001900199BA
S31508002F70012048700FE004989DF80F1001F00F012A
S31508002F8001EBC10100EB810000F515700190019974
S31508002F9000204870FFE79DF80F0000F00F00019928
S31508002FA00870BDF80C006FF3DF20019988609DF862
S31508002FB00B00019908710198407820B1FFE7019943
S31508002FC008784883FFE79DF80B00022804D1FFE73D
S31508002FD0019900204871FFE7FFE7049890F89404E8
S31508002FE0012804D1FFE702208DF8170015E004999F
S31508002FF0012081F89404FFE7FFE704980068019927
S3150800300008F09AFBFFE70499002081F89404FFE78B
S315080030109DF80A008DF81700FFE79DF8170006B01F
S3150800302080BD000080B586B005908DF81310039218
S31508003030029305989DF8131001F00F0101EBC101E9
S3150800304000EB810000F51570019003980199C8609E
S315080030500298019908610199002048610199487010
S315080030609DF8130000F00F00019908700598807903
S31508003070012804D1FFE703980199C861FFE7059A7B
S3150800308010680199927908F099FF002006B080BD72
S3150800309080B584B002908DF807109DF8070000F0FF
S315080030A00F0002990979884204D9FFE701208DF8B3
S315080030B00F0058E09DF80700000600280FD5FFE727
S315080030C002989DF8071001F00F0101EBC10100EB12
S315080030D08100143000900099012048700DE0029894
S315080030E09DF8071001EBC10100EB810000F5157092
S315080030F00090009900204870FFE700990120887029
S315080031009DF8070000F00F0000990870FFE7029885
S3150800311090F89404012804D1FFE702208DF80F00E7
S3150800312021E00299012081F89404FFE7FFE702985D
S315080031300068009908F0EEFE9DF80700000740B900
S31508003140FFE7029A1068917902F29C4208F042FE63
S31508003150FFE7FFE70299002081F89404FFE70020C3
S315080031608DF80F00FFE79DF80F0004B080BD000042
S3150800317080B586B005908DF81310039202930598D2
S315080031809DF8131001F00F0101EBC10100EB81005E
S315080031901430019003980199C86002980199086152
S315080031A00199002048610199012048709DF8130093
S315080031B000F00F000199087005988079012804D15C
S315080031C0FFE703980199C861FFE7059A1068019916
S315080031D0927908F0F3FE002006B080BD80B58CB069
S315080031E00B900B9800680A900A9809900B9800684B
S315080031F009F016FA002840F00B84FFE70B980068E0
S3150800320009F082FA10B9FFE700F002BC0998D0F875
S315080032100808C0F30D200B99C1F8D4040B98006870
S3150800322009F072FA8007002807D5FFE70B980168AE
S31508003230486900F002004861FFE70B98006809F04A
S3150800324063FAC006002862D5FFE70B98016888690B
S3150800325020F0100088610A98006A02900B9802997B
S3150800326001F00F0101EBC10100EB810000F51570BB
S315080032700890029800F4F0110220B0EB514F23D1C8
S31508003280FFE7BDF8080047F6F07108421BD0FFE7D4
S315080032900A980899C968029AC2F30A1209F042FA0A
S315080032A0029847F6F07100EA0103089AD06800EB25
S315080032B01310D060029800EA01020899486900EBE9
S315080032C012104861FFE71BE0029800F4F01106208F
S315080032D0B0EB514F12D1FFE70A980B9901F29C41C6
S315080032E0082209F01FFA029847F6F07100EA01026F
S315080032F00899486900EB1210486100E0FFE7FFE70C
S315080033000B980168886940F010008861FFE70B9800
S31508003310006809F0F9F90003002840F1A680FFE7E4
S31508003320002004900B98006809F09CF90690FFE7C6
S315080033300698002800F09880FFE79DF81800C00757
S31508003340002800F08A80FFE70B9800689DF81010A7
S3150800335009F0C2F905909DF81400C00760B1FFE7AF
S315080033600998049900EB41110120C1F8080B0B9844
S31508003370049904F0D5FAFFE79DF814000007002821
S315080033800CD5FFE70998049900EB41110820C1F80C
S31508003390080B0B98049904F07DFAFFE79DF81400D2
S315080033A0C006002808D5FFE70998049900EB4111E3
S315080033B01020C1F8080BFFE79DF8140080070028C5
S315080033C02DD5FFE70A9840690006002808D5FFE7CB
S315080033D00999D1F8040840F48060C1F80408FFE7A9
S315080033E00B98049901EBC10100EB810000F51570FB
S315080033F008900898C078012809D1FFE708990020A5
S31508003400C8700B989DF8101000F012FBFFE709989A
S31508003410049900EB41110220C1F8080BFFE79DF85B
S3150800342014008006002808D5FFE70998049900EBE0
S3150800343041112020C1F8080BFFE79DF8150080060A
S31508003440002809D5FFE70998049900EB41114FF4C4
S315080034500050C1F8080BFFE7FFE704980130049015
S3150800346006984008069063E7FFE70B98006809F09E
S315080034704BF94003002840F1C680FFE70B98006827
S3150800348009F0DEF8069000200490FFE70698002869
S3150800349000F0B880FFE79DF81800C007002800F084
S315080034A0AA80FFE70B9800689DF8101009F0ECF861
S315080034B005909DF81400C00700283ED0FFE7049841
S315080034C000F00F01012000FA01F10391039B099A0C
S315080034D0D2F834189943C2F834180999049A01EBBA
S315080034E04211C1F808090B98807901281FD1FFE716
S315080034F00B98049901EBC10100EB8101CA69086ABE
S3150800350010440862049888B9FFE70B98049901EB00
S31508003510C10100EB8100406A40B9FFE70B990868D2
S3150800352001F29C42012108F055FCFFE7FFE70B98E2
S315080035309DF81010FFF7D2FBFFE79DF8140000076F
S31508003540002808D5FFE70998049900EB41110820DF
S31508003550C1F80809FFE79DF81400C006002808D539
S31508003560FFE70998049900EB41111020C1F80809F2
S31508003570FFE79DF814004006002808D5FFE70998DC
S31508003580049900EB41114020C1F80809FFE79DF8AE
S3150800359014008007002822D5FFE70A98049908F046
S315080035A0DBFF0B98049901EBC10100EB8100143095
S315080035B008900898C078012809D1FFE708990020E3
S315080035C0C8700B989DF8101000F024FAFFE70998C8
S315080035D0049900EB41110220C1F80809FFE79DF89C
S315080035E014000006002805D5FFE70B98049904F097
S315080035F07BFAFFE7FFE70498013004900698400835
S31508003600069043E7FFE70B98006809F07DF8C00FBE
S3150800361000B3FFE70999D1F8040820F00100C1F8C2
S3150800362004080B9890F8CC04012808D1FFE70B98FA
S31508003630002180F8CC140B98FFF7E6FA03E00B9804
S3150800364000F0A8FBFFE70B980168486900F0004006
S315080036504861FFE70B98006809F056F8000500284E
S3150800366011D5FFE70998D0F80808C00720B1FFE789
S315080036700B9800F01BFCFFE70B980168486900F4FB
S3150800368000604861FFE70B98006809F03DF8C00440
S31508003690002840F18680FFE70999D1F8040820F050
S315080036A00100C1F804080B980068102108F054FFBF
S315080036B000200790FFE707980B990979884231D2CD
S315080036C0FFE70998079900EB41114FF67F30C1F8DB
S315080036D008090999079A01EB4212D2F8001921F450
S315080036E00011C2F800190999079A01EB4211C1F8AD
S315080036F0080B0998079900EB4111D1F8000B20F443
S315080037000010C1F8000B0998079900EB4111D1F890
S31508003710000B40F00060C1F8000BFFE70798013086
S315080037200790C8E70999D1F81C0840F00110C1F8BC
S315080037301C080B98C07B78B1FFE70999D1F8840873
S3150800374040F00B00C1F884080999D1F8440840F004
S315080037500B00C1F844080FE00999D1F8140842F2A1
S315080037602B021043C1F814080999D1F8100840F043
S315080037700B00C1F81008FFE70999D1F8000820F4F2
S31508003780FE60C1F800080B9A1068917902F29C4213
S3150800379008F020FB0B980168486900F480504861DE
S315080037A0FFE70B98006808F0AFFF800400281FD5D4
S315080037B0FFE70B98006808F02FF80B98006808F0E8
S315080037C009FF0B99C8710B980068019000F0C0FCBE
S315080037D0014601980B9AD27909F09CF80B9800F0EB
S315080037E0AFFA0B980168486900F400504861FFE792
S315080037F00B98006808F088FF000700280AD5FFE73D
S315080038000B9800F0D1FA0B980168486900F0080097
S315080038104861FFE70B98006808F076FF0006002865
S3150800382025D5FFE70A99886920F08000886101207C
S315080038300490FFE704980B990979884216D2FFE7A6
S315080038400B98049901EBC10100EB810090F857022F
S31508003850012806D1FFE70B989DF81010FFF770FABC
S31508003860FFE7FFE7049801300490E3E7FFE70B98CA
S31508003870006808F049FFC00200283CD5FFE7012090
S315080038800490FFE704980B99097988422CD2FFE740
S315080038900998049900EB4110D0F8000902900B989A
S315080038A0049901EBC10100EB8100007E012816D1C5
S315080038B0FFE79DF80B000006002810D5FFE70B98D8
S315080038C0049901EBC10100EB81010120C8750B9831
S315080038D09DF8101041F08001FFF732FAFFE7FFE785
S315080038E0049801300490CDE70B980168486900F404
S315080038F080104861FFE70B98006808F005FF800212
S31508003900002855D5FFE701200490FFE704980B9996
S315080039100979884245D2FFE70998049900EB4110D6
S31508003920D0F8000B02900B98049901EBC10100EB4B
S31508003930810090F8580201282ED1FFE79DF80B0068
S315080039400006002828D5FFE7029800F480300B9976
S31508003950D1F8D41401F0010188421DD1FFE70B9874
S31508003960049901EBC10100EB8101012081F857029E
S315080039700A99886940F0800088610A9840690006BB
S31508003980002808D4FFE70999D1F8040840F4007024
S31508003990C1F8040805E0FFE7FFE704980130049042
S315080039A0B4E70B980168486900F400104861FFE71E
S315080039B00B98006808F0A8FE400000280AD5FFE723
S315080039C00B98FFF781F90B980168486900F0804069
S315080039D04861FFE70B98006808F096FE4007002844
S315080039E015D5FFE70B980068406802909DF8080017
S315080039F04007002804D5FFE70B98FFF797F9FFE77C
S31508003A00029A0B980168486810434860FFE7FFE789
S31508003A100CB080BD80B582B001908DF80310019876
S31508003A20D0F8E0049DF8031006F0E4FF02B080BD6C
S31508003A3080B582B001908DF803100198D0F8E004A3
S31508003A409DF8031007F00EF802B080BD80B58EB061
S31508003A500C900C9820B9FFE701208DF8370012E189
S31508003A600C9800680B900C9890F8950440B9FFE7FD
S31508003A700C99002081F894040C9800F009F9FFE7E6
S31508003A800C99032081F895040B98B0F1A04F04D146
S31508003A90FFE70C9900208871FFE70C98006808F08A
S31508003AA08FF90C9B1868197C8DF8241059689A6848
S31508003AB0DB680893079206910699079A089BDDF832
S31508003AC024C0EE46CEF800C007F0BCFE40B1FFE7C2
S31508003AD00C99022081F8950401208DF83700D2E070
S31508003AE00C980068002108F077FE40B1FFE70C99B2
S31508003AF0022081F8950401208DF83700C3E00020E4
S31508003B008DF82B00FFE79DF82B000C990979884260
S31508003B1041DAFFE70C989DF82B1001EBC10100EB89
S31508003B208101012048759DF82B000C9900EBC00215
S31508003B3001EB820108759DF82B000C9900EBC00279
S31508003B4001EB8201C8850C989DF82B1001EBC10189
S31508003B5000EB8101002008760C999DF82B2002EBDA
S31508003B60C20201EB8201C8610C999DF82B2002EB79
S31508003B70C20201EB820108620C999DF82B2002EB28
S31508003B80C20201EB82014862FFE79DF82B00013073
S31508003B908DF82B00B7E700208DF82B00FFE79DF87E
S31508003BA02B000C99097988423EDAFFE70C989DF8B4
S31508003BB02B1001EBC10100EB8101002081F85502B1
S31508003BC09DF82B100C9A01EBC10302EB830282F8D5
S31508003BD054120C999DF82B2002EBC20201EB8201CC
S31508003BE081F858020C999DF82B2002EBC20201EBD2
S31508003BF08201C1F85C020C999DF82B2002EBC202E7
S31508003C0001EB8201C1F860020C999DF82B2002EBAA
S31508003C10C20201EB8201C1F86402FFE79DF82B009E
S31508003C2001308DF82B00BAE70C9B1868197C8DF8C3
S31508003C30141059689A68DB680493039202910299F2
S31508003C40039A049BDDF814C0EE46CEF800C007F0D0
S31508003C5069FF40B1FFE70C99022081F8950401201D
S31508003C608DF837000FE00C990020019048740C99E4
S31508003C70012081F895040C98006807F03DFF01982B
S31508003C808DF83700FFE79DF837000EB080BD0000BD
S31508003C9080B58AB009900020089007900690059094
S31508003CA0049009980068B0F1A04F47D1FFE7FFE7F5
S31508003CB00020039043F63000C4F20200016841F088
S31508003CC001010160006800F0010003900398FFE716
S31508003CD04FF4C0500490022005900020069003205F
S31508003CE007900A2008900020C4F2020004A9FEF7F3
S31508003CF0AFFAFFE743F63401C4F20201086840F060
S31508003D0080000860FFE70020029043F64400C4F2F2
S31508003D100200016841F480410160006800F48040B7
S31508003D2002900298FFE7FFE7432001900022114620
S31508003D30FEF748FF0198FEF73BFFFFE70AB080BD94
S31508003D4080B582B0019001208DF803000198C079F2
S31508003D5020B9FFE700208DF803000CE00198C07930
S31508003D60022804D1FFE701208DF8030002E0FCF7E2
S31508003D705DFFFFE7FFE70198D0F8E0049DF8031020
S31508003D8006F070FF0198D0F8E00406F0EBFE02B0EA
S31508003D9080BD000080B582B001900198D0F8E0049B
S31508003DA006F02EFF02B080BD80B582B00190019862
S31508003DB0D0F8E00406F036FF02B080BD80B584B0C6
S31508003DC002908DF80710FFE7029890F894040128EE
S31508003DD004D1FFE702208DF80F0019E002990120AF
S31508003DE081F89404FFE7FFE79DF8070002994874F5
S31508003DF0029800689DF8071008F05EFDFFE7029933
S31508003E00002081F89404FFE700208DF80F00FFE7F3
S31508003E109DF80F0004B080BD80B582B0019001996D
S31508003E20D1F8E00401F29C4106F046FF02B080BDDD
S31508003E3080B584B00290029800680190FFE7029866
S31508003E4090F89404012804D1FFE702208DF80F00AA
S31508003E5028E00299012081F89404FFE7FFE701981A
S31508003E60C068400600280BD5FFE70298407B01286A
S31508003E7006D1FFE70199886B40F480308863FFE735
S31508003E800298006808F024FB0298006807F01EFEF6
S31508003E90FFE70299002081F89404FFE700208DF8D7
S31508003EA00F00FFE79DF80F0004B080BD80B582B013
S31508003EB001900198D0F8E00406F080FF01980168A7
S31508003EC0D1F8000E40F00100C1F8000E0198C07A42
S31508003ED048B1FFE74EF61051CEF20001086840F0EF
S31508003EE006000860FFE702B080BD000080B584B018
S31508003EF002900191029820B9FFE701208DF80F0082
S31508003F0021E1019843F60041C4F20201096801F073
S31508003F100701884212D9FFE7019943F60040C4F227
S31508003F2002000170006800F007000199884204D079
S31508003F30FFE701208DF80F0005E1FFE702980078FA
S31508003F40800700282AD5FFE702980078400700284E
S31508003F5009D5FFE743F60801C4F20201086840F4F0
S31508003F60E0500860FFE7029800780007002809D5A6
S31508003F70FFE743F60801C4F20201086840F460400E
S31508003F800860FFE743F60801C4F20201086820F05A
S31508003F90F000029A926810430860FFE702980078DA
S31508003FA0C00700286ED0FFE702984068012811D1A3
S31508003FB0FFE743F60000C4F20200006800F400318F
S31508003FC00020B0EB514F04D1FFE701208DF80F0018
S31508003FD0B9E02CE002984068022805D0FFE702986D
S31508003FE04068032811D1FFE743F60000C4F2020037
S31508003FF0006800F000710020B0EB516F04D1FFE7B4
S3150800400001208DF80F009EE010E043F60000C4F290
S315080040100200006800F002010020B0EB510F04D145
S31508004020FFE701208DF80F008DE0FFE7FFE743F675
S315080040300801C4F20201086820F00300029A5268D7
S3150800404010430860FEF70CFB0090FFE743F60800F4
S31508004050C4F20200006800F00C0002994968B0EB4F
S31508004060810F0ED0FFE7FEF7FBFA0099401A41F2DE
S315080040708931884204D3FFE703208DF80F0062E0F8
S31508004080E4E7FFE7019843F60041C4F20201096834
S3150800409001F00701884212D2FFE7019943F6004072
S315080040A0C4F202000170006800F007000199884216
S315080040B004D0FFE701208DF80F0044E0FFE70298DF
S315080040C00078400700280CD5FFE743F60801C4F23C
S315080040D00201086820F4E050029AD268104308608A
S315080040E0FFE702980078000700280DD5FFE743F69A
S315080040F00801C4F20201086820F46040029A1269B5
S3150800410040EAC2000860FFE700F04CF843F60801F1
S31508004110C4F202010968C9B20A0949F64421C0F67F
S315080041200101895CC84040F2C001C2F20001086082
S3150800413040F2CC10C2F200000068FEF7DBFC00205B
S315080041408DF80F00FFE79DF80F0004B080BD000052
S3150800415040F2C000C2F200000068704780B5FFF761
S31508004160F7FF43F60801C4F202010968C1F3822287
S3150800417049F65421C0F60101895CC84080BD00009B
S3150800418080B5FFF7E5FF43F60801C4F202010968A6
S3150800419089B24A0B49F65421C0F60101895CC84028
S315080041A080BD000080B586B000200590049003907D
S315080041B0029043F60800C4F20200006800F00C0002
S315080041C00146019140B1FFE7019804280AD0FFE7AC
S315080041D0019808280CD04FE042F20040C0F2F400E3
S315080041E002904FE041F60030C0F2B700029049E075
S315080041F043F60400C4F20200016801F03F0105918C
S3150800420000684002002813D5FFE743F60400C4F20D
S3150800421002000068C0F3881041F60031C0F2B70109
S31508004220A0FB0101059A0023FCF789F8049012E027
S3150800423043F60400C4F202000068C0F3881042F294
S315080042400041C0F2F401A0FB0101059A0023FCF726
S3150800425076F80490FFE743F60400C4F2020000680B
S3150800426000F44031022000EBD13003900498039902
S31508004270B0FBF1F0029005E042F20040C0F2F40013
S315080042800290FFE7029806B080BD000080B586B0B0
S315080042900490049820B9FFE701208DF8170050E331
S315080042A004980078C007002800F0A580FFE743F6C9
S315080042B00800C4F20200006800F00C00042813D0BD
S315080042C0FFE743F60800C4F20200006800F00C009D
S315080042D008281ED1FFE743F60400C4F2020000686E
S315080042E04002002815D5FFE743F60000C4F2020095
S315080042F0006800F400310020B0EB514F08D0FFE70A
S315080043000498406820B9FFE701208DF8170018E3E4
S3150800431070E0FFE704984068B0F5803F09D1FFE7F1
S3150800432043F60001C4F20201086840F480300860D0
S3150800433020E004984068B0F5A02F0DD1FFE743F6BA
S315080043400001C4F20201086840F480200860086889
S3150800435040F4803008600CE043F60001C4F2020124
S31508004360086820F480300860086820F48020086017
S31508004370FFE7FFE7FFE704984068E8B1FFE7FEF7C5
S315080043806FF90390FFE743F60000C4F202000068E5
S3150800439000F400310020B0EB514F0CD1FFE7FEF7D7
S315080043A05FF90399401A652804D3FFE703208DF8BF
S315080043B01700C6E2E7E71CE0FEF752F90390FFE7AD
S315080043C043F60000C4F20200006800F40031002041
S315080043D0B0EB514F0CD0FFE7FEF742F90399401AAC
S315080043E0652804D3FFE703208DF81700A9E2E7E75D
S315080043F0FFE7FFE7FFE7049800788007002840F109
S315080044009680FFE743F60800C4F20200006810F041
S315080044100C0F13D0FFE743F60800C4F20200006849
S3150800442000F00C0008282CD1FFE743F60400C4F27C
S31508004430020000684002002823D4FFE743F6000084
S31508004440C4F20200006800F002010020B0EB510F30
S3150800445009D0FFE70498C068012804D0FFE70120C7
S315080044608DF817006DE243F60001C4F202010868F0
S3150800447020F0F800049A126940EAC2000860FFE7D3
S3150800448054E00498C06870B3FFE70021C4F24721DE
S3150800449001200860FEF7E4F80390FFE743F6000002
S315080044A0C4F20200006800F002010020B0EB510FD0
S315080044B00CD1FFE7FEF7D4F80399401A032804D372
S315080044C0FFE703208DF817003BE2E7E743F6000114
S315080044D0C4F20201086820F0F800049A126940EA5A
S315080044E0C200086021E00021C4F2472100200860CC
S315080044F0FEF7B6F80390FFE743F60000C4F20200A1
S31508004500006800F002010020B0EB510F0CD0FFE765
S31508004510FEF7A6F80399401A032804D3FFE70320F9
S315080045208DF817000DE2E7E7FFE7FFE7FFE70498D6
S315080045300078000700284BD5FFE70498406918B3B0
S31508004540FFE740F68061C4F2472101200860FEF7C4
S3150800455087F80390FFE743F67400C4F20200006888
S3150800456000F002010020B0EB510F0CD1FFE7FEF777
S3150800457077F80399401A032804D3FFE703208DF838
S315080045801700DEE1E7E722E040F68061C4F2472142
S3150800459000200860FEF764F80390FFE743F674000E
S315080045A0C4F20200006800F002010020B0EB510FCF
S315080045B00CD0FFE7FEF754F80399401A032804D3F2
S315080045C0FFE703208DF81700BBE1E7E7FFE7FFE702
S315080045D0049800784007002840F1CE80FFE70020C5
S315080045E08DF8070043F64000C4F202000068C000D8
S315080045F0002815D4FFE7FFE70020009043F64000A7
S31508004600C4F20200016841F080510160006800F0C0
S31508004610805000900098FFE701208DF80700FFE71B
S3150800462047F20000C4F200000068C005002822D442
S31508004630FFE747F20001C4F20001086840F4807001
S315080046400860FEF70DF80390FFE747F20000C4F292
S3150800465000000068C00500280CD4FFE7FEF700F844
S315080046600399401A032804D3FFE703208DF817009F
S3150800467067E1EAE7FFE7FFE704988068012809D1C0
S31508004680FFE743F67001C4F20201086840F0010032
S3150800469008601FE00498806805280DD1FFE743F6F7
S315080046A07001C4F20201086840F004000860086856
S315080046B040F0010008600CE043F67001C4F2020104
S315080046C0086820F001000860086820F00400086007
S315080046D0FFE7FFE7FFE704988068F8B1FFE7FDF713
S315080046E0BFFF0390FFE743F67000C4F202000068BC
S315080046F000F002010020B0EB510F0ED1FFE7FDF7E5
S31508004700AFFF0399401A41F28931884204D3FFE783
S3150800471003208DF8170014E1E5E71EE0FDF7A0FF7A
S315080047200390FFE743F67000C4F20200006800F049
S3150800473002010020B0EB510F0ED0FFE7FDF790FF06
S315080047400399401A41F28931884204D3FFE70320CE
S315080047508DF81700F5E0E5E7FFE79DF80700012863
S3150800476009D1FFE743F64001C4F20201086820F0C8
S3150800477080500860FFE7FFE704988069002800F08A
S31508004780DC80FFE743F60800C4F20200006800F088
S315080047900C00082800F08580FFE704988069022845
S315080047A05CD1FFE76021C4F2472100200860FDF7CD
S315080047B057FF0390FFE743F60000C4F202000068C3
S315080047C000F000710020B0EB516F0CD0FFE7FDF749
S315080047D047FF0399401A032804D3FFE703208DF8FF
S315080047E01700AEE0E7E70499C869D1F820C04B6A1C
S315080047F08A6A40EA0C0040EA8310D2034FF6FF7338
S315080048009A43A2F580321043C96A40EA016043F62A
S315080048100401C4F2020108606021C4F247210120A4
S315080048200860FDF71DFF0390FFE743F60000C4F29A
S315080048300200006800F000710020B0EB516F0CD147
S31508004840FFE7FDF70DFF0399401A032804D3FFE796
S3150800485003208DF8170074E0E7E721E06021C4F231
S31508004860472100200860FDF7FBFE0390FFE743F6AB
S315080048700000C4F20200006800F000710020B0EBEE
S31508004880516F0CD0FFE7FDF7EBFE0399401A03289A
S3150800489004D3FFE703208DF8170052E0E7E7FFE7A8
S315080048A04AE004988069012804D1FFE701208DF8C1
S315080048B0170046E043F60400C4F2020000680290BE
S315080048C004988069012831D0FFE7029800F4800037
S315080048D00499C969884229D1FFE7029800F03F0088
S315080048E00499096A884221D1FFE7029847F6C07100
S315080048F008400499496AB0EB811F17D1FFE702986F
S3150800490000F440300499896AC9034FF6FF7291434F
S31508004910A1F58031884209D1FFE7029800F070605E
S315080049200499C96AB0EB016F04D0FFE701208DF83E
S31508004930170006E0FFE7FFE7FFE700208DF81700FE
S31508004940FFE79DF8170006B080BD000081B0009013
S3150800495001B0704780B584B00290029820B9FFE78D
S3150800496001208DF80F0071E00298406A60B9FFE7F0
S3150800497002984068B0F5827F01D1FFE703E002990B
S315080049800020C861FFE705E0029900200861029946
S315080049904861FFE7029900208862029890F8510062
S315080049A040B9FFE70299002081F85000029800F00C
S315080049B051F8FFE70299022081F851000298016830
S315080049C0086820F040000860029A01921168506851
S315080049D0D2F808C0D36800F482700CF4044C604422
S315080049E003F400631844136903F002031844536977
S315080049F003F001031844936903F400731844D36958
S31508004A0003F038031844136A03F080031843926AC4
S31508004A1002F4005210430860029A508B00F004001A
S31508004A201168526A02F01002104448600298016840
S31508004A30C86920F40060C861029900204865029A96
S31508004A40012182F851108DF80F00FFE79DF80F003D
S31508004A5004B080BD80B590B00F9000200E900D90E8
S31508004A600C900B900A900F98006843F20001C4F26C
S31508004A700101884240F0C080FFE7FFE70020099067
S31508004A8043F64400C4F20200016841F48051016013
S31508004A90006800F4805009900998FFE7FFE70020B6
S31508004AA0089043F63000C4F20200016841F00201A2
S31508004AB00160006800F0020008900898FFE7FFE729
S31508004AC00020079043F63000C4F20200016841F066
S31508004AD001010160006800F0010007900798FFE7F0
S31508004AE018200A90022001900B90012002900C9049
S31508004AF0032005900D90052003900E9040F200408B
S31508004B00C4F202000AA90491FDF7A2FBDDF804C06D
S31508004B10029B03980499059A4FF0800ECDF828E079
S31508004B20CDF82CC00C930D920E900020C4F2020012
S31508004B30FDF78EFB059A45F6E010C2F200000690D6
S31508004B4046F24041C4F2020101604FF0C061416083
S31508004B5000218160C1604FF4806303614161816116
S31508004B60C1614FF440330362042343628262C16227
S31508004B700163FDF70FFA18B1FFE7FCF757F8FFE7EF
S31508004B80FFE70F9845F6E011C2F20001C1640F98DD
S31508004B908863FFE745F64020C2F20000009046F21F
S31508004BA05841C4F2020101604FF0C06141604021E2
S31508004BB081600021C1604FF48062026141618161B8
S31508004BC0C1614FF400320262042242620322826209
S31508004BD0C1620163FDF7DEF918B1FFE7FCF726F8B5
S31508004BE0FFE7FFE70F9845F64021C2F2000181640E
S31508004BF00F988863FFE7FFE710B080BD81B000908B
S31508004C0001B0704781B0009001B0704780B58CB094
S31508004C10DDF838C00A9009910892ADF81E300120D7
S31508004C200390FDF71DFD04900A9890F851008DF841
S31508004C3017000A9840680690BDF81E00ADF81C00DB
S31508004C409DF81700012812D0FFE70698B0F5827F75
S31508004C5009D1FFE70A98806828B9FFE79DF8170089
S31508004C60042804D0FFE702208DF82F009BE109985D
S31508004C7038B1FFE7089820B1FFE7BDF81E0020B954
S31508004C80FFE701208DF82F008DE1FFE70A9890F8DD
S31508004C905000012804D1FFE702208DF82F0082E199
S31508004CA00A99012081F85000FFE7FFE70A9890F873
S31508004CB05100042805D0FFE70A99052081F851001C
S31508004CC0FFE70A990020486508990A9A9163BDF892
S31508004CD01E100A9AD187BDF81E100A9A918709995B
S31508004CE00A9A1163BDF81E100A9AD186BDF81E10DD
S31508004CF00A9A91860A9908640A9948640A98006883
S31508004D00006800F04000402807D0FFE70A980168CD
S31508004D10086840F040000860FFE70A98C068B0F5E8
S31508004D20006F40F08180FFE70A98406828B1FFE7E6
S31508004D30BDF81C0001280ED1FFE70A980168006B30
S31508004D400088C8600A99086B023008630A99C88EF9
S31508004D500138C886FFE7FFE70A98C18E012001904F
S31508004D6039B9FFE70A98C08F002818BF01200190BB
S31508004D70FFE70198C007002855D0FFE70A980068A2
S31508004D8080688007002818D5FFE70A98C08EA0B16A
S31508004D90FFE70398012810D1FFE70A980168006B1E
S31508004DA00088C8600A99086B023008630A99C88E99
S31508004DB00138C88600200390FFE70A9800688068D3
S31508004DC0C007A8B1FFE70A98C08F88B1FFE70A981D
S31508004DD00068C0680A99896B08800A99886B02304E
S31508004DE088630A99C88F0138C88701200390FFE7AE
S31508004DF0FDF736FC0499401A0E99884212D3FFE74C
S31508004E000E98013070B1FFE70A99012081F8510028
S31508004E10FFE70A99002081F85000FFE703208DF884
S31508004E202F00C0E098E782E00A98406828B1FFE7BB
S31508004E30BDF81C0001280ED1FFE70A980168006B2F
S31508004E40007808730A99086B013008630A99C88EB6
S31508004E500138C886FFE7FFE70A98C18E012000904F
S31508004E6039B9FFE70A98C08F002818BF01200090BB
S31508004E70FFE70098C007002858D0FFE70A9800689F
S31508004E8080688007002818D5FFE70A98C08EA0B169
S31508004E90FFE70398012810D1FFE70A980168006B1D
S31508004EA0007808730A99086B013008630A99C88E56
S31508004EB00138C88600200390FFE70A9800688068D2
S31508004EC0C007A8B1FFE70A98C08F88B1FFE70A981C
S31508004ED00068C0680A99896B08700A99886B01305E
S31508004EE088630A99C88F0138C88701200390FFE7AD
S31508004EF0FDF7B6FB0499401A0E99884204D3FFE7DA
S31508004F000E98013018B9FFE70E9870B9FFE70A99AD
S31508004F10012081F85100FFE70A99002081F8500026
S31508004F20FFE703208DF82F003DE095E7FFE70A9895
S31508004F300E99049A02F0AEFF68B1FFE70A9920209D
S31508004F404865FFE70A99002081F85000FFE701202D
S31508004F508DF82F0027E00A98806870B9FFE7FFE709
S31508004F60002002900A980068C06802900A980068B3
S31508004F70806802900298FFE7FFE70A99012081F806
S31508004F805100FFE70A99002081F85000FFE70A98C8
S31508004F90406D20B1FFE701208DF82F0003E00020C7
S31508004FA08DF82F00FFE79DF82F000CB080BD00009C
S31508004FB080B588B0069005910492ADF80E30069833
S31508004FC090F851008DF807000698406802909DF801
S31508004FD00700012812D0FFE70298B0F5827F09D1B1
S31508004FE0FFE70698806828B9FFE79DF807000428B8
S31508004FF004D0FFE702208DF81F00DFE0059838B1DE
S31508005000FFE7049820B1FFE7BDF80E0020B9FFE7D7
S3150800501001208DF81F00D1E0FFE7069890F85000B0
S31508005020012804D1FFE702208DF81F00C6E0069983
S31508005030012081F85000FFE7FFE7069890F8510035
S31508005040042805D0FFE70699052081F85100FFE7F7
S315080050500699002048650599069A1163BDF80E1051
S31508005060069A9186BDF80E10069AD1860499069A74
S315080050709163BDF80E10069A9187BDF80E10069A30
S31508005080D1870699086406994864069890F85100ED
S3150800509004280FD1FFE70698C16C47F65540C0F6BD
S315080050A0000008640698C16C47F68540C0F6000003
S315080050B0C8630EE00698C16C47F66D40C0F600005E
S315080050C008640698C16C47F62950C0F60000C86304
S315080050D0FFE70698C16C47F62140C0F60000C86491
S315080050E00698C16C00200865069B19689A6BD86CEF
S315080050F00C31DB8FFDF706F878B1FFE70699486DA6
S3150800510040F010004865FFE70699002081F8500036
S31508005110FFE701208DF81F0050E0069801684868EF
S3150800512040F0010048600698816C002008640699E2
S31508005130896CC8630699896CC8640699896C086580
S31508005140069B1A68196B986C0C32DB8EFCF7DAFF33
S3150800515078B1FFE70699486D40F010004865FFE70B
S315080051600699002081F85000FFE701208DF81F00FE
S3150800517024E006980068006800F04000402807D040
S31508005180FFE706980168086840F040000860FFE7F6
S31508005190FFE70699002081F85000FFE706980168A6
S315080051A0486840F02000486006980168486840F062
S315080051B00200486000208DF81F00FFE79DF81F00D9
S315080051C008B080BD80B584B003900398006843F2A8
S315080051D00001C4F20101884213D1FFE740F22061C1
S315080051E0C2F20001029148680989FDF70DFA029991
S315080051F0D1F81031B1F80A2101F10A008A3198472D
S3150800520039E00398006843F60001C4F200018842B9
S3150800521013D1FFE740F23471C2F2000101914868E8
S315080052200989FDF7F1F90199D1F81031B1F80A2188
S3150800523001F10A008A3198471CE00398006843F692
S315080052400041C4F20001884213D1FFE740F6480145
S31508005250C2F20001009148680989FDF7D5F900995D
S31508005260D1F81031B1F80A2101F10A008A319847BC
S31508005270FFE7FFE7FFE704B080BD000081B00090BC
S3150800528001B0704780B582B00190019802F01CFF0A
S3150800529002B080BD81B0009001B0704781B0009027
S315080052A001B0704784B00290019100200090FFE79A
S315080052B0029890F83C00012804D1FFE702208DF8F7
S315080052C00F0044E00299012081F83C00FFE7FFE760
S315080052D0009820F0FF000199C968084300900098DB
S315080052E020F440700199896808430090009820F4DA
S315080052F080600199496808430090009820F400608E
S315080053000199096808430090009820F48050019993
S31508005310096908430090009820F4005001994969EA
S3150800532008430090009820F480400199C969084311
S3150800533000900098029909684864FFE702990020DE
S3150800534081F83C00FFE700208DF80F00FFE79DF885
S315080053500F0004B07047000085B003900291FFE784
S31508005360039890F83C00012804D1FFE702208DF845
S3150800537013007EE00399012081F83C00FFE7FFE770
S315080053800399022081F83D0003980068406801905F
S315080053900398006880680090019820F070000190DA
S315080053A002980168019808430190019803990968D1
S315080053B04860039800680021C4F2010188423CD085
S315080053C0FFE703980068B0F1804F36D0FFE70398EF
S315080053D0006840F20041C4F2000188422DD0FFE780
S315080053E00398006840F60001C4F20001884224D000
S315080053F0FFE70398006840F60041C4F200018842BE
S315080054001BD0FFE70398006840F20041C4F201018F
S31508005410884212D0FFE70398006844F20001C4F2FC
S315080054200101884209D0FFE70398006841F60001A8
S31508005430C4F2000188420ED1FFE7009820F08000F0
S3150800544000900298416800980843009000980399D4
S3150800545009688860FFE70399012081F83D00FFE7A6
S315080054600399002081F83C00FFE700208DF813001F
S31508005470FFE79DF8130005B07047000080B582B0BD
S315080054800090009820B9FFE701208DF807003FE05B
S31508005490009890F83D0040B9FFE70099002081F890
S315080054A03C00009800F038F8FFE70099022081F8E0
S315080054B03D00009951F8040B02F0ACFE009901205A
S315080054C081F84600FFE70099012081F83E0000991F
S315080054D081F83F00009981F84000009981F8410061
S315080054E0FFE7FFE70099012081F84200009981F85B
S315080054F04300009981F84400009981F84500FFE7C8
S315080055000099012081F83D0000208DF80700FFE78B
S315080055109DF8070002B080BD80B58EB00D900020C2
S315080055200C900B900A90099008900D98006800213D
S31508005530C4F20101884234D1FFE7FFE70020079053
S3150800554043F64400C4F20200016841F0010101601B
S31508005550006800F0010007900798FFE7FFE70020C2
S31508005560069043F63000C4F20200016841F01001CB
S315080055700160006800F0100006900698FFE74FF4F7
S31508005580005008900220099000200A900B900120F4
S315080055900C9041F20000C4F2020008A9FCF758FE7C
S315080055A081E00D98006840F20041C4F2000188428B
S315080055B012D1FFE7FFE70020059043F64000C4F24A
S315080055C00200016841F002010160006800F0020073
S315080055D005900598FFE765E00D98006840F600011C
S315080055E0C4F2000188421BD1FFE7FFE700200490C0
S315080055F043F64000C4F20200016841F0040101606C
S31508005600006800F0040004900498FFE71E2001904B
S3150800561000221146FDF7D6FA0198FDF7C9FA40E0CF
S315080056200D98006840F60041C4F2000188421BD17B
S31508005630FFE7FFE70020039043F64000C4F20200AC
S31508005640016841F008010160006800F00800039055
S315080056500398FFE73220009001210022FDF7B2FAF5
S315080056600098FDF7A5FA1BE00D98006844F2004182
S31508005670C4F20101884212D1FFE7FFE70020029039
S3150800568043F64400C4F20200016841F400310160A7
S31508005690006800F4003002900298FFE7FFE7FFE792
S315080056A0FFE7FFE7FFE70EB080BD000083B001907B
S315080056B0019890F83D00012804D0FFE701208DF8F5
S315080056C00B006AE00199022081F83D000198016803
S315080056D0C86840F00100C860019800680021C4F25B
S315080056E0010188423CD0FFE701980068B0F1804F7D
S315080056F036D0FFE70198006840F20041C4F2000185
S3150800570088422DD0FFE70198006840F60001C4F2F0
S315080057100001884224D0FFE70198006840F600415E
S31508005720C4F2000188421BD0FFE70198006840F2E6
S315080057300041C4F20101884212D0FFE701980068CF
S3150800574044F20001C4F20101884209D0FFE701983A
S31508005750006841F60001C4F20001884212D1FFE751
S3150800576001980068806800F00700009000980628F5
S3150800577007D0FFE701980168086840F00100086053
S31508005780FFE706E001980168086840F00100086034
S31508005790FFE700208DF80B00FFE79DF80B0003B02C
S315080057A07047000080B586B00490039100208DF8FC
S315080057B00B00FFE7049890F83C00012804D1FFE7A6
S315080057C002208DF81700ABE00499012081F83C000F
S315080057D0FFE7FFE70499022081F83D000498006876
S315080057E080680190019820F077000190019820F4D4
S315080057F07F400190019804990968886003980068B9
S315080058000090002872D0FFE7009810286ED0FFE7B6
S31508005810009820286AD0FFE70098302866D0FFE76E
S315080058200098402855D0FFE70098502837D0FFE762
S315080058300098602840D0FFE7009870280BD0FFE753
S315080058400098B0F5805F05D0FFE70098B0F5005FD7
S3150800585016D052E055E004980068039B5A68996888
S31508005860DB6802F0CBFD0498006880680190019817
S3150800587040F077000190019804990968886040E033
S3150800588004980068039B5A689968DB6802F0B6FDBD
S3150800589004980168886840F48040886031E004987C
S315080058A00068039A5168D26803F09EF80498006865
S315080058B0502102F0BDFD24E004980068039A51685F
S315080058C0D26803F0B9F804980068602102F0B0FDC8
S315080058D017E004980068039A5168D26803F084F8C0
S315080058E004980068402102F0A3FD0AE004980068C5
S315080058F00399096802F09CFD03E001208DF80B006E
S31508005900FFE70499012081F83D00FFE7049900208C
S3150800591081F83C00FFE79DF80B008DF81700FFE7BC
S315080059209DF8170006B080BD81B0009001B07047A1
S3150800593080B584B0039003980068C0680290039805
S315080059400068006901909DF804008007002824D5A6
S31508005950FFE79DF80800800700281DD5FFE7039894
S3150800596001686FF00200086103990120087703981F
S3150800597000688069800720B1FFE70398FFF7D4FF26
S3150800598006E0039800F070F9039800F065FAFFE75F
S31508005990039900200877FFE7FFE79DF80400400712
S315080059A0002825D5FFE79DF80800400700281ED5E2
S315080059B0FFE7039801686FF0040008610399022065
S315080059C0087703980068806910F4407F04D0FFE7E1
S315080059D00398FFF7A9FF06E0039800F045F9039836
S315080059E000F03AFAFFE7039900200877FFE7FFE798
S315080059F09DF804000007002824D5FFE79DF8080055
S31508005A00000700281DD5FFE7039801686FF0080016
S31508005A10086103990420087703980068C06980071D
S31508005A2020B1FFE70398FFF77FFF06E0039800F031
S31508005A301BF9039800F010FAFFE70399002008778E
S31508005A40FFE7FFE79DF80400C006002825D5FFE715
S31508005A509DF80800C00600281ED5FFE703980168D0
S31508005A606FF010000861039908200877039800680A
S31508005A70C06910F4407F04D0FFE70398FFF754FF8E
S31508005A8006E0039800F0F0F8039800F0E5F9FFE760
S31508005A90039900200877FFE7FFE79DF80400C00791
S31508005AA078B1FFE79DF80800C00748B1FFE70398FB
S31508005AB001686FF001000861039800F0B7FAFFE784
S31508005AC0FFE79DF804000006002810D5FFE79DF8BB
S31508005AD008000006002809D5FFE7039801686FF05B
S31508005AE0800008610398FFF7D5FBFFE7FFE79DF8FD
S31508005AF004004006002810D5FFE79DF80800400678
S31508005B00002809D5FFE7039801686FF0400008618F
S31508005B10039800F079FBFFE7FFE79DF8040080068D
S31508005B20002810D5FFE79DF808008006002809D54B
S31508005B30FFE7039801686FF0200008610398FFF7F4
S31508005B40ADFBFFE7FFE704B080BD000080B58AB073
S31508005B5009900020089007900690059004900998EF
S31508005B6000680021C4F20101884223D1FFE7FFE75C
S31508005B700020039043F63000C4F20200016841F0A9
S31508005B8010010160006800F0100003900398FFE719
S31508005B904FF420600490022005900020069007909C
S31508005BA00120089041F20000C4F2020004A9FCF7A3
S31508005BB04FFB57E00998006840F60001C4F200015F
S31508005BC0884222D1FFE7FFE70020029043F6300023
S31508005BD0C4F20200016841F002010160006800F0A9
S31508005BE0020002900298FFE74FF4807004900220AA
S31508005BF00590002106910791089040F20040C4F2F2
S31508005C00020004A9FCF724FB2BE00998006844F27B
S31508005C100041C4F20101884222D1FFE7FFE70020D4
S31508005C20019043F63000C4F20200016841F02001F9
S31508005C300160006800F0200001900198FFE740200D
S31508005C4004900220059001210691079003200890F0
S31508005C5041F20040C4F2020004A9FCF7F9FAFFE792
S31508005C60FFE7FFE70AB080BD81B0009001B070473A
S31508005C7080B586B004900391029200208DF8070043
S31508005C80FFE7049890F83C00012804D1FFE70220BA
S31508005C908DF8170089E00499012081F83C00FFE798
S31508005CA0FFE7029800900C2800F270800099DFE860
S31508005CB001F0076D6D6D206D6D6D3A6D6D6D53005C
S31508005CC004980068039902F0D3FC0498016888696F
S31508005CD040F00800886104980168886920F004008B
S31508005CE08861039802690498016888691043886185
S31508005CF050E004980068039902F030FD04980168A2
S31508005D00886940F40060886104980168886920F40D
S31508005D10806088610398026904980168886940EA86
S31508005D200220886136E004980068039902F090FD25
S31508005D3004980168C86940F00800C86104980168B9
S31508005D40C86920F00400C8610398026904980168CC
S31508005D50C8691043C8611DE004980068039902F0F9
S31508005D60F1FD04980168C86940F40060C8610498A8
S31508005D700168C86920F48060C861039802690498BC
S31508005D800168C86940EA0220C86103E001208DF86D
S31508005D900700FFE7FFE70499002081F83C00FFE7CA
S31508005DA09DF807008DF81700FFE79DF8170006B065
S31508005DB080BD000080B582B00090009820B9FFE74A
S31508005DC001208DF807003FE0009890F83D0040B9A3
S31508005DD0FFE70099002081F83C00009800F038F8A9
S31508005DE0FFE70099022081F83D00009951F8040B5D
S31508005DF002F010FA0099012081F84600FFE70099A1
S31508005E00012081F83E00009981F83F00009981F849
S31508005E104000009981F84100FFE7FFE7009901205B
S31508005E2081F84200009981F84300009981F84400FE
S31508005E30009981F84500FFE70099012081F83D00A7
S31508005E4000208DF80700FFE79DF8070002B080BD27
S31508005E5081B0009001B0704781B0009001B07047E2
S31508005E6080B58CB00A900991099828B9FFE70A9875
S31508005E7090F83E0007901CE00998042805D1FFE732
S31508005E800A9890F83F00069010E00998082805D16E
S31508005E90FFE70A9890F84000059004E00A9890F801
S31508005EA041000590FFE705980690FFE706980790DA
S31508005EB0FFE70798012804D0FFE701208DF82F0097
S31508005EC0AFE0099828B9FFE70A99022081F83E0051
S31508005ED01EE00998042806D1FFE70A99022081F8EE
S31508005EE03F00049012E00998082806D1FFE70A99AE
S31508005EF0022081F84000039005E00A99022081F803
S31508005F0041000390FFE703980490FFE70498FFE732
S31508005F100A98006809990122019202F053FA019839
S31508005F200A9909680022C4F20102914202900CD033
S31508005F30FFE70A9800684FF60041CBF6FE71084461
S31508005F40B0FA80F040090290FFE70298C00738B11E
S31508005F50FFE70A980168486C40F400404864FFE788
S31508005F600A9800680021C4F2010188423CD0FFE784
S31508005F700A980068B0F1804F36D0FFE70A980068A3
S31508005F8040F20041C4F2000188422DD0FFE70A988A
S31508005F90006840F60001C4F20001884224D0FFE7F9
S31508005FA00A98006840F60041C4F2000188421BD0F6
S31508005FB0FFE70A98006840F20041C4F201018842EE
S31508005FC012D0FFE70A98006844F20001C4F2010102
S31508005FD0884209D0FFE70A98006841F60001C4F232
S31508005FE00001884212D1FFE70A980068806800F02D
S31508005FF0070008900898062807D0FFE70A9801685E
S31508006000086840F001000860FFE706E00A980168A2
S31508006010086840F001000860FFE700208DF82F00AF
S31508006020FFE79DF82F000CB080BD000080B582B058
S315080060300190019800680021C4F20101884207D145
S31508006040FFE740F68C10C2F2000040688047D9E0AE
S3150800605001980068B0F1804F07D1FFE740F6941029
S31508006060C2F2000040688047CBE00198006840F221
S315080060700041C4F20001884207D1FFE740F69C10B0
S31508006080C2F2000040688047BAE00198006840F60E
S315080060900001C4F20001884207D1FFE740F6A410C8
S315080060A0C2F2000040688047A9E00198006840F6FF
S315080060B00041C4F20001884207D1FFE740F6AC1060
S315080060C0C2F200004068804798E00198006841F2F3
S315080060D00001C4F20001884207D1FFE740F6B41078
S315080060E0C2F200004068804787E00198006841F2E4
S315080060F00041C4F20001884207D1FFE740F6BC1010
S31508006100C2F200004068804776E00198006840F2D5
S315080061100041C4F20101884207D1FFE740F6C410E6
S31508006120C2F200004068804765E00198006844F2C2
S315080061300001C4F20101884207D1FFE740F6CC10FE
S31508006140C2F200004068804754E00198006844F2B3
S315080061500041C4F20101884207D1FFE740F6641006
S31508006160C2F200004068804743E00198006844F6A0
S315080061700001C4F20101884207D1FFE740F66C101E
S31508006180C2F200004068804732E00198006841F694
S315080061900001C4F20001884207D1FFE740F67410F7
S315080061A0C2F200004068804721E00198006841F685
S315080061B00041C4F20001884207D1FFE740F67C108F
S315080061C0C2F200004068804710E00198006842F279
S315080061D00001C4F20001884207D1FFE740F68410A7
S315080061E0C2F2000040688047FFE7FFE7FFE7FFE7E6
S315080061F0FFE7FFE7FFE7FFE7FFE7FFE7FFE7FFE761
S31508006200FFE7FFE702B080BD81B0009001B070479C
S3150800621080B586B004900391ADF80A20049890F8EA
S31508006220420020284DD1FFE7039820B1FFE7BDF8CB
S315080062300A0020B9FFE701208DF8170045E0049908
S315080062400120086304990020486304980399BDF85F
S315080062500A2002F041FF8DF809009DF8090058BB95
S31508006260FFE70498006B012821D1FFE7FFE700202C
S3150800627001900498006800680190049800684068D6
S3150800628001900198FFE7FFE7FFE70498006850E8E8
S31508006290030F40F010000090FFE700990498026889
S315080062A042E803100028F0D1FFE7FFE703E00120EA
S315080062B08DF80900FFE7FFE79DF809008DF817003C
S315080062C003E002208DF81700FFE79DF8170006B0D7
S315080062D080BD000080B58EB00D90ADF832100D98D7
S315080062E0006841F20001C4F20101884219D1FFE7B2
S315080062F0BDF8321040F6F810C2F200000A90A0F875
S315080063000814D0F80C24BDF8321000F501700B9073
S3150800631090470A9A0B990D98B2F80424FFF778FF6C
S31508006320BDE00D98006844F20041C4F200018842BD
S3150800633019D1FFE7BDF8321040F60860C2F2000036
S315080063400890A0F80814D0F80C24BDF8321000F50F
S31508006350017009909047089A09990D98B2F8042493
S31508006360FFF756FF9AE00D98006844F60001C4F25C
S315080063700001884228D1FFE7BDF8321041F2182003
S31508006380C2F200000690A0F80814D0F80C24BDF854
S31508006390321000F501700790904706990798B1F8F2
S315080063A00414FAF7DDF8069A07990D98B2F804244A
S315080063B0FFF72EFF45F66030C2F200000168086854
S315080063C020F00800086068E00D98006844F600416F
S315080063D0C4F20001884219D1FFE7BDF8321041F234
S315080063E02860C2F200000490A0F80814D0F80C2423
S315080063F0BDF8321000F5017005909047049A05998A
S315080064000D98B2F80424FFF703FF45E00D980068DD
S3150800641045F20001C4F20001884219D1FFE7BDF830
S31508006420321041F63820C2F200000290A0F8081493
S31508006430D0F80C24BDF8321000F50170039090478F
S31508006440029A03990D98B2F80424FFF7E1FE22E0B8
S315080064500D98006841F20041C4F20101884219D141
S31508006460FFE7BDF8321041F64860C2F2000000901E
S31508006470A0F80814D0F80C24BDF8321000F5017005
S3150800648001909047009A01990D98B2F80424FFF7F5
S31508006490BFFEFFE7FFE7FFE7FFE7FFE7FFE70EB00F
S315080064A080BD000080B584B0039000200290039858
S315080064B000684069C0B2C0090290039890F841008C
S315080064C0212823D1FFE7029800B3FFE7FFE7FFE79C
S315080064D00398006850E8050F20F080000190FFE758
S315080064E001990398026842E805100028F0D1FFE7F1
S315080064F0FFE70398806B28B1FFE70398806BFBF7EB
S3150800650021FBFFE7039802F077FCFFE70398006892
S315080065104069C0F380100290039890F84200222840
S3150800652023D1FFE7029800B3FFE7FFE7FFE70398E9
S31508006530006850E8050F20F040000090FFE700993A
S315080065400398026842E805100028F0D1FFE7FFE744
S315080065500398C06B28B1FFE70398C06BFBF7F2FA04
S31508006560FFE7039802F0EAFBFFE7002004B080BDCE
S3150800657081B0009001B0704780B592B01190119823
S3150800658000680068109011980068C0680F9011980C
S31508006590006840690E9000200D900C90109800F04D
S315080065A00F000D900D9888B9FFE79DF8400080060A
S315080065B000280AD5FFE79DF83C008006002804D588
S315080065C0FFE7119802F034FCEAE1FFE70D9800288E
S315080065D000F0C280FFE79DF83800C00738B9FFE72A
S315080065E0BDF83C0010F4907F00F0B680FFE79DF8F8
S315080065F04000C00758B1FFE79DF83D00C00730B11D
S31508006600FFE71199486C40F001004864FFE79DF8E0
S315080066104000400700280BD5FFE79DF83800C00763
S3150800662030B1FFE71199486C40F002004864FFE773
S315080066309DF84000800700280BD5FFE79DF8380035
S31508006640C00730B1FFE71199486C40F00400486470
S31508006650FFE79DF840000007002811D5FFE79DF8E1
S315080066603C008006002805D4FFE79DF83800C007DF
S3150800667030B1FFE71199486C40F008004864FFE71D
S315080066801198406C002866D0FFE79DF84000800608
S3150800669000280AD5FFE79DF83C008006002804D5A7
S315080066A0FFE7119802F0C4FBFFE7119800684069FC
S315080066B0C0F380100C901198406C0007002804D491
S315080066C0FFE70C9800283ED0FFE7119802F036FB4A
S315080066D0119800684069400600282FD5FFE7FFE7B4
S315080066E0FFE71198006850E8050F20F040000B906E
S315080066F0FFE70B991198026842E805100028F0D1C7
S31508006700FFE7FFE71198C06B98B1FFE71198C16BD7
S3150800671048F67930C0F6000008651198C06BFBF79B
S3150800672087FA28B1FFE71198C06B016D8847FFE724
S3150800673003E01198FFF71CFFFFE703E01198FFF746
S3150800674017FFFFE706E01198FFF712FF11990020DF
S315080067504864FFE7FFE723E11198006B012840F042
S31508006760FF80FFE79DF84000C006002840F1F8804A
S31508006770FFE79DF83C00C006002840F1F180FFE7DE
S31508006780FFE700200A901198006800680A9011989F
S31508006790006840680A900A98FFE7119800684069FF
S315080067A04006002840F18280FFE71198C06B006818
S315080067B04068ADF82600BDF82600002875D0FFE72A
S315080067C0BDF826001199898D88426EDAFFE7BDF873
S315080067D026001199C8851198C06BC069B0F5807FED
S315080067E058D0FFE7FFE7FFE71198006850E8030F66
S315080067F020F480700890FFE708991198026842E82B
S3150800680003100028F0D1FFE7FFE7FFE7FFE711983D
S31508006810006850E8050F20F001000790FFE7079988
S315080068201198026842E805100028F0D1FFE7FFE753
S31508006830FFE7FFE71198006850E8050F20F04000D1
S315080068400690FFE706991198026842E805100028A5
S31508006850F0D1FFE7FFE71199202081F8420011994E
S3150800686000200863FFE7FFE71198006850E8030F68
S3150800687020F010000590FFE705991198026842E894
S3150800688003100028F0D1FFE7FFE71198C06BFBF76C
S3150800689059F9FFE71199022048631198818DC28D35
S315080068A0891A89B2FFF716FDFFE779E01199888DF5
S315080068B0C98D401AADF812001198C08D00284ED027
S315080068C0FFE7BDF81200002849D0FFE7FFE7FFE71A
S315080068D01198006850E8030F20F490700390FFE7C2
S315080068E003991198026842E803100028F0D1FFE7DF
S315080068F0FFE7FFE7FFE71198006850E8050F20F06B
S3150800690001000290FFE702991198026842E8051013
S315080069100028F0D1FFE7FFE71199202081F842000F
S31508006920119900200863FFE7FFE71198006850E80F
S31508006930030F20F010000190FFE7019911980268F3
S3150800694042E803100028F0D1FFE7FFE7119902207B
S3150800695048631198BDF81210FFF7BCFCFFE71FE06B
S315080069609DF84000000600280AD5FFE79DF83C0080
S315080069700006002804D5FFE7119802F033FC0FE063
S315080069809DF84000400600280AD5FFE79DF83C0020
S315080069904006002804D5FFE7119802F019FAFFE728
S315080069A012B080BD80B582B00090009820B9FFE78C
S315080069B001208DF8070040E00098806908B1FFE7DC
S315080069C000E0FFE7009890F8410040B9FFE700991A
S315080069D0002081F84000009800F034F8FFE700999D
S315080069E0242081F8410000980168C86820F4005006
S315080069F0C860009802F0D2FA00980168086920F485
S31508006A009040086100980168486920F02A004861AA
S31508006A1000980168C86840F40050C86000990020D2
S31508006A204864009A202182F84110009A82F84210A0
S31508006A30009948638DF80700FFE79DF8070002B044
S31508006A4080BD000080B59EB01D9000201C901B9054
S31508006A501A90199018901D98006841F20001C4F226
S31508006A600101884240F0C680FFE7FFE70020179043
S31508006A7043F64400C4F20200016841F010010160C7
S31508006A80006800F0100017901798FFE7FFE700204E
S31508006A90169043F63000C4F20200016841F0020184
S31508006AA00160006800F0020016901698FFE7FFE7FD
S31508006AB00020159043F63000C4F20200016841F048
S31508006AC001010160006800F0010015901598FFE7C4
S31508006AD08020189002200B90199000200F901A9091
S31508006AE003200E901B9007200C901C9040F200404B
S31508006AF0C4F2020018A90D91FBF7AAFBDDF82CC019
S31508006B000C980D990E9A0F9B4FF4007ECDF860E015
S31508006B10CDF864C01A931B921C900020C4F20200A0
S31508006B20FBF796FB0E9A0F9945F6A020C2F20000D5
S31508006B30109046F28843C4F2020303604FF00063E4
S31508006B4043608160C1604FF4806303614161816184
S31508006B504FF48073C3614FF48033036204234362A6
S31508006B608262C1620163FBF715FA18B1FFE7FAF70B
S31508006B705DF8FFE7FFE71D9845F6A021C2F2000180
S31508006B80C1631D988863FFE745F60030C2F200002E
S31508006B900A9046F2B841C4F2020101604FF0006162
S31508006BA04160402181600021C1604FF4806202612A
S31508006BB041618161C1614FF4803202624162FBF733
S31508006BC0E9F918B1FFE7FAF731F8FFE7FFE71D988B
S31508006BD045F60031C2F2000181631D988863FFE71C
S31508006BE02520099002210022FBF7ECFF0998FBF704
S31508006BF0DFFF20E11D98006844F60001C4F2000199
S31508006C00884270D1FFE7FFE70020149043F6400062
S31508006C10C4F20200016841F480210160006800F4B2
S31508006C20802014901498FFE7FFE70020139043F69E
S31508006C303000C4F20200016841F0040101600068F6
S31508006C4000F0040013901398FFE74FF44060189083
S31508006C5002201990002007901A90032006901B9096
S31508006C6007201C9040F60000C4F2020018A9FBF7A2
S31508006C70EFFA069A079945F66030C2F200000890C6
S31508006C8046F22803C4F2020303604FF00063436030
S31508006C908160C1604FF48063036141618161C161B4
S31508006CA04FF400330362042343628262C1620163C4
S31508006CB0FBF770F918B1FFE7F9F7B8FFFFE7FFE749
S31508006CC01D9845F66031C2F20001C1631D988863BC
S31508006CD0FFE72720059002210022FBF773FF05989E
S31508006CE0FBF766FFA6E01D98006841F20041C4F272
S31508006CF00101884240F09D80FFE7FFE700201290DF
S31508006D0043F64400C4F20200016841F02001016024
S31508006D10006800F0200012901298FFE7FFE70020B5
S31508006D20119043F63000C4F20200016841F04001B8
S31508006D300160006800F0400011901198FFE74FF4D9
S31508006D408440189002201990002003901A9003207E
S31508006D5002901B9008201C9041F60000C4F2020025
S31508006D6018A9FBF775FA029A039945F6C030C2F2DC
S31508006D700000049046F22843C4F2020303604FF071
S31508006D80206343608160C1604FF4806303614161A1
S31508006D908161C1614FF44033036204234362826216
S31508006DA0C1620163FBF7F6F818B1FFE7F9F73EFF92
S31508006DB0FFE7FFE71D9845F6C031C2F20001C1633F
S31508006DC01D988863FFE745F62040C2F2000001904F
S31508006DD046F2A041C4F2020101604FF02061416011
S31508006DE0402181600021C1604FF4806202614161E7
S31508006DF08161C1614FF4803202624162FBF7CAF8D1
S31508006E0018B1FFE7F9F712FFFFE7FFE71D9845F608
S31508006E102041C2F2000181631D988863FFE747207D
S31508006E20009001210022FBF7CDFE0098FBF7C0FE7B
S31508006E30FFE7FFE7FFE71EB080BD000081B00090C6
S31508006E4001B0704781B0009001B0704781B00090E2
S31508006E5001B07047FFE7FEE783B0029001918DF815
S31508006E60032000208DF802008DF80200FFE79DF848
S31508006E7002009DF80310884229DAFFE70298000FFE
S31508006E80092809D8FFE70298000F303001999DF8C4
S31508006E90022001F8120009E00299372000EB117070
S31508006EA001999DF8022001F81200FFE702980001F7
S31508006EB0029001989DF8021000EB410100204870ED
S31508006EC0FFE79DF8020001308DF80200CFE703B016
S31508006ED07047000080B582B045F6D000C2F20000C7
S31508006EE0019046F20041C4F20001016003214160AD
S31508006EF000218160C1604FF4C02202614FF4A002F4
S31508006F0042610176012242768276C176017741771F
S31508006F10FAF76EFB18B1FFE7F9F788FEFFE702B04C
S31508006F2080BD000080B582B045F6F800C2F20000C8
S31508006F30019046F60001C4F2000101600321416098
S31508006F4000218160C1604FF4802202614FF4E002A3
S31508006F5042610176012242768276C17601774177CF
S31508006F60FAF746FB18B1FFE7F9F760FEFFE702B04C
S31508006F7080BD000080B58EB0FFE700200D9043F677
S31508006F803000C4F20200016841F400110160006893
S31508006F9000F400100D900D98FFE7FFE700200C9015
S31508006FA043F63000C4F20200016841F48001016032
S31508006FB0006800F480000C900C98FFE70C20019004
S31508006FC0022100220A92FBF7FDFD0198FBF7F0FD6E
S31508006FD00A9A0D2002901146FBF7F4FD0298FBF77A
S31508006FE0E7FD0A9A0F2003901146FBF7EBFD03987D
S31508006FF0FBF7DEFD0A9A392004900121FBF7E2FD32
S315080070000498FBF7D5FD0A9A3A20059005210991BF
S31508007010FBF7D8FD0598FBF7CBFD0A9A3B200690AF
S315080070201146FBF7CFFD0698FBF7C2FD0A9A4420E6
S3150800703007900321FBF7C6FD0798FBF7B9FD0999E9
S315080070400A9A45200890FBF7BDFD0898FBF7B0FDA6
S3150800705009990A9A46200B90FBF7B4FD0B98FBF7A3
S31508007060A7FD0EB080BD000080B59CB000201B9027
S315080070701A90199018901790FFE70020169043F67B
S315080070803000C4F20200016841F0020101600068A4
S3150800709000F0020016901698FFE7FFE7002015900B
S315080070A043F63000C4F20200016841F04001016075
S315080070B0006800F0400015901598FFE7FFE70020EC
S315080070C0149043F63000C4F20200016841F0010151
S315080070D00160006800F0010014901498FFE7FFE7CC
S315080070E00020139043F63000C4F20200016841F014
S315080070F008010160006800F0080013901398FFE784
S31508007100FFE70020129043F63000C4F2020001683F
S3150800711041F004010160006800F004001290129822
S31508007120FFE7FFE70020119043F63000C4F20200A3
S31508007130016841F080010160006800F0800011904C
S315080071401198FFE7FFE70020109043F63000C4F2DD
S315080071500200016841F020010160006800F020008B
S3150800716010901098FFE7FFE700200F9043F63000D5
S31508007170C4F20200016841F010010160006800F0E5
S3150800718010000F900F98FFE741F60000C4F20200C6
S3150800719002904021019101220C92FBF749FA0C9AC0
S315080071A00020C4F20200049010210391FBF740FA74
S315080071B00C9A40F20040C4F2020006901146FBF712
S315080071C037FA019A02980C991792189119911A91FF
S315080071D017A90791FBF73CF8029807990C9A092317
S315080071E00A9317934FF40413059318931992FBF710
S315080071F02FF8039B049807990C9A179318921992DB
S31508007200022208921A92FBF723F8059A07990C9816
S31508007210302317931892199040F60000C4F2020022
S31508007220FBF716F806980799089A0C9B1793189374
S3150800723019931A92FBF70CF8089906200990002270
S315080072400D92FBF7BFFC0998FBF7B2FC0A980C995C
S315080072500D9AFBF7B7FC0A98FBF7AAFC0C990D9A4E
S315080072600A200B90FBF7AEFC0B98FBF7A1FC0C99D8
S315080072700D9A17200E90FBF7A5FC0E98FBF798FCC5
S315080072801CB080BD80B582B045F68040C2F20000D1
S31508007290019045F60041C4F20001016041F68021E3
S315080072A0C0F20601416000218160C1604FF480424E
S315080072B0026141618161C1610162FBF7D7F918B1C9
S315080072C0FFE7F9F7B3FCFFE702B080BD80B582B0EF
S315080072D046F2B810C2F20000019043F20001C4F26F
S315080072E0010101604FF48271416000218160C16033
S315080072F002220261012242614FF400728261382241
S31508007300C2610162416281620A21C162FDF722FB04
S3150800731018B1FFE7F9F78AFCFFE702B080BD000065
S3150800732080B588B0002100910791069105910491D6
S3150800733003910291019146F25820C2F2000044F2EC
S315080073400042C4F2010202604160816041F2873264
S31508007350C26001618161FEF791F818B1FFE7F9F79C
S3150800736065FCFFE746F25820C2F20000FEF722FD50
S3150800737018B1FFE7F9F75AFCFFE7602001900022F1
S3150800738002920392059246F25820C2F2000001A921
S31508007390FEF76EFC18B1FFE7F9F748FCFFE746F27F
S315080073A05820C2F20000FEF7D1FB08B080BD0000ED
S315080073B080B598B0002101911791169115911491F5
S315080073C013911291119110910F910E910D910C91AB
S315080073D00B910A91099108910791069105910491DB
S315080073E0039146F21020C2F2000002900022C4F275
S315080073F001020260A7224260816044F61F62C260F1
S315080074000161416180218161FEF738F818B1FFE713
S31508007410F9F70CFCFFE74FF48050149046F2102061
S31508007420C2F2000014A9FEF7BDF918B1FFE7F9F793
S31508007430FDFBFFE746F21020C2F20000FEF7BAFC99
S3150800744018B1FFE7F9F7F2FBFFE700201290139057
S3150800745046F21020C2F2000012A9FDF77DFF18B10E
S31508007460FFE7F9F7E3FBFFE760200B9000220C9299
S315080074700D920E920F921092119246F21020C2F2BD
S3150800748000000BA9FEF7F4FB18B1FFE7F9F7CEFBEE
S31508007490FFE746F21020C2F200000BA90422FEF70D
S315080074A0E7FB18B1FFE7F9F7C1FBFFE700200390F8
S315080074B004900590069007904FF4005108910A90A1
S315080074C046F21020C2F2000003A9FDF7EBFE18B140
S315080074D0FFE7F9F7ABFBFFE746F21020C2F2000020
S315080074E0FEF734FB18B080BD80B588B00021019145
S315080074F007910691059104910391029146F2A02005
S31508007500C2F2000040F20042C4F2000202605322B6
S315080075104260816040F2E732C26001618161FDF735
S31508007520ADFF18B1FFE7F9F781FBFFE74FF480508D
S31508007530049046F2A020C2F2000004A9FEF732F930
S3150800754018B1FFE7F9F772FBFFE7002002900390F6
S3150800755046F2A020C2F2000002A9FDF7FDFE18B10E
S31508007560FFE7F9F763FBFFE708B080BD80B58EB08B
S31508007570002100910D910C910B910A9109910891A6
S31508007580079106910591049103910291019146F2A2
S31508007590E820C2F2000040F60002C4F200020260CF
S315080075A053224260816040F2E732C2600161802165
S315080075B08161FDF763FF18B1FFE7F9F737FBFFE7CE
S315080075C04FF480500A9046F2E820C2F200000AA959
S315080075D0FEF7E8F818B1FFE7F9F728FBFFE746F2E8
S315080075E0E820C2F20000FEF7E5FB18B1FFE7F9F75D
S315080075F01DFBFFE700200890099046F2E820C2F23A
S31508007600000008A9FDF7A8FE18B1FFE7F9F70EFB79
S31508007610FFE760200190002002900390059046F253
S31508007620E820C2F2000001A90822FEF721FB18B1E2
S31508007630FFE7F9F7FBFAFFE746F2E820C2F2000097
S31508007640FEF784FA0EB080BD80B588B0002101919E
S3150800765007910691059104910391029146F2303003
S31508007660C2F2000040F60042C4F200020260532251
S315080076704260816040F2E732C26001618161FDF7D4
S31508007680FDFE18B1FFE7F9F7D1FAFFE74FF480508E
S31508007690049046F23030C2F2000004A9FEF782F8E0
S315080076A018B1FFE7F9F7C2FAFFE700200290039046
S315080076B046F23030C2F2000002A9FDF74DFE18B1BD
S315080076C0FFE7F9F7B3FAFFE708B080BD80B582B0E7
S315080076D046F27830C2F20000019041F20001C4F28D
S315080076E0010101604FF4E131416000218160C16010
S315080076F001610C2242618161C161FFF753F918B13A
S31508007700FFE7F9F793FAFFE702B080BD80B582B0CC
S3150800771046F2C030C2F20000019044F60001C4F2FD
S315080077200001016048F2A061C0F2010141604FF416
S31508007730805181600021C1604FF480620261042299
S3150800774042618161C161FFF72DF918B1FFE7F9F7C9
S315080077506DFAFFE702B080BD80B582B046F20840F8
S31508007760C2F20000019041F20041C4F20101016039
S315080077704FF46121416000218160C16001610C22E2
S3150800778042618161C161FFF70DF918B1FFE7F9F7A9
S315080077904DFAFFE702B080BD80B545F2F450C2F25B
S315080077A0000040F20C01C2F20001002202F06CFE59
S315080077B018B1FFE7F9F73AFAFFE745F2F450C2F2D3
S315080077C0000040F2C401C2F2000103F061FB18B1E7
S315080077D0FFE7F9F72BFAFFE745F2F450C2F200008B
S315080077E040F26011C2F2000102F0C0F818B1FFE7DA
S315080077F0F9F71CFAFFE745F2F450C2F2000003F06D
S31508007800D1FC18B1FFE7F9F711FAFFE780BD0000D0
S31508007810FFE7FEE7FFE7FEE788B0079006910592C7
S31508007820079800F0070004900498C0F1070005289F
S3150800783003D3FFE70420019004E00498C0F1070091
S315080078400190FFE70198039004980430062803D8AE
S31508007850FFE70020009003E0049803380090FFE754
S315080078600098029006980399012202FA01F101395B
S315080078700840029B984005999A40013A11400843EE
S3150800788008B0704780B545F6D440C2F20000FBF751
S31508007890A5FC80BD80B586B0059004910598006862
S315080078A00390039802900398006C0190029804993B
S315080078B000EB4110D0F8080B0090019843F20B0139
S315080078C0C4F6547188420FD3FFE79DF801000006FD
S315080078D0002809D5FFE70298049900EB41114FF4F7
S315080078E00040C1F8080BFFE70598FCF795FA0198E0
S315080078F043F20B01C4F6547188420DD3FFE705988D
S315080079008079012808D1FFE70599086801F29C42A9
S31508007910012104F05FFAFFE7002006B080BD0000F1
S3150800792080B588B007900691079800680490049877
S3150800793003900498006C02900398069900EB411096
S31508007940D0F8080B019007988079012840F08180CB
S31508007950FFE79DF804000007002818D5FFE70298FE
S3150800796043F20B01C4F6547188420FD3FFE79DF822
S3150800797005000006002809D5FFE70398069900EBDD
S3150800798041114FF40040C1F8080BFFE760E09DF88D
S3150800799004008006002808D5FFE70398069900EB3F
S315080079A041112020C1F8080B51E09DF8040010F0A1
S315080079B0280F4AD1FFE7029843F20B01C4F6547127
S315080079C088420FD3FFE79DF805000006002809D571
S315080079D0FFE70398069900EB41114FF40040C1F800
S315080079E0080B31E00798069901EBC10100EB81000D
S315080079F000F5157005900598006A0399069A01EB3B
S31508007A004211D1F8101B6FF3DF41401A05994861FE
S31508007A10069898B9FFE70598006940B9FFE70799FE
S31508007A20086801F29C42012104F0D4F905E00599A1
S31508007A30C8684A691044C860FFE7FFE707989DF8D9
S31508007A401810FBF75FF9FFE700E0FFE7FFE7FFE73E
S31508007A5047E0029843F20A11C4F65471884224D1C9
S31508007A60FFE79DF805000006002809D5FFE70398FB
S31508007A70069900EB41114FF40040C1F8080B13E0DA
S31508007A809DF804008006002808D5FFE703980699A4
S31508007A9000EB41112020C1F8080BFFE707989DF875
S31508007AA01810FBF72FF9FFE71AE0069890B9FFE7D9
S31508007AB00798069901EBC10100EB8100D0F8640232
S31508007AC040B9FFE70799086801F29C42002104F0D3
S31508007AD081F9FFE707989DF81810FBF713F9FFE7F8
S31508007AE0FFE7002008B080BD80B58CB00A900991E8
S31508007AF00A9800680890089807900A98099901EB6F
S31508007B00C10100EB810014300690069801694069AE
S31508007B10884204D9FFE701208DF82F0079E00699FD
S31508007B2008694969401A059005980699896888423E
S31508007B3004D9FFE7069880680590FFE705980330A3
S31508007B4080080490FFE70798099900EB4110D0F8E0
S31508007B50180981B2049A0020914202900FD3FFE7D8
S31508007B6006980269416900209142029007D2FFE710
S31508007B7006980069002818BF01200290FFE70298BE
S31508007B80C00770B3FFE7069908694969401A059066
S31508007B90059806998968884204D9FFE70698806897
S31508007BA00590FFE705980330800804900898069921
S31508007BB0C9689DF82420BDF81430DDF828C09CF863
S31508007BC006C0EE46CEF800C004F082FF059A069974
S31508007BD0C8681044C860059A0699486910444861FF
S31508007BE0B1E706990869496988420ED8FFE70998F6
S31508007BF000F00F01012088400390039A0799D1F8F5
S31508007C0034089043C1F83408FFE700208DF82F00A8
S31508007C10FFE79DF82F000CB080BD000070470000FC
S31508007C2080B582B001900198806B00900098016839
S31508007C30486820F0030048600099486D40F010003D
S31508007C4048650099012081F851000098FCF77EFEEE
S31508007C5002B080BD80B582B001900198806B00901B
S31508007C600098FCF7CFFF02B080BD000080B582B057
S31508007C7001900198806B00900098FDF7FFFA02B01A
S31508007C8080BD000080B584B003900398806B029095
S31508007C90FAF7E6FC019003980068006800F4807023
S31508007CA0B0F5807F39D0FFE702980168486820F070
S31508007CB0200048600298806868B9FFE70298406823
S31508007CC0B0F5827F07D1FFE702980168486820F07F
S31508007CD00300486006E002980168486820F0010041
S31508007CE04860FFE70298019A642100F061F820B124
S31508007CF0FFE7029920204865FFE702990020C88718
S31508007D000299012081F851000298406D20B1FFE7E1
S31508007D100298FCF71BFE04E0FFE70298FCF76EFFEB
S31508007D20FFE704B080BD000080B584B003900398D7
S31508007D30806B0290FAF794FC01900398006800683B
S31508007D4000F48070B0F5807F2BD0FFE702980168B9
S31508007D50486820F0200048600298019A642100F0E3
S31508007D6099F830B1FFE70299486D40F02000486560
S31508007D70FFE702980168486820F003004860029906
S31508007D800020C8860299C8870299012081F8510007
S31508007D900298406D20B1FFE70298FCF7D7FD04E092
S31508007DA0FFE70298FDF70EFAFFE704B080BD000072
S31508007DB080B586B004900391029204984068B0F5A5
S31508007DC0827F13D1FFE704988068B0F5004F06D08C
S31508007DD0FFE704988068B0F5806F07D1FFE704983D
S31508007DE00168086820F040000860FFE704984068CA
S31508007DF0B0F5827F31D1FFE704988068B0F5806FCF
S31508007E0015D0FFE70498039B02996A461160802102
S31508007E10002200F0A5F848B1FFE70499486D40F044
S31508007E202000486503208DF817002FE014E0049819
S31508007E30039B02996A4611600121002200F090F81E
S31508007E4048B1FFE70499486D40F0200048650320D3
S31508007E508DF817001AE0FFE714E00498039B0299CF
S31508007E606A4611600121002200F07AF848B1FFE75E
S31508007E700499486D40F02000486503208DF81700E6
S31508007E8004E0FFE700208DF81700FFE79DF81700CC
S31508007E9006B080BD80B586B004900391029204981E
S31508007EA0039B02996A4611600221012200F058F8E4
S31508007EB048B1FFE70499486D40F020004865032063
S31508007EC08DF8170048E040F2C000C2F200000068D2
S31508007ED04AF6AB21CAF6AA21A0FB011000094FF207
S31508007EE0A171C1F2C601A0FB0110000C4FF47A7112
S31508007EF04843019004984068B0F5827F15D1FFE7A2
S31508007F000498039B02996A4611608021002200F0BA
S31508007F1027F848B1FFE70499486D40F02000486506
S31508007F2003208DF8170017E012E0FFE7019808B95B
S31508007F30FFE70CE0019801380190FFE70498006814
S31508007F408068C1B20020B0EBD11FEFD1FFE7FFE791
S31508007F5000208DF81700FFE79DF8170006B080BDD2
S31508007F6080B58AB0DDF830C0089007918DF81B20DF
S31508007F70059305980190FAF773FB024601980C9948
S31508007F80891A08440390FAF76BFB0290039840F2AB
S31508007F90C001C2F200010968C1F3CB31484304901D
S31508007FA0FFE708980068806807990840401AB0FA01
S31508007FB080F040099DF81B1088425ED0FFE70598BF
S31508007FC00130002858D0FFE7FAF74AFB0299401A11
S31508007FD00399884204D2FFE70398002842D1FFE7B5
S31508007FE008980168486820F0E000486008984068EA
S31508007FF0B0F5827F13D1FFE708988068B0F5004F87
S3150800800006D0FFE708988068B0F5806F07D1FFE7CC
S3150800801008980168086820F040000860FFE708989B
S31508008020806AB0F5005F0FD1FFE7FFE7089801689F
S31508008030086820F40050086008980168086840F449
S3150800804000500860FFE7FFE70899012081F8510012
S31508008050FFE70899002081F85000FFE703208DF814
S3150800806027000EE0049818B9FFE700200390FFE701
S31508008070049801380490FFE793E700208DF827005D
S31508008080FFE79DF827000AB080BD00007047000092
S3150800809084B003900398009000980078ADF8080023
S315080080A000980130009000980078ADF80600BDF8F9
S315080080B00610BDF8080040EA0120ADF80A00BDF830
S315080080C00A0004B07047000080B582B0009000989E
S315080080D00138B0F1807F03D3FFE70120019019E052
S315080080E0009801384EF21401CEF2000108604FF0F4
S315080080F0FF300F210FF0C4FE4EF21801CEF2000138
S31508008100002008604EF21002CEF20002072111602C
S315080081100190FFE7019802B080BD000080B5FAF72C
S31508008120BFFC80BD80B594B008A83021F8F718FACE
S31508008130002007900690059004900390FFE7002022
S31508008140029043F64000C4F20200016841F08051F3
S315080081500160006800F0805002900298FFE7FFE790
S315080081600020019047F20000C4F20000016841F4C3
S3150800817080410160006800F4804001900198FFE7A3
S31508008180012008904FF48030099002200E904FF499
S3150800819080010F9106211091A821119112900720B4
S315080081A0139008A8FCF772F818B1FFE7F8F73EFD38
S315080081B0FFE70F20039002200490002005904FF45B
S315080081C0A05006904FF48050079003A80521FBF7AE
S315080081D08DFE18B1FFE7F8F729FDFFE714B080BD5B
S315080081E04EF68851CEF20001086840F47000086027
S315080081F07047000080B546F2E820C2F20000FDF79D
S3150800820097FB80BD80B546F23030C2F20000FDF71C
S315080082108FFB80BD83B002900191029800680090A0
S3150800822002980021C4F20101884225D0FFE702988E
S31508008230B0F1804F20D0FFE7029840F20041C4F227
S315080082400001884218D0FFE7029840F60001C4F200
S315080082500001884210D0FFE7029840F60041C4F2B8
S315080082600001884208D0FFE7029840F20041C4F2B4
S31508008270010188420AD1FFE7009820F070000090BB
S3150800828001984168009808430090FFE7029800218A
S31508008290C4F20101884255D0FFE70298B0F1804F39
S315080082A050D0FFE7029840F20041C4F2000188422C
S315080082B048D0FFE7029840F60001C4F20001884260
S315080082C040D0FFE7029840F60041C4F20001884218
S315080082D038D0FFE7029840F20041C4F20101884213
S315080082E030D0FFE7029844F20001C4F20101884247
S315080082F028D0FFE7029844F20041C4F201018842FF
S3150800830020D0FFE7029844F60001C4F20101884232
S3150800831018D0FFE7029841F60001C4F2000188422E
S3150800832010D0FFE7029841F60041C4F200018842E6
S3150800833008D0FFE7029842F20001C4F20001884221
S315080083400AD1FFE7009820F4407000900198C168B0
S31508008350009808430090FFE7009820F080000199F4
S315080083604969084300900098029908600198806856
S315080083700299C862019800680299886202980021E9
S31508008380C4F20101884208D0FFE7029840F2004192
S31508008390C4F20101884205D1FFE7019800690299F4
S315080083A00863FFE702990120486102980069C0073F
S315080083B030B1FFE70299086920F001000861FFE77C
S315080083C003B0704784B0039002910192029800F0BE
S315080083D01F01012088400090009A0399086A90437B
S315080083E008620198029901F01F0100FA01F2039947
S315080083F0086A1043086204B07047000085B004900C
S31508008400039102920193049880680090009820F4E2
S315080084107F40009003980299019A41EA022101439C
S3150800842000980843009000980499886005B0704742
S3150800843083B002900191029880680090009820F01D
S315080084407000009001980099084340F007000090DA
S3150800845000980299886003B07047000082B00190C6
S315080084600091019800680021C4F20101884209D1EF
S31508008470FFE7019840F68C11C2F2000108600098E7
S315080084804860F3E001980068B0F1804F09D1FFE732
S31508008490019840F69411C2F20001086000984860FD
S315080084A0E3E00198006840F20041C4F20001884206
S315080084B009D1FFE7019840F69C11C2F20001086055
S315080084C000984860D0E00198006840F60001C4F2C0
S315080084D00001884209D1FFE7019840F6A411C2F2CB
S315080084E00001086000984860BDE00198006840F601
S315080084F00041C4F20001884209D1FFE7019840F61D
S31508008500AC11C2F20001086000984860AAE0019820
S31508008510006841F20001C4F20001884209D1FFE770
S31508008520019840F6B411C2F200010860009848604C
S3150800853097E00198006841F20041C4F200018842C0
S3150800854009D1FFE7019840F6BC11C2F200010860A4
S315080085500098486084E00198006840F20041C4F23F
S315080085600101884209D1FFE7019840F6C411C2F219
S31508008570000108600098486071E00198006844F2BC
S315080085800001C4F20101884209D1FFE7019840F6CB
S31508008590CC11C2F200010860009848605EE00198BC
S315080085A0006844F20041C4F20101884209D1FFE79C
S315080085B0019840F66411C2F200010860009848600C
S315080085C04BE00198006844F60001C4F201018842B4
S315080085D009D1FFE7019840F66C11C2F20001086064
S315080085E00098486038E00198006841F60001C4F236
S315080085F00001884209D1FFE7019840F67411C2F2DA
S31508008600000108600098486025E00198006841F676
S315080086100041C4F20001884209D1FFE7019840F6FB
S315080086207C11C2F2000108600098486012E00198C7
S31508008630006842F20001C4F20001884209D1FFE74E
S31508008640019840F68411C2F200010860009848605B
S31508008650FFE7FFE7FFE7FFE7FFE7FFE7FFE7FFE7DC
S31508008660FFE7FFE7FFE7FFE7FFE7FFE702B070472F
S3150800867085B0049003910498006A01900499086AE9
S3150800868020F0010008620498406800900498806908
S315080086900290029820F070000290029820F00300E1
S315080086A0029003980168029808430290019820F006
S315080086B00200019003988168019808430190049884
S315080086C00021C4F20101884208D0FFE7049840F26D
S315080086D00041C4F2010188420ED1FFE7019820F05B
S315080086E0080001900398C168019808430190019811
S315080086F020F004000190FFE704980021C4F201016C
S31508008700884208D0FFE7049840F20041C4F201010C
S31508008710884213D1FFE7009820F4807000900098F3
S3150800872020F400700090039841690098084300906F
S3150800873003988169009808430090FFE70098049918
S3150800874048600298049988610398406804994863C8
S3150800875001980499086205B07047000085B0049036
S3150800876003910498006A01900499086A20F01000A1
S3150800877008620498406800900498806902900298FC
S3150800878020F4E0400290029820F44070029003988A
S315080087900168029840EA01200290019820F0200022
S315080087A0019003988168019840EA011001900498A5
S315080087B00021C4F20101884208D0FFE7049840F27C
S315080087C00041C4F2010188420FD1FFE7019820F069
S315080087D0800001900398C168019840EA0110019051
S315080087E0019820F040000190FFE704980021C4F2A8
S315080087F00101884208D0FFE7049840F20041C4F21C
S315080088000101884215D1FFE7009820F480600090A6
S31508008810009820F40060009003984169009840EAA7
S315080088208100009003988169009840EA81000090D1
S31508008830FFE70098049948600298049988610398AC
S3150800884040680499886301980499086205B07047DE
S3150800885085B0049003910498006A01900499086A07
S3150800886020F4807008620498406800900498C069F3
S315080088700290029820F070000290029820F00300FF
S31508008880029003980168029808430290019820F420
S315080088900070019003988168019840EA01200190D0
S315080088A004980021C4F20101884208D0FFE7049821
S315080088B040F20041C4F2010188420FD1FFE7019856
S315080088C020F4006001900398C168019840EA0120ED
S315080088D00190019820F480600190FFE70498002138
S315080088E0C4F20101884208D0FFE7049840F200412B
S315080088F0C4F20101884215D1FFE7009820F48050A0
S315080089000090009820F40050009003984169009860
S3150800891040EA0110009003988169009840EA011026
S315080089200090FFE700980499486002980499C86186
S31508008930039840680499C86301980499086205B0C9
S315080089407047000085B0049003910498006A01906E
S315080089500499086A20F480500862049840680090D8
S315080089600498C0690290029820F4E04002900298A8
S3150800897020F44070029003980168029840EA0120AA
S315080089800290019820F4005001900398816801989C
S3150800899040EA0130019004980021C4F2010188429E
S315080089A008D0FFE7049840F20041C4F2010188426A
S315080089B00BD1FFE7009820F48040009003984169A6
S315080089C0009840EA81100090FFE7009804994860F3
S315080089D002980499C8610398406804990864019844
S315080089E00499086205B0704785B004900391029215
S315080089F00498006A00900499086A20F00100086249
S31508008A00049880690190019820F0F000019002997D
S31508008A10019840EA01100190009820F00A000090A1
S31508008A200399009808430090019804998861009872
S31508008A300499086205B0704785B0049003910292C4
S31508008A400498006A00900499086A20F010000862E9
S31508008A50049880690190019820F470400190029969
S31508008A60019840EA01300190009820F0A00000909B
S31508008A700399009840EA01100090019804998861CA
S31508008A8000980499086205B07047000080B582B066
S31508008A90A82006F073F845F6D000C2F200004EF2A0
S31508008AA04D61C0F6000106F017F845F6F800C2F267
S31508008AB000004EF21171C0F6000106F00DF846F2FC
S31508008AC0B810C2F200004DF2C971C0F6000106F0F6
S31508008AD0F3F845F68040C2F200004DF6AD11C0F637
S31508008AE0000106F08FF846F2C030C2F200004DF2DF
S31508008AF06D71C0F60001122206F04AF946F20840E6
S31508008B00C2F200004DF2D971C0F60001282206F023
S31508008B103FF940F2D030C2F200004DF2A971C0F61A
S31508008B20000103F085FD46F2E820C2F2000000903D
S31508008B304DF64931C0F60001FFF790FC46F2303099
S31508008B40C2F2000001904DF65D31C0F60001FFF754
S31508008B5085FC43F25070C2F200009FED060A0BF046
S31508008B6083F80098FCF7A2FD0198FCF79FFD02B078
S31508008B7080BD00BF0000000080B582B0019001985A
S31508008B80806B009000990020C8850099C8840098D9
S31508008B90FDF7EEFC02B080BD80B584B003900020DE
S31508008BA002900398806B0190019800684069C0B2F2
S31508008BB0C0090290019890F8410021280AD1FFE7E0
S31508008BC0029838B1FFE701990020C884019800F09F
S31508008BD013F9FFE7019800684069C0F38010029016
S31508008BE0019890F8420022280AD1FFE7029838B186
S31508008BF0FFE701990020C885019800F09FF8FFE774
S31508008C000199486C40F0100048640198FDF7B0FCE3
S31508008C1004B080BD80B586B005900598806B049039
S31508008C20059800680068C00500285AD4FFE704992B
S31508008C300020C885FFE7FFE70498006850E8030F9F
S31508008C4020F480700390FFE703990498026842E8CD
S31508008C5003100028F0D1FFE7FFE7FFE7FFE70498D6
S31508008C60006850E8050F20F001000290FFE702991E
S31508008C700498026842E805100028F0D1FFE7FFE7EC
S31508008C80FFE7FFE70498006850E8050F20F040006A
S31508008C900190FFE701990498026842E80510002848
S31508008CA0F0D1FFE7FFE70499202081F842000498F5
S31508008CB0006B012814D1FFE7FFE7FFE70498006877
S31508008CC050E8030F20F010000090FFE70099049881
S31508008CD0026842E803100028F0D1FFE7FFE7FFE744
S31508008CE0FFE70499002048630498006B012805D122
S31508008CF0FFE70498818DFDF7EDFA03E00498FEF787
S31508008D009DF8FFE706B080BD80B582B00190019856
S31508008D10806B00900099012048630098006B012839
S31508008D2006D1FFE70098818D4908FDF7D3FA03E0DD
S31508008D300098FEF787F8FFE702B080BD84B003907D
S31508008D40FFE7FFE70398006850E8030F20F49070E8
S31508008D500290FFE702990398026842E80310002888
S31508008D60F0D1FFE7FFE7FFE7FFE70398006850E861
S31508008D70050F20F001000190FFE7019903980268AA
S31508008D8042E805100028F0D1FFE7FFE70398006BDB
S31508008D90012814D1FFE7FFE7FFE70398006850E8CA
S31508008DA0030F20F010000090FFE70099039802686F
S31508008DB042E803100028F0D1FFE7FFE7FFE7039931
S31508008DC0202081F8420003990020086304B0704708
S31508008DD080B582B0019001980168C86820F040000B
S31508008DE0C8600199202081F841000198FEF72EF805
S31508008DF0002002B080BD000082B00190FFE7FFE7C7
S31508008E000198006850E8030F20F0C0000090FFE7C3
S31508008E1000990198026842E803100028F0D1FFE79C
S31508008E20FFE70199202081F8410002B07047000051
S31508008E3080B586B00490049890F84200222840F045
S31508008E40A480FFE704988068B0F5805F15D1FFE736
S31508008E500498006988B9FFE7002003900498806A9F
S31508008E6002900498006840686FF35F2002990880B2
S31508008E700499886A0230886225E00498806A03901B
S31508008E800020029004988068B0F5805F08D0FFE75C
S31508008E900498806850B9FFE70498006930B9FFE77D
S31508008EA00498006840680399087007E00498006809
S31508008EB0406800F07F0003990870FFE70499886A04
S31508008EC001308862FFE70499C88D0138C885000417
S31508008ED0002856D1FFE704980168C86820F02000EA
S31508008EE0C86004980168C86820F48070C86004984F
S31508008EF00168486920F0010048610499202081F83A
S31508008F0042000499002048630498006B012830D178
S31508008F10FFE7049900200863FFE7FFE70498006865
S31508008F2050E8030F20F010000190FFE7019904981C
S31508008F30026842E803100028F0D1FFE7FFE704982B
S31508008F4000680068C00600280ED5FFE7FFE7002086
S31508008F5000900498006800680090049800684068CB
S31508008F6000900098FFE7FFE70498818DFDF7B2F9B6
S31508008F7003E00498FDF762FFFFE700208DF817006D
S31508008F8007E000208DF8170003E002208DF817008F
S31508008F90FFE79DF8170006B080BD000080B586B0D3
S31508008FA0059005980068006920F44050059A1168F4
S31508008FB0D26810430861059988680B694A69C969C6
S31508008FC0184310430843049005980068C06849F29E
S31508008FD00C6188430499084305990968C86005988F
S31508008FE00068406920F44070059A11689269104338
S31508008FF048610598006841F20001C4F201018842FF
S3150800900009D0FFE70598006841F20041C4F2010162
S31508009010884204D1FFE7FBF7B3F8039003E0FBF7B8
S315080090209DF80390FFE70598C069B0F5004F29D170
S31508009030FFE703981921A0FB0101059A136802931B
S3150800904053685A00DB0FF7F77AF90299864648F211
S315080090501F53C5F2EB13AEFB0320420910014FF074
S31508009060640C02FB1CEC322202EBCC02A2FB03329C
S31508009070F82303EA521300EB4300C2F342121044EA
S31508009080886026E003981921A0FB0101059A136858
S31508009090019353689A009B0FF7F751F90199844693
S315080090A048F21F52C5F2EB12ACFB023043096420AA
S315080090B003FB10CC322000EB0C10A0FB0202F020C0
S315080090C000EA521000EB0310C2F343121044886002
S315080090D0FFE706B080BD000080B588B0079006910E
S315080090E0ADF81620069807998862BDF81600079904
S315080090F08885079900204864079A222182F8421039
S315080091000799CA6B48F61541C0F60001D16307995D
S31508009110CA6B48F60951C0F6000111640799CA6B73
S3150800912048F69931C0F60001D1640799C96B0865FC
S3150800913006A8049007980168C06B0431049A12685F
S31508009140BDF81630F8F7DEFFFFE700200390079812
S3150800915000680068039007980068406803900398C1
S31508009160FFE707980069A0B1FFE7FFE7FFE7079861
S31508009170006850E8030F40F480700290FFE70299F8
S315080091800798026842E803100028F0D1FFE7FFE7D6
S31508009190FFE7FFE7FFE70798006850E8050F40F08C
S315080091A001000190FFE701990798026842E8051057
S315080091B00028F0D1FFE7FFE7FFE7FFE70798006819
S315080091C050E8050F40F040000090FFE70099079827
S315080091D0026842E805100028F0D1FFE7FFE7002003
S315080091E008B080BD83B00190019890F8410021280D
S315080091F03AD1FFE701988068B0F5805F13D1FFE7A1
S315080092000198006978B9FFE70198006A009000980C
S3150800921000886FF35F200199096848600199086A18
S315080092200230086208E0019A106A411C116200784F
S31508009230019909684860FFE70199C88C0138C88414
S31508009240000468B9FFE701980168C86820F0800043
S31508009250C86001980168C86840F04000C860FFE728
S3150800926000208DF80B0003E002208DF80B00FFE7C5
S315080092709DF80B0003B0704780B546F27830C2F20D
S315080092800000FDF779F980BD80B546F2C030C2F21C
S315080092900000FDF771F980BD80B546F20840C2F2BC
S315080092A00000FDF769F980BD80B586B004908DF899
S315080092B00F100498D0F8C80201900498D0F8D41278
S315080092C000EB8100D0F8C00220B9FFE703208DF833
S315080092D017005FE00498D0F8D41200EB8100D0F8AC
S315080092E0C002029004989DF80F1001F00F0101EBDF
S315080092F0810100EB8100806940B3FFE704989DF87F
S315080093000F1001F00F0101EB810200EB8200826968
S31508009310019801EBC10100EB8100C169B2FBF1F0D4
S3150800932000FB112090B9FFE704989DF80F1001F093
S315080093300F0101EB810100EB810000238361049892
S315080093409DF80F101A4601F04FFD1FE00299002004
S31508009350C1F814020498D0F8D41200EB8100D0F8B2
S31508009360C402006988B1FFE70498D0F8D41200EB6C
S315080093708100D0F8C40203690299D1F8080201F500
S3150800938004719DF80F209847FFE7FFE700208DF846
S315080093901700FFE79DF8170006B080BD80B584B0BA
S315080093A002908DF807100298D0F8D41200EB8100CD
S315080093B0D0F8C00200900298D0F8D41200EB8100D1
S315080093C0D0F8C00220B9FFE703208DF80F0019E096
S315080093D002989DF8071001F091FA0099C1F80C025D
S315080093E00298D0F8D41200EB8100D0F8C402C26803
S315080093F00099D1F8040201F50371904700208DF811
S315080094000F00FFE79DF80F0004B080BD80B586B059
S3150800941005908DF81310059840F20901C2F2000173
S315080094200091097801F084F800990598097801F007
S315080094300F0101EB810100EB810100200390888474
S31508009440059840F20A01C2F200010191097801F07B
S315080094506FF8019A03980599127802F00F0202EB49
S31508009460820201EB8201A1F86401059840F2080125
S31508009470C2F200010291097801F05AF8029A03989B
S315080094800599137803F00F0303EB830301EB8301BC
S3150800949088840599127802F00F0202EB820201EB2A
S315080094A08201C8840598D0F8D41200EB8100D0F860
S315080094B0C002F0B1FFE70598D0F8D41200EB81009E
S315080094C0D0F8C402406880470598D0F8D41200EB5B
S315080094D08100D0F8C00202F023F90598D0F8D4121A
S315080094E000EB81010020C1F8C0020599C1F8BC0251
S315080094F0FFE7002006B080BD80B584B002900298D0
S31508009500D0F8D41200EB8100D0F8C002019001987F
S3150800951020B9FFE703208DF80F0025E00298D0F860
S31508009520D41200EB8100D0F8C402C8B1FFE7019855
S3150800953090F80002FF2813D0FFE70298D0F8D4125B
S3150800954000EB8100D0F8C4028368019991F8000203
S3150800955091F8012298470199FF2081F80002FFE758
S3150800956000208DF80F00FFE79DF80F0004B080BDBE
S3150800957081B0009000990A20088040F24010C2F29B
S31508009580000001B07047000080B586B0059040F233
S31508009590FC00C2F200000190822100F051FE014653
S315080095A001980491012100F04BFE014601980391B0
S315080095B0812100F045FE0290049820B1FFE7049946
S315080095C010208871FFE7039820B1FFE70399402030
S315080095D08880FFE7029820B1FFE70299402088803B
S315080095E0FFE705994320088040F2FC00C2F200001C
S315080095F006B080BD80B586B0059040F2FC00C2F288
S3150800960000000190822100F01BFE0146019804919A
S31508009610012100F015FE014601980391812100F011
S315080096200FFE0290049820B1FFE704991020887174
S31508009630FFE7039828B1FFE703994FF40070888085
S31508009640FFE7029828B1FFE702994FF40070888077
S31508009650FFE705994320088040F2FC00C2F20000AB
S3150800966006B080BD80B586B0059040F2FC00C2F217
S3150800967000000190822100F0E3FD01460198049163
S31508009680012100F0DDFD014601980391812100F0DA
S31508009690D7FD0290049820B1FFE70499102088713D
S315080096A0FFE7039820B1FFE7039940208880FFE78A
S315080096B0029820B1FFE7029940208880FFE70599C4
S315080096C04320088040F2FC00C2F2000006B080BDCC
S315080096D080B590B00E908DF837104FF4077002F0F1
S315080096E023F80C900C9860B9FFE70E98D0F8D412BE
S315080096F000EB81010020C1F8C00202208DF83F006E
S31508009700F0E00C984FF40771F6F72AFF0C980E99BB
S31508009710D1F8D42201EB8201C1F8C0020E99D1F822
S31508009720D40201EB8000D0F8C002C1F8BC020E9842
S31508009730007C002840D1FFE70E9840F20901C2F2EA
S31508009740000107910978022208924FF400730993E1
S3150800975001F0C0F90799089A099B0E98097801F053
S315080097600F0101EB810100EB810101200B90888438
S315080097700E9840F20A01C2F200010A91097801F036
S31508009780A9F90A9A0B980E99127802F00F0202EBC1
S31508009790820201EB8201A1F864010E9840F20801E9
S315080097A0C2F20001097801F00F0101EB810100EB1B
S315080097B081011020C8843EE00E9840F20901C2F2E9
S315080097C0000102910978022203924023049301F0D2
S315080097D081F90299039A049B0E98097801F00F0102
S315080097E001EB810100EB81010120069088840E9827
S315080097F040F20A01C2F200010591097801F06AF9FE
S31508009800059A06980E99127802F00F0202EB820268
S3150800981001EB8201A1F864010E9840F20801C2F238
S315080098200001097801F00F0101EB810100EB8101CC
S315080098301020C884FFE70E9840F20801C2F2000122
S31508009840009109780322082301F044F900990E983B
S31508009850097801F00F0101EB810100EB810101207C
S3150800986088840C9900200190C1F804020E98D0F85B
S31508009870D41200EB8100D0F8C40200688047019832
S315080098800C99C1F814020C99C1F818020C98D0F872
S31508009890040220B9FFE702208DF83F0022E00E9867
S315080098A0007C70B9FFE70E9840F20A01C2F2000187
S315080098B009780C9AD2F804224FF4007301F030F9B3
S315080098C00CE00E9840F20A01C2F2000109780C9ADF
S315080098D0D2F80422402301F023F9FFE700208DF88F
S315080098E03F00FFE79DF83F0010B080BD80B584B00B
S315080098F002900298D0F8D41200EB8100D0F8C0028A
S3150800990001900298D0F8D41200EB8100D0F8C0027A
S3150800991020B9FFE703208DF80F0022E00298007CAB
S3150800992070B9FFE7029840F20A01C2F2000109780D
S31508009930019AD2F804224FF4007301F0F1F80CE012
S31508009940029840F20A01C2F200010978019AD2F897
S315080099500422402301F0E4F8FFE700208DF80F0009
S31508009960FFE79DF80F0004B080BD000083B00190AA
S315080099700091009820B9FFE703208DF80B000BE053
S3150800998000980199D1F8D42201EB8201C1F8C402EA
S3150800999000208DF80B00FFE79DF80B0003B0704719
S315080099A084B0029001910298D0F8D41200EB81009D
S315080099B0D0F8C0020090009820B9FFE703208DF880
S315080099C00F0007E001980099C1F8040200208DF8FD
S315080099D00F00FFE79DF80F0004B0704785B00390AD
S315080099E0029101920398D0F8D41200EB8100D0F8C6
S315080099F0C0020090009820B9FFE703208DF81300F5
S31508009A000BE002980099C1F8080201980099C1F87C
S31508009A10100200208DF81300FFE79DF8130005B02B
S31508009A207047000080B58AB0089007910898D0F86A
S31508009A30D41200EB8100D0F8C002069000208DF801
S31508009A401500ADF812008DF81100069820B9FFE749
S31508009A5003208DF82700C7E00798007800F060001B
S31508009A600146039100285ED0FFE70398202840F0BE
S31508009A70AE80FFE70798C088002846D0FFE707981A
S31508009A8000780006002823D5FFE70898D0F8D412F6
S31508009A9000EB8100D0F8C4028368079A50780699CB
S31508009AA0D28898470798C088082803D3FFE7072075
S31508009AB0029003E00798C0880290FFE70298ADF885
S31508009AC0160008980699BDF8162000F037F91BE02D
S31508009AD007984078069981F800020798C0883F28B9
S31508009AE004D8FFE70798C088019002E0402001905B
S31508009AF0FFE70198069981F801020898069991F8F6
S31508009B00012200F0EDF8FFE70CE00898D0F8D4122F
S31508009B1000EB8100D0F8C4028368079948780022D0
S31508009B209847FFE75BE007984078014600910B28C5
S31508009B3044D80099DFE801F00641424242424242D7
S31508009B4042421C32089890F89C02032807D1FFE786
S31508009B5008980DF11201022200F0F0F807E00898C3
S31508009B60079900F0AFF803208DF81100FFE72DE004
S31508009B70089890F89C02032807D1FFE708980DF18A
S31508009B801501012200F0DAF807E00898079900F0B5
S31508009B9099F803208DF81100FFE717E0089890F868
S31508009BA09C02032808D0FFE70898079900F08AF86E
S31508009BB003208DF81100FFE708E007E008980799E9
S31508009BC000F080F803208DF81100FFE707E00898F9
S31508009BD0079900F077F803208DF81100FFE79DF844
S31508009BE011008DF82700FFE79DF827000AB080BD11
S31508009BF080B582B001908DF8031000208DF8020020
S31508009C000198D0F8B8124A689DF80310904720B119
S31508009C10FFE703208DF80200FFE79DF8020002B077
S31508009C2080BD000080B582B001900091019890F83F
S31508009C309C02013802280ED8FFE7009840880128C0
S31508009C4008D1FFE701990020C1F8A402019800F0A5
S31508009C508FF8FFE704E00198009900F033F8FFE772
S31508009C6002B080BD82B001908DF80310002002B0CA
S31508009C707047000082B001908DF80310002002B0F2
S31508009C807047000080B584B0039002910192039852
S31508009C90029A019B0021009100F042FF009804B04F
S31508009CA080BD000080B584B00390029101920398AC
S31508009CB0029A019B0021009101F096F8009804B0E1
S31508009CC080BD000080B582B0019000910198802186
S31508009CD001F03CF80198002101F038F802B080BD87
S31508009CE080B584B003900291019203990320C1F8CC
S31508009CF0940201980399C1F8580101980399C1F88B
S31508009D005C010398029A019B0021009100F008FF6C
S31508009D10009804B080BD000080B582B0019001991A
S31508009D200520C1F8940201980023009319461A46A3
S31508009D3000F0F6FE009802B080BD000080B584B041
S31508009D4003900291019203990220C1F894020198A6
S31508009D500399886101980399C8610398029A019B3F
S31508009D600021009101F040F8009804B080BD000081
S31508009D7080B582B0019001990420C1F89402019837
S31508009D800023009319461A4601F02EF8009802B0EF
S31508009D9080BD000080B582B08DF8070000919DF85F
S31508009DA0070060B9FFE7009A49F61450C0F60100AB
S31508009DB042F25C21C2F2000100F0DEFA0BE0009AE2
S31508009DC049F61450C0F6010042F25C21C2F20001C5
S31508009DD000F0D2FAFFE742F25C20C2F2000002B0BD
S31508009DE080BD000082B08DF807000091009912200E
S31508009DF0088040F24C10C2F2000002B07047000022
S31508009E0080B582B08DF8070000919DF8070060B90B
S31508009E10FFE7009A49F60650C0F6010042F25C21B7
S31508009E20C2F2000100F0A8FA0BE0009A49F60650C3
S31508009E30C0F6010042F25C21C2F2000100F09CFA71
S31508009E40FFE742F25C20C2F2000002B080BD0000CB
S31508009E5082B08DF80700009100990420088040F22E
S31508009E607410C2F2000002B07047000080B584B0DA
S31508009E708DF80F000291029A49F61F50C0F60100AC
S31508009E8042F25C21C2F20001019100F075FA0198D4
S31508009E9004B080BD80B582B08DF8070000919DF8AA
S31508009EA0070060B9FFE7009A49F63250C0F601008C
S31508009EB042F25C21C2F2000100F05EFA0BE0009A61
S31508009EC049F63250C0F6010042F25C21C2F20001A6
S31508009ED000F052FAFFE742F25C20C2F2000002B03C
S31508009EE080BD000080B582B08DF80700009100990A
S31508009EF01A200880F6F79EFE40F27810C2F200009B
S31508009F0002B080BD80B584B0039002910298C088E3
S31508009F10012805D0FFE703980299FFF7D3FE21E051
S31508009F20039890F89C12481E0191022804D3FFE773
S31508009F30019803280AD00FE0039900208860039847
S31508009F4000F108010122FFF7F9FE0AE00398011D56
S31508009F500122FFF7F3FE04E003980299FFF7B2FE29
S31508009F60FFE7FFE704B080BD80B588B0079006918B
S31508009F700020ADF8160004908DF80F000698C078FA
S31508009F80013801460291062800F21E810299DFE88F
S31508009F9011F0070011002E001B011B01E80000014B
S31508009FA00798D0F8B4120A68007C0DF1160190479C
S31508009FB0049013E10798007C60B9FFE70798D0F88A
S31508009FC0B802816A0DF116008847049004990220A8
S31508009FD048700BE00798D0F8B802C16A0DF1160070
S31508009FE088470490049902204870FFE7F6E006982F
S31508009FF0807801460191052800F2A8800199DFE8DA
S3150800A00001F0031E39546F8A0798D0F8B4024068E5
S3150800A01050B1FFE70798D0F8B4124A68007C0DF1F2
S3150800A02016019047049009E007980699FFF74AFE3B
S3150800A0309DF80F0001308DF80F00FFE790E00798B4
S3150800A040D0F8B402806850B1FFE70798D0F8B41288
S3150800A0508A68007C0DF116019047049009E007987C
S3150800A0600699FFF72FFE9DF80F0001308DF80F00B7
S3150800A070FFE775E00798D0F8B402C06850B1FFE76B
S3150800A0800798D0F8B412CA68007C0DF116019047FB
S3150800A090049009E007980699FFF714FE9DF80F004B
S3150800A0A001308DF80F00FFE75AE00798D0F8B402A0
S3150800A0B0006950B1FFE70798D0F8B4120A69007C26
S3150800A0C00DF116019047049009E007980699FFF7E5
S3150800A0D0F9FD9DF80F0001308DF80F00FFE73FE00E
S3150800A0E00798D0F8B402406950B1FFE70798D0F84E
S3150800A0F0B4124A69007C0DF116019047049009E0F4
S3150800A10007980699FFF7DEFD9DF80F0001308DF8D8
S3150800A1100F00FFE724E00798D0F8B402806950B131
S3150800A120FFE70798D0F8B4128A69007C0DF116018A
S3150800A1309047049009E007980699FFF7C3FD9DF834
S3150800A1400F0001308DF80F00FFE709E00798069920
S3150800A150FFF7B8FD9DF80F0001308DF80F00FFE7F7
S3150800A1603CE00798007C48B9FFE70798D0F8B802A2
S3150800A170416B0DF116008847049009E00798069987
S3150800A180FFF7A0FD9DF80F0001308DF80F00FFE7DF
S3150800A19024E00798007C60B9FFE70798D0F8B80272
S3150800A1A0016B0DF116008847049004990720487042
S3150800A1B009E007980699FFF785FD9DF80F0001301D
S3150800A1C08DF80F00FFE709E007980699FFF77AFD73
S3150800A1D09DF80F0001308DF80F00FFE79DF80F007E
S3150800A1E008B1FFE72AE00698C08818B3FFE7BDF86C
S3150800A1F01600C8B1FFE7BDF816000699C988884257
S3150800A20004DAFFE7BDF81600009003E00698C08858
S3150800A2100090FFE70098ADF8160007980499BDF876
S3150800A2201620FFF78BFD04E007980699FFF74AFD0D
S3150800A230FFE703E00798FFF79BFDFFE708B080BD3F
S3150800A24080B586B005908DF813100598039005988B
S3150800A250029000200190029948880978884227DDF3
S3150800A260FFE702980078ADF80200FFE7BDF80200A4
S3150800A2700299498888421ADAFFE703980DF1020124
S3150800A28000F034F803900398407805280ED1FFE7CC
S3150800A29003980190019880789DF81310884201D19F
S3150800A2A0FFE704E000200190FFE7FFE7DEE7FFE7AE
S3150800A2B0019806B080BD000083B0029000208DF89A
S3150800A2C0070002980090FFE70098007848B1FFE77A
S3150800A2D09DF8070001308DF80700009801300090BE
S3150800A2E0F2E79DF8070003B07047000083B00290BC
S3150800A2F00191029800900098027801990888104404
S3150800A300088002980099097808440090009803B0DC
S3150800A3107047000080B582B001900091019890F8CE
S3150800A3209C02013802281FD8FFE70098C088022837
S3150800A33005D0FFE701980099FFF7C4FC19E00199D9
S3150800A3400120C8600198D0F8A40230B1FFE701994E
S3150800A350C86840F00200C860FFE7019800F10C01E8
S3150800A3600222FFF7EBFC04E001980099FFF7AAFC2C
S3150800A370FFE702B080BD000080B586B00590049165
S3150800A380039200208DF80B00059808B9FFE74FE007
S3150800A390059801900198FFF78FFF0146022000EB10
S3150800A3A04100B0F5007F04D9FFE74FF40070009034
S3150800A3B008E00198FFF780FF0146022000EB410004
S3150800A3C00090FFE70098039908800398007804999D
S3150800A3D09DF80B2088549DF80B0001308DF80B0072
S3150800A3E004999DF80B20032088549DF80B00013032
S3150800A3F08DF80B00FFE701980078C8B1FFE70198D0
S3150800A400007804999DF80B20885401980130019032
S3150800A4109DF80B0001308DF80B0004999DF80B2070
S3150800A420002088549DF80B0001308DF80B00E2E7F8
S3150800A43006B080BD82B08DF8070000208DF80600B2
S3150800A4409DF8070001460091032814D80099DFE813
S3150800A45001F002060A0E00208DF806000FE0032020
S3150800A4608DF806000BE001208DF8060007E00320B2
S3150800A4708DF8060003E003208DF80600FFE79DF837
S3150800A480060002B07047000080B584B002900191C2
S3150800A4908DF80320029820B9FFE703208DF80F00F6
S3150800A4A023E002990020C1F8B8020299C1F8C40253
S3150800A4B00299C1F8D002019828B1FFE701980299DC
S3150800A4C0C1F8B402FFE70299012081F89C029DF8C1
S3150800A4D0030002990870029800F01EFA8DF802002F
S3150800A4E09DF802008DF80F00FFE79DF80F0004B0F5
S3150800A4F080BD000080B582B001908DF80310002061
S3150800A5008DF802008DF801000198D0F8C8029DF870
S3150800A5100310F8F799FC8DF802009DF80200FFF782
S3150800A52089FF8DF801009DF8010002B080BD00008A
S3150800A53080B582B001908DF8031000208DF80200D6
S3150800A5408DF801000198D0F8C8029DF80310F8F7B5
S3150800A55027FC8DF802009DF80200FFF76BFF8DF8C7
S3150800A56001009DF8010002B080BD000080B588B0EA
S3150800A57006908DF8171004929DF81700002874D1DC
S3150800A580FFE70698143003900698D0F8940202283C
S3150800A5905DD1FFE703998868C968884212D9FFE741
S3150800A5A003998868CA68801A886006980499039A85
S3150800A5B09268FFF777FB0698002319461A4600F0BB
S3150800A5C0AFFA43E003988168C06888421ED1FFE766
S3150800A5D003994868C968884218D3FFE70398406812
S3150800A5E00699D1F89812884210D2FFE706980022F9
S3150800A5F001921146FFF756FB019B0698C0F8983260
S3150800A600069819461A4600F08BFA1EE0069890F846
S3150800A6109C02032811D1FFE70698D0F8B802C06853
S3150800A62050B1FFE706990020C1F8D4020698D0F881
S3150800A630B812C9688847FFE7FFE70698802100F047
S3150800A64085FB0698FFF768FBFFE7FFE7FFE7069835
S3150800A65090F8A00240B1FFE7069800F053FC06996F
S3150800A660002081F8A002FFE740E006989DF8171041
S3150800A67041F08001FFF7F6FA8DF80A009DF80A0006
S3150800A680FF2832D0FFE79DF80A0070BBFFE706985F
S3150800A69090F89C02032827D1FFE706989DF80A1030
S3150800A6A000EB8100D0F8B8024069E0B1FFE79DF8F9
S3150800A6B00A000699C1F8D40206989DF80A1000EB1C
S3150800A6C08101D1F8B8124A699DF8171090478DF89C
S3150800A6D00B009DF80B0028B1FFE79DF80B008DF8DD
S3150800A6E01F0007E0FFE7FFE7FFE7FFE700208DF819
S3150800A6F01F00FFE79DF81F0008B080BD80B58AB02F
S3150800A70008908DF81F10069200208DF813009DF80A
S3150800A7101F00002840F08280FFE7089800F5AA701D
S3150800A72005900898D0F89402032876D1FFE7059992
S3150800A7308868C96888421DD9FFE705998868CA6884
S3150800A740801A886008980290069803900599886888
S3150800A750C968884204D2FFE705988068019003E03B
S3150800A7600598C0680190FFE703990298019AFFF7D8
S3150800A77089FA51E0089890F8AA0200F01F000146ED
S3150800A780009140B1FFE70098012808D0FFE700983C
S3150800A79002280CD013E000208DF8120013E0089868
S3150800A7A090F8AE12FFF766FA8DF812000BE00898DB
S3150800A7B090F8AE12FFF756FA8DF8120003E0002063
S3150800A7C08DF81200FFE79DF8120008BBFFE708980E
S3150800A7D090F89C0203281AD1FFE708989DF81210F2
S3150800A7E000EB8100D0F8B802006978B1FFE79DF860
S3150800A7F012000899C1F8D40208989DF8121000EBC7
S3150800A8008101D1F8B81209698847FFE7FFE7FFE732
S3150800A8100898FFF7ADFAFFE7FFE740E008989DF8CC
S3150800A8201F1001F07F01FFF71DFA8DF812009DF841
S3150800A8301200FF2832D0FFE79DF8120070BBFFE731
S3150800A840089890F89C0203281ED1FFE708989DF8FF
S3150800A850121000EB8100D0F8B802806998B1FFE7C2
S3150800A8609DF812000899C1F8D40208989DF81210AC
S3150800A87000EB8101D1F8B8128A699DF81F1090473C
S3150800A8808DF81300FFE7FFE79DF8130028B1FFE7EF
S3150800A8909DF813008DF8270005E0FFE7FFE7002085
S3150800A8A08DF82700FFE79DF827000AB080BD000055
S3150800A8B081B00090002001B07047000080B582B0DA
S3150800A8C0019000208DF803000199012081F89C026F
S3150800A8D00198D0F8B80268B1FFE70198D0F8B81225
S3150800A8E04A680179904720B1FFE703208DF80300F5
S3150800A8F0FFE7FFE79DF8030002B080BD80B582B090
S3150800A90001908DF803100198D0F8C8029DF803103D
S3150800A910F8F7FEFA02B080BD80B584B003900398BC
S3150800A9200078A8BBFFE7039945F6D440C2F20000B9
S3150800A9300290C0F8E0140399C1F8C8024FF0A0418C
S3150800A9400160042101710222C271002181714272E3
S3150800A9508172C17201738173C173F9F777F818B1FF
S3150800A960FFE7F6F763F9FFE745F6D440C2F20000C1
S3150800A970019080210091F8F74DF9019800214022B5
S3150800A980F8F754F9009A01980121F8F74FF9FFE70B
S3150800A990002004B080BD000084B002908DF8071036
S3150800A9A00298D0F8C80200909DF807000006002813
S3150800A9B00DD5FFE700989DF8071001F07F0101EB20
S3150800A9C0C10100EB8100807D8DF80F000DE0009835
S3150800A9D09DF8071001F07F0101EBC10100EB810032
S3150800A9E090F856028DF80F00FFE79DF80F0004B0A7
S3150800A9F07047000080B584B002908DF80710029861
S3150800AA00D0F8D41200EB8100D0F8B80220B9FFE7DD
S3150800AA1003208DF80F0020E0029890F89C02032886
S3150800AA2017D1FFE70298D0F8D41200EB8100D0F8CE
S3150800AA30B802006A60B1FFE70298D0F8D41200EBBA
S3150800AA408101D1F8B8120A6A9DF807109047FFE706
S3150800AA50FFE700208DF80F00FFE79DF80F0004B010
S3150800AA6080BD000080B584B002908DF8071002986A
S3150800AA70D0F8D41200EB8100D0F8B80220B9FFE76D
S3150800AA8003208DF80F0020E0029890F89C02032816
S3150800AA9017D1FFE70298D0F8D41200EB8100D0F85E
S3150800AAA0B802406A60B1FFE70298D0F8D41200EB0A
S3150800AAB08101D1F8B8124A6A9DF807109047FFE756
S3150800AAC0FFE700208DF80F00FFE79DF80F0004B0A0
S3150800AAD080BD000080B584B003908DF80B108DF80A
S3150800AAE00A20ADF8083000208DF807008DF806001A
S3150800AAF00398D0F8C8029DF80B10BDF808209DF8F9
S3150800AB000A30F8F717FA8DF807009DF80700FFF7DF
S3150800AB1091FC8DF806009DF8060004B080BD000083
S3150800AB2080B586B005908DF8131003920293002025
S3150800AB308DF807008DF806000598D0F8C8029DF82C
S3150800AB401310039A029BF8F76DFA8DF807009DF823
S3150800AB500700FFF76FFC8DF806009DF8060006B0A3
S3150800AB6080BD000080B586B0059000208DF81300E2
S3150800AB70059A012182F89C120599C1F89402059953
S3150800AB8048600599C1F8A402059981F8A0020598BC
S3150800AB90D0F8B802A0B1FFE70598D0F8B802406827
S3150800ABA068B1FFE70598D0F8B8124A680179904766
S3150800ABB020B1FFE703208DF81300FFE7FFE7FFE763
S3150800ABC0059800220192402303931146FFF782FF5E
S3150800ABD0019A039B059901200290A1F86401059842
S3150800ABE0C0F8603105988021FFF774FF0299039831
S3150800ABF0059A9184059908629DF8130006B080BDF0
S3150800AC0081B00090009890F89C02042807D1FFE7CD
S3150800AC10009890F89D02009981F89C02FFE70020B1
S3150800AC2001B0704780B582B00190019890F89C02F7
S3150800AC30032813D1FFE70198D0F8B80268B1FFE7F7
S3150800AC400198D0F8B802C06930B1FFE70198D0F88A
S3150800AC50B812C9698847FFE7FFE7FFE7002002B097
S3150800AC6080BD000082B001908DF803109DF80300A6
S3150800AC7001990874002002B07047000080B582B0C0
S3150800AC8001908DF8031000208DF802008DF8010060
S3150800AC900198D0F8C8029DF80310F9F78FF88DF8D7
S3150800ACA002009DF80200FFF7C5FB8DF801009DF82C
S3150800ACB0010002B080BD000080B584B00390029107
S3150800ACC0039800F2AA20029900F0B0F8039901202F
S3150800ACD0C1F894020399B1F8B002C1F89802039832
S3150800ACE090F8AA0200F01F000146009140B1FFE764
S3150800ACF0009801280CD0FFE70098022810D017E02A
S3150800AD00039800F2AA2100F055FA8DF8070019E019
S3150800AD10039800F2AA2100F089FC8DF8070011E0DB
S3150800AD20039800F2AA2100F0ABFA8DF8070009E0B3
S3150800AD30039890F8AA1201F0800100F007F88DF840
S3150800AD400700FFE79DF8070004B080BD80B582B014
S3150800AD5001908DF8031000208DF802008DF801008F
S3150800AD600198D0F8C8029DF80310F8F791F98DF804
S3150800AD7002009DF80200FFF75DFB8DF801009DF8C3
S3150800AD80010002B080BD000080B582B001900020AD
S3150800AD908DF803008DF802000198D0F8C802F9F77B
S3150800ADA047F88DF803009DF80300FFF743FB8DF87D
S3150800ADB002009DF8020002B080BD000081B000903C
S3150800ADC0009890F89C02042807D0FFE7009890F8AE
S3150800ADD09C02009981F89D02FFE70099042081F8FA
S3150800ADE09C02002001B0704780B586B005908DF8AA
S3150800ADF013100392029300208DF807008DF80600C1
S3150800AE000598D0F8C8029DF81310039A029BF8F724
S3150800AE10AFF98DF807009DF80700FFF70BFB8DF8D3
S3150800AE2006009DF8060006B080BD000080B584B017
S3150800AE30039002910298019001980078039908708E
S3150800AE40019801300190019800780399487001989B
S3150800AE50013001900198FDF71BF903994880019884
S3150800AE60013001900198013001900198FDF710F921
S3150800AE70039988800198013001900198013001906A
S3150800AE800198FDF705F90399C88004B080BD000054
S3150800AE9080B584B0029001910020ADF802000198B7
S3150800AEA020B9FFE703208DF80F0026E001980299E4
S3150800AEB0C1F8B8020298D0F8D41200EB8100D0F895
S3150800AEC0B802C06A78B1FFE70298D0F8D41200EB4E
S3150800AED08100D0F8B802C16A0DF1020088470299CC
S3150800AEE0C1F8D002FFE70299D1F8D8020130C1F8BB
S3150800AEF0D80200208DF80F00FFE79DF80F0004B078
S3150800AF0080BD000081B00090002001B070470000AD
S3150800AF1080B584B00390029102988088B8BBFFE799
S3150800AF200298C08898BBFFE7029840887F282ED8E9
S3150800AF30FFE70298807800F07F008DF807000398F5
S3150800AF4090F89C02032805D1FFE703980299FEF7BB
S3150800AF50B9FE1BE09DF80700039981F89E02039845
S3150800AF609DF80710FFF78AFE0398FEF701FF9DF884
S3150800AF70070028B1FFE70399022081F89C0204E044
S3150800AF800399012081F89C02FFE7FFE704E0039894
S3150800AF900299FEF797FEFFE704B080BD80B582B040
S3150800AFA001908DF8031000208DF802000198D0F862
S3150800AFB0B80250B1FFE70198D0F8B8120A689DF8B0
S3150800AFC0031090478DF80200FFE79DF8020002B0D3
S3150800AFD080BD000080B586B00490039100208DF8EE
S3150800AFE00B000398817842F25820C2F200000170E3
S3150800AFF00078022808D3FFE704980399FEF762FE53
S3150800B00003208DF81700A0E0049890F89C020146EA
S3150800B0100191022804D0FFE7019803282FD07FE08A
S3150800B02042F25820C2F20000007818B3FFE742F255
S3150800B0305821C2F200010878049A506004980978E9
S3150800B040FFF7ACFF8DF80B009DF80B0048B1FFE742
S3150800B05004980399FEF736FE0499022081F89C02AB
S3150800B06007E00498FEF784FE0499032081F89C0201
S3150800B070FFE703E00498FEF77BFEFFE760E042F295
S3150800B0805820C2F20000007898B9FFE70499022018
S3150800B09081F89C0242F25821C2F200010878049A0B
S3150800B0A0506004980978FEF7A3FD0498FEF760FE41
S3150800B0B035E042F25820C2F2000000780499496847
S3150800B0C0884227D0FFE704980179FEF791FD42F2FE
S3150800B0D05821C2F200010878049A50600498097849
S3150800B0E0FFF75CFF8DF80B009DF80B0068B1FFE7D2
S3150800B0F004980399FEF7E6FD04980179FEF778FDB2
S3150800B1000499022081F89C0203E00498FEF730FEB9
S3150800B110FFE703E00498FEF72BFEFFE7FFE70FE0E3
S3150800B12004980399FEF7CEFD049842F25821C2F21C
S3150800B13000010978FEF75CFD03208DF80B00FFE798
S3150800B1409DF80B008DF81700FFE79DF8170006B06D
S3150800B15080BD000080B582B00190009100984088BB
S3150800B160012808D1FFE701990120C1F8A402019836
S3150800B170FEF7FEFD13E000984088022809D1FFE794
S3150800B18000984079019981F8A0020198FEF7F0FD30
S3150800B19004E001980099FEF795FDFFE7FFE702B086
S3150800B1A080BD000080B582B001900198FFF7ECFDE4
S3150800B1B002B080BD80B586B00590049100208DF858
S3150800B1C00F000498007800F0600001460291A8B1CB
S3150800B1D0FFE70298202804D0FFE70298402846D1C6
S3150800B1E0FFE70598D0F8D41200EB8101D1F8B81220
S3150800B1F08A68049990478DF80F003DE004984078D6
S3150800B2000146019109282CD80199DFE801F01B2590
S3150800B2102A202A0A052A160F05980499FEF7A4FE7D
S3150800B22024E005980499FFF773FE1FE00598049932
S3150800B230FFF7D0FE8DF80F0018E005980499FEF781
S3150800B24061FE13E005980499FFF764F80EE0059887
S3150800B2500499FFF77FFF09E005980499FEF7E2FCD9
S3150800B26004E005980499FEF72DFDFFE704E005982C
S3150800B2700499FEF727FDFFE79DF80F0006B080BD8D
S3150800B28080B58CB00B900A9100208DF821000A98A1
S3150800B29080888DF823000A98007800F0600001463F
S3150800B2A00791B8B3FFE70798202805D0FFE7079866
S3150800B2B0402840F0B281FFE70B989DF82310FEF76F
S3150800B2C0D1FC8DF822009DF82200FF2821D0FFE747
S3150800B2D09DF82200E8B9FFE79DF822000B99C1F80E
S3150800B2E0D4020B989DF8221000EB8100D0F8B80222
S3150800B2F0806868B1FFE70B989DF8221000EB810182
S3150800B300D1F8B8128A680A9990478DF82100FFE7A4
S3150800B310FFE787E10A98407801460691002800F081
S3150800B320BD80FFE7069801284CD0FFE7069803285A
S3150800B33040F06D81FFE70B9890F89C020146059155
S3150800B340022804D0FFE70598032819D034E09DF8B1
S3150800B350230078B1FFE79DF8230080280AD0FFE78D
S3150800B3600B989DF82310FFF7F1FC0B988021FFF747
S3150800B370EDFC04E00B980A99FEF7A4FCFFE720E031
S3150800B3800A984088A0B9FFE79DF8230078B1FFE73F
S3150800B3909DF8230080280AD0FFE70A98C08830B9AC
S3150800B3A0FFE70B989DF82310FFF7D0FCFFE7FFE7B0
S3150800B3B00B98FEF7DDFC04E00B980A99FEF782FC71
S3150800B3C0FFE729E10B9890F89C02014604910228B0
S3150800B3D004D0FFE70498032819D059E09DF8230004
S3150800B3E078B1FFE79DF8230080280AD0FFE70B987D
S3150800B3F09DF82310FFF7AAFC0B988021FFF7A6FCFF
S3150800B40004E00B980A99FEF75DFCFFE745E00A9809
S3150800B4104088E0BBFFE79DF82300400630B1FFE710
S3150800B4200B989DF82310FFF765F8FFE70B98FEF7D2
S3150800B4309FFC0B989DF82310FEF714FC8DF822004C
S3150800B4409DF82200FF2821D0FFE79DF82200E8B9E1
S3150800B450FFE79DF822000B99C1F8D4020B989DF8D6
S3150800B460221000EB8100D0F8B802806868B1FFE7C7
S3150800B4700B989DF8221000EB8101D1F8B8128A6862
S3150800B4800A9990478DF82100FFE7FFE7FFE704E0F8
S3150800B4900B980A99FEF716FCFFE7BDE00B9890F8A3
S3150800B4A09C0201460391022804D0FFE7039803286B
S3150800B4B038D0A6E09DF8230050B1FFE79DF8230099
S3150800B4C0802805D0FFE70B980A99FEF7FBFB9DE05D
S3150800B4D09DF82300000600280CD5FFE70B989DF879
S3150800B4E0231001F07F0101EB810100EB810014308C
S3150800B4F002900CE00B989DF8231001F07F0101EBF8
S3150800B500810100EB810000F5AA700290FFE702981E
S3150800B51009900999002008600B9809990222FEF7FC
S3150800B5200DFC73E09DF823000006002812D5FFE7FE
S3150800B5300B989DF8231001F00F0101EB810100EB38
S3150800B5408100808C28B9FFE70B980A99FEF7BAFBA9
S3150800B5505CE012E00B989DF8231001F00F0101EB57
S3150800B560810100EB8100B0F8640128B9FFE70B9868
S3150800B5700A99FEF7A7FB49E0FFE79DF823000006B6
S3150800B58000280CD5FFE70B989DF8231001F07F01E2
S3150800B59001EB810100EB8100143001900CE00B985F
S3150800B5A09DF8231001F07F0101EB810100EB81007A
S3150800B5B000F5AA700190FFE7019809909DF823000D
S3150800B5C028B1FFE79DF82300802804D1FFE70999F1
S3150800B5D0002008600FE00B989DF82310FFF7DCF9B0
S3150800B5E020B1FFE709990120086003E009990020C6
S3150800B5F00860FFE7FFE70B9809990222FEF79EFB12
S3150800B60004E00B980A99FEF75DFBFFE704E00B9848
S3150800B6100A99FEF757FBFFE704E00B980A99FEF72D
S3150800B62051FBFFE79DF821000CB080BD80B584B0C2
S3150800B6300390029100208DF807000298007800F028
S3150800B64060000146009140B1FFE70098202804D029
S3150800B650FFE7009840285AD1FFE7039890F89C0224
S3150800B660013802284DD8FFE702980079012842D808
S3150800B670FFE7039802990979FEF7FCFA8DF80600A8
S3150800B6809DF80600FF2825D0FFE79DF8060008BBB1
S3150800B690FFE703989DF8061000EB8100D0F8B80282
S3150800B6A0806890B1FFE79DF806000399C1F8D402B7
S3150800B6B003989DF8061000EB8101D1F8B8128A6844
S3150800B6C0029990478DF8070003E003208DF80700DC
S3150800B6D0FFE703E003208DF80700FFE70298C0881C
S3150800B6E040B9FFE79DF8070020B9FFE70398FEF782
S3150800B6F03FFBFFE704E003980299FEF7E3FAFFE74A
S3150800B70004E003980299FEF7DDFAFFE704E00398E0
S3150800B7100299FEF7D7FAFFE79DF8070004B080BD47
S3150800B72081B0009001B0704781B0009042F25C4051
S3150800B730C2F2000001B0704784B0039002910398EA
S3150800B740019002980078009002984078012830D13C
S3150800B750FFE70298007800F00F01012000FA01F2D5
S3150800B7600199D1F81C081043C1F81C0801980099E2
S3150800B77000EB4110D0F800090004002818D4FFE7B0
S3150800B780029988686FF3DF20097940EA8140009AB8
S3150800B79040EA8250019901EB4211D1F80029104381
S3150800B7A048F20002C1F200021043C1F80009FFE79F
S3150800B7B02EE00298007800F00F01012000FA01F24D
S3150800B7C00199D1F81C0840EA0240C1F81C08019802
S3150800B7D0009900EB4110D0F8000B0004002816D49D
S3150800B7E0FFE7029988686FF3DF20097940EA81400C
S3150800B7F00199009A01EB4211D1F8002B104348F247
S3150800B8000002C1F200021043C1F8000BFFE7FFE790
S3150800B810002004B07047000082B0019001980090A3
S3150800B8200099D1F8000940F2FF729043C1F8000967
S3150800B8300099D1F8040840F48070C1F80408002083
S3150800B84002B0704780B58AB0DDF830C0CDF814C0B4
S3150800B8500493039202919DF814108DF8241002990E
S3150800B860039A049B08930792069101909DF81D0080
S3150800B870012823D1FFE70199886B20F4803088637B
S3150800B8800199C8684FF6BF72CFF6BD721040C860FE
S3150800B8900199C86820F44010C8609DF82400012862
S3150800B8A006D1FFE70199C86840F48010C860FFE731
S3150800B8B0019800F033F88DF803001AE00199C8687A
S3150800B8C040F04000C860019800F028F88DF80300A1
S3150800B8D09DF8210030B9FFE70199886B40F4803064
S3150800B8E0886305E00199886B20F480308863FFE758
S3150800B8F0FFE79DF81A0001280BD1FFE70199886830
S3150800B90040F0060088600199886840F02000886049
S3150800B910FFE79DF803000AB080BD000083B00190E0
S3150800B92000200090FFE70098013000900098B0F1E1
S3150800B930706F04D9FFE703208DF80B0025E0FFE7B9
S3150800B94001980069C00F0028EDD0FFE7002000909D
S3150800B9500199086940F001000861FFE70098013085
S3150800B96000900098B0F1706F04D9FFE703208DF8B6
S3150800B9700B000AE0FFE701980069C0070028EDD12F
S3150800B980FFE700208DF80B00FFE79DF80B0003B0DA
S3150800B9907047000084B003900291039801900298C2
S3150800B9A00078009002984078012845D1FFE7019871
S3150800B9B0009900EB4110D0F80009C00FA8B1FFE7C5
S3150800B9C00198009900EB4111D1F8000940F0006098
S3150800B9D0C1F800090198009900EB4111D1F8000956
S3150800B9E040F08040C1F80009FFE70298007800F0AF
S3150800B9F00F01012000FA01F3019AD2F83C18994385
S3150800BA00C2F83C180299097801F00F0100FA01F210
S3150800BA100199D1F81C089043C1F81C0801980099AF
S3150800BA2000EB4111D1F8000947F60002CEF6334281
S3150800BA301040C1F8000946E00198009900EB411052
S3150800BA40D0F8000BC00FA8B1FFE70198009900EBEA
S3150800BA504111D1F8000B40F00060C1F8000B0198C5
S3150800BA60009900EB4111D1F8000B40F08040C1F875
S3150800BA70000BFFE70298007800F00F01012000FA9A
S3150800BA8001F3019AD2F83C1821EA0341C2F83C189E
S3150800BA900299097801F00F0100FA01F20199D1F82B
S3150800BAA01C0820EA0240C1F81C080198009900EB1E
S3150800BAB04111D1F8000B47F60002CEF6F37210409A
S3150800BAC0C1F8000BFFE7002004B0704782B0019070
S3150800BAD0019800900099D1F8000E20F00300C1F8F3
S3150800BAE0000E0099D1F8040820F00200C1F80408F5
S3150800BAF0002002B07047000082B0019001980090C3
S3150800BB000099D1F8000E20F00300C1F8000E009944
S3150800BB10D1F8040840F00200C1F80408002002B079
S3150800BB207047000080B58CB0DDF838C0CDF81CC071
S3150800BB300693059204919DF81C108DF82C10049913
S3150800BB40059A069B0A9309920891039000208DF89E
S3150800BB500B00039901910090FFE700980E280CD876
S3150800BB60FFE70398009900EB81010020C1F8040162
S3150800BB70FFE7009801300090EFE79DF82A00B8B972
S3150800BB80FFE70199D1F8040840F00200C1F804085B
S3150800BB900399886B40F4001088630399886B20F436
S3150800BBA0002088630399886B20F4802088630AE064
S3150800BBB00399886B20F4001088630399886B40F416
S3150800BBC000208863FFE701990020C1F8000E9DF860
S3150800BBD0250001280FD1FFE79DF8230028B9FFE7C4
S3150800BBE00398002100F084FE04E00398012100F088
S3150800BBF07FFEFFE704E00398032100F079FEFFE7E4
S3150800BC000398102100F0A8FC20B1FFE701208DF869
S3150800BC100B00FFE7039800F065FC20B1FFE7012061
S3150800BC208DF80B00FFE701990020C1F8100801996B
S3150800BC30C1F814080199C1F81C080090FFE700989C
S3150800BC409DF8201088423BD2FFE70198009900EB47
S3150800BC504110D0F80009C00FB0B1FFE7009848B905
S3150800BC60FFE70198009900EB41114FF00060C1F819
S3150800BC70000908E00198009900EB41114FF0904047
S3150800BC80C1F80009FFE707E00198009900EB4111A8
S3150800BC900020C1F80009FFE70198009900EB41115F
S3150800BCA00020C1F810090198009900EB41114FF6E0
S3150800BCB07F30C1F80809FFE7009801300090BEE719
S3150800BCC000200090FFE700989DF8201088423BD29C
S3150800BCD0FFE70198009900EB4110D0F8000BC00F60
S3150800BCE0B0B1FFE7009848B9FFE70198009900EB63
S3150800BCF041114FF00060C1F8000B08E00198009967
S3150800BD0000EB41114FF09040C1F8000BFFE707E048
S3150800BD100198009900EB41110020C1F8000BFFE7DC
S3150800BD200198009900EB41110020C1F8100B019809
S3150800BD30009900EB41114FF67F30C1F8080BFFE779
S3150800BD40009801300090BEE70199D1F8100820F458
S3150800BD508070C1F8100803990020886103996FF074
S3150800BD60804048619DF8220030B9FFE70399886949
S3150800BD7040F010008861FFE70399886943F60002DE
S3150800BD80C8F23C02104388619DF8260030B1FFE7EF
S3150800BD900399886940F008008861FFE79DF82A0042
S3150800BDA0012808D1FFE7039988690422C4F2000232
S3150800BDB010438861FFE79DF80B000CB080BD0000BA
S3150800BDC081B000900099886820F001008860002002
S3150800BDD001B0704786B004908DF80F10029204984F
S3150800BDE001900498006C0090009843F20B01C4F689
S3150800BDF0547188420BD3FFE70198D0F8000BC00FA7
S3150800BE0020B1FFE700208DF817002EE0FFE7019923
S3150800BE100020C1F8100B0199D1F8100B40F400204E
S3150800BE20C1F8100B0199D1F8100B40F01800C1F8B1
S3150800BE30100B0199D1F8100B40F0C040C1F8100B57
S3150800BE409DF80F0001280CD1FFE702980199C1F867
S3150800BE50140B0199D1F8000B40F08020C1F8000BB3
S3150800BE60FFE700208DF81700FFE79DF8170006B0DA
S3150800BE707047000084B003900291039801900298DD
S3150800BE800078009002984078012820D1FFE70198B1
S3150800BE90009900EB4111D1F8000920F40010C1F80F
S3150800BEA0000902980079032805D0FFE7029800796F
S3150800BEB002280BD1FFE70198009900EB4111D1F850
S3150800BEC0000940F08050C1F80009FFE71FE001981B
S3150800BED0009900EB4111D1F8000B20F40010C1F8CD
S3150800BEE0000B02980079032805D0FFE7029800792D
S3150800BEF002280BD1FFE70198009900EB4111D1F810
S3150800BF00000B40F08050C1F8000BFFE7FFE7002068
S3150800BF1004B0704784B00390029103980190029888
S3150800BF200078009002984078012822D1FFE701980E
S3150800BF30009900EB4110D0F80009C00F70B9FFE76F
S3150800BF40009858B1FFE70198009900EB4111D1F824
S3150800BF50000920F08040C1F80009FFE70198009920
S3150800BF6000EB4111D1F8000940F40010C1F80009AE
S3150800BF7021E00198009900EB4110D0F8000BC00FA2
S3150800BF8070B9FFE7009858B1FFE70198009900EBF0
S3150800BF904111D1F8000B20F08040C1F8000BFFE7F3
S3150800BFA00198009900EB4111D1F8000B40F40010FC
S3150800BFB0C1F8000BFFE7002004B0704780B588B0D1
S3150800BFC0079006918DF81720079804900698007830
S3150800BFD0039006984078012840F02481FFE70698E8
S3150800BFE00069F8B9FFE70498039900EB4111D1F805
S3150800BFF010096FF3DC40C1F810090498039900EBA7
S3150800C0004111D1F8100940F40020C1F8100904982C
S3150800C010039900EB4111D1F810096FF31200C1F82A
S3150800C020100971E00498039900EB4111D1F8100941
S3150800C0306FF31200C1F810090498039900EB411137
S3150800C040D1F810096FF3DC40C1F810090398A8B9B4
S3150800C050FFE7069881680069884204D9FFE70699D0
S3150800C06088680861FFE70498039900EB4111D1F845
S3150800C070100940F40020C1F8100937E006988168D5
S3150800C080006908440138B0FBF1F0ADF80A00BDF8C4
S3150800C0900A100020C1F6F87000EAC1420498039914
S3150800C0A000EB4111D1F810091043C1F810090698A0
S3150800C0B00079012819D1FFE70498039900EB41118B
S3150800C0C0D1F8100920F0C040C1F81009BDF80A00DF
S3150800C0D000F003020498039900EB4111D1F8100906
S3150800C0E040EA4270C1F81009FFE7FFE706980269BF
S3150800C0F06FF3DF420498039900EB4111D1F8100958
S3150800C1001043C1F81009FFE79DF8170001283BD135
S3150800C110FFE70698C06948B1FFE70698C069049921
S3150800C120039A01EB4211C1F81409FFE70698007952
S3150800C13001281ED1FFE70498D0F80808C005002892
S3150800C1400BD4FFE70498039900EB4111D1F80009D5
S3150800C15040F00050C1F800090AE00498039900EB82
S3150800C1604111D1F8000940F08050C1F80009FFE7F5
S3150800C170FFE70498039900EB4111D1F8000940F054
S3150800C1800440C1F800094CE00498039900EB4111FA
S3150800C190D1F8000940F00440C1F800090698007972
S3150800C1A0012813D0FFE70698006970B1FFE70698E3
S3150800C1B0007800F00F01012000FA01F20499D1F885
S3150800C1C034081043C1F83408FFE729E00498D0F88A
S3150800C1D00808C00500280BD4FFE70498039900EB6C
S3150800C1E04111D1F8000940F00050C1F800090AE0F1
S3150800C1F00498039900EB4111D1F8000940F08050EA
S3150800C200C1F80009FFE70798069BD9681A781B8AC0
S3150800C2109DF817C0EE46CEF800C000F059FCFFE7BF
S3150800C220FFE7C4E00498039900EB4111D1F8100B1D
S3150800C2306FF31200C1F8100B0498039900EB411133
S3150800C240D1F8100B6FF3DC40C1F8100B039818BB3C
S3150800C250FFE70698006920B1FFE706998868086134
S3150800C260FFE70699886808620698026A6FF3DF4254
S3150800C2700498039900EB4111D1F8100B1043C1F84B
S3150800C280100B0498039900EB4111D1F8100B40F4F8
S3150800C2900020C1F8100B49E006980069C0B9FFE70D
S3150800C2A0069882686FF3DF420498039900EB411100
S3150800C2B0D1F8100B1043C1F8100B0498039900EB42
S3150800C2C04111D1F8100B40F40020C1F8100B2CE0F6
S3150800C2D006988168006908440138B0FBF1F0ADF8AA
S3150800C2E00A0006998868BDF80A2050430862BDF816
S3150800C2F00A100020C1F6F87000EAC14204980399B2
S3150800C30000EB4111D1F8100B1043C1F8100B069839
S3150800C310026A6FF3DF420498039900EB4111D1F8E2
S3150800C320100B1043C1F8100BFFE7FFE79DF8170045
S3150800C33001280ED1FFE70698C06848B1FFE70698BE
S3150800C340C0680499039A01EB4211C1F8140BFFE780
S3150800C350FFE70698007901281ED1FFE70498D0F870
S3150800C3600808C00500280BD4FFE70498039900EBDA
S3150800C3704111D1F8000B40F00050C1F8000B0AE05B
S3150800C3800498039900EB4111D1F8000B40F0805056
S3150800C390C1F8000BFFE7FFE70498039900EB41118A
S3150800C3A0D1F8000B40F00440C1F8000BFFE700206D
S3150800C3B008B080BD85B004900391002002908DF8E6
S3150800C3C00700049800900398407801283ED1FFE7BB
S3150800C3D000980399097800EB4110D0F80009C00FBE
S3150800C3E098B3FFE700980399097800EB4111D1F853
S3150800C3F0000940F00060C1F800090098039909781F
S3150800C40000EB4111D1F8000940F08040C1F800095D
S3150800C410FFE7029801300290029842F211718842B1
S3150800C42004D3FFE701208DF807000DE0FFE7009829
S3150800C4300399097800EB4110D0F8000900F0004094
S3150800C440B0F1004FE5D0FFE7FFE73DE0009803991C
S3150800C450097800EB4110D0F8000BC00F98B3FFE73E
S3150800C46000980399097800EB4111D1F8000B40F0C8
S3150800C4700060C1F8000B00980399097800EB411198
S3150800C480D1F8000B40F08040C1F8000BFFE7029896
S3150800C49001300290029842F21171884204D3FFE7F4
S3150800C4A001208DF807000DE0FFE700980399097849
S3150800C4B000EB4110D0F8000B00F00040B0F1004F3F
S3150800C4C0E5D0FFE7FFE7FFE79DF8070005B07047EF
S3150800C4D081B000900099886840F0010088600020CB
S3150800C4E001B0704783B0019000200090FFE70098E4
S3150800C4F0013000900098B0F1706F04D9FFE703206F
S3150800C5008DF80B0024E0FFE701980069C00F0028AA
S3150800C510EDD0FFE700200090019910200861FFE7A1
S3150800C5200098013000900098B0F1706F04D9FFE7C9
S3150800C53003208DF80B000BE0FFE70198006900F077
S3150800C54010001028ECD0FFE700208DF80B00FFE75D
S3150800C5509DF80B0003B0704784B00290019100204B
S3150800C5600090FFE70098013000900098B0F1706FD6
S3150800C57004D9FFE703208DF80F0026E0FFE70298AD
S3150800C5800069C00F0028EDD0FFE700200090019851
S3150800C5908001203002990861FFE700980130009079
S3150800C5A00098B0F1706F04D9FFE703208DF80F00EB
S3150800C5B00BE0FFE70298006900F020002028ECD085
S3150800C5C0FFE700208DF80F00FFE79DF80F0004B085
S3150800C5D07047000084B00390039802900298D0F840
S3150800C5E0080800F006000090009820B9FFE7002030
S3150800C5F08DF8070010E00098022804D0FFE700989D
S3150800C600062804D1FFE702208DF8070003E00F2073
S3150800C6108DF80700FFE7FFE79DF8070004B07047AD
S3150800C62081B000900098406900F0010001B07047A1
S3150800C63082B00190009100980199486602B070474F
S3150800C64083B00290029801900198D0F818080090DB
S3150800C6500198D0F81C18009808400090BDF8000012
S3150800C66003B0704783B00290029801900198D0F801
S3150800C670180800900198D0F81C18009808400090F7
S3150800C680BDF8020003B0704786B005908DF8131008
S3150800C690059803900398D0F8100801900398D0F8ED
S3150800C6A03408009000989DF8131001F00F01C84057
S3150800C6B000F00101019840EAC110019003989DF825
S3150800C6C0131000EB4110D0F80809019908400290B0
S3150800C6D0029806B07047000084B003908DF80B10DE
S3150800C6E00398019001989DF80B1000EB4110D0F8C3
S3150800C6F0080B00900198D0F814180098084000908C
S3150800C700009804B07047000082B001900198406913
S3150800C710009001988169009808400090009802B03E
S3150800C7207047000089B008900791ADF81A2008985C
S3150800C730059007980490BDF81A0080080190BDF886
S3150800C7401A0000F00300ADF8020000200290FFE78F
S3150800C75002980199884217D2FFE705984FF480514D
S3150800C76040580499086004980130049004980130F0
S3150800C7700490049801300490049801300490FFE76F
S3150800C780029801300290E3E7BDF8020008B3FFE71C
S3150800C7900020029005984FF4805140580390FFE717
S3150800C7A003989DF80810C900C840049908700298B3
S3150800C7B001300290049801300490BDF80200013857
S3150800C7C0ADF80200FFE7BDF802000028E8D1FFE750
S3150800C7D0FFE7049809B0704780B586B004908DF8D5
S3150800C7E00F10002002900499C86820F0C040C86065
S3150800C7F09DF80F00012823D1FFE70499C86840F087
S3150800C8000050C860FFE70A20F5F7DEFC02980A30F8
S3150800C8100290FFE70498FFF703FF0146002001296D
S3150800C820019007D0FFE702990020C82938BF0120E8
S3150800C8300190FFE70198C0070028E4D1FFE72AE046
S3150800C8409DF80F0010BBFFE70499C86840F08040C8
S3150800C850C860FFE70A20F5F7B7FC02980A3002908D
S3150800C860FFE70498FFF7DCFE01460020009039B187
S3150800C870FFE702990020C82938BF01200090FFE78A
S3150800C8800098C0070028E5D1FFE703E001208DF8EE
S3150800C89017000CE0FFE70298C82804D1FFE701203B
S3150800C8A08DF8170003E000208DF81700FFE79DF8C4
S3150800C8B0170006B080BD000083B002908DF80710FF
S3150800C8C0029800900099D1F8000820F4FE60C1F89B
S3150800C8D000089DF8070000F07F020099D1F80008CB
S3150800C8E040EA0210C1F80008002003B070470000B3
S3150800C8F083B002908DF80710029800909DF80720E3
S3150800C9000099D1F800081043C1F80008002003B0C8
S3150800C9107047000084B0039002918DF807209DF8B7
S3150800C9200700022840F0B880FFE702984AF6C0419F
S3150800C930C0F2D80188420BD3FFE702984EF2BF1126
S3150800C940C0F2E401884203D8FFE70F200090A2E076
S3150800C95002984EF2C011C0F2E40188420BD3FFE7F9
S3150800C960029842F2FF31C0F2F401884203D8FFE789
S3150800C9700E2000908EE0029842F20041C0F2F401C7
S3150800C98088420BD3FFE7029847F27F31C0F20611BF
S3150800C990884203D8FFE70D2000907AE0029847F214
S3150800C9A08031C0F2061188420BD3FFE7029844F69D
S3150800C9B09F11C0F21A11884203D8FFE70C20009095
S3150800C9C066E0029844F6A011C0F21A1188420BD309
S3150800C9D0FFE7029842F6FF41C0F23111884203D8B8
S3150800C9E0FFE70B20009052E0029842F60051C0F291
S3150800C9F0311188420BD3FFE702984AF23F41C0F251
S3150800CA004C11884203D8FFE70A2000903EE00298BE
S3150800CA104AF24041C0F24C1188420BD3FFE7029814
S3150800CA2043F2FF51C0F26E11884203D8FFE709208E
S3150800CA3000902AE0029843F20061C0F26E11884223
S3150800CA400BD3FFE702984AF61F31C0F2A6118842B7
S3150800CA5003D8FFE70820009016E002984AF620312E
S3150800CA60C0F2A61188420BD3FFE7029844F2FF7181
S3150800CA70C0F2E811884203D8FFE70720009002E0D9
S3150800CA8006200090FFE7FFE7FFE7FFE7FFE7FFE77E
S3150800CA90FFE7FFE7FFE70AE09DF8070018B9FFE799
S3150800CAA00920009002E009200090FFE7FFE70399BC
S3150800CAB0C86820F47050C860009800F00F02039907
S3150800CAC0C86840EA8220C860002004B070470000A9
S3150800CAD080B588B084460A98CDF81CC006918DF8B2
S3150800CAE01720ADF814308DF81300079803900698B0
S3150800CAF002909DF8130048BBFFE7BDF81400033009
S3150800CB008008019000200090FFE70098019988426C
S3150800CB101BD2FFE70298006803999DF8172001EBDE
S3150800CB2002314FF4805288500298013002900298E0
S3150800CB30013002900298013002900298013002906A
S3150800CB40FFE7009801300090DFE7FFE7002008B014
S3150800CB5080BD0000FFE7FEE780B50BF009FA80BD4F
S3150800CB6080B50BF02BFA80BD80B50BF033FA0BF0CD
S3150800CB707DFA80BD80B50BF053FA0BF07FFA80BDC5
S3150800CB8082B001908DED000A01994CF6CD40C3F6AE
S3150800CB90CC50C86001994FF07E50086101994861F0
S3150800CBA00199886100980199086001990020C4F2EA
S3150800CBB07A40486002B0704780B58CB00B90ADF8EB
S3150800CBC02A100992ADF82230BDF82A0002900020FA
S3150800CBD0039004900590BDF8220006900B98099AD8
S3150800CBE002A901ABF4F77EF80CB080BD80B584B01D
S3150800CBF0039041F20400CEF2000000680290029809
S3150800CC0003990968401A00EE100AB8EE400A40F285
S3150800CC10E020C2F2000090ED001AB8EE411A80EE4C
S3150800CC20010A8DED010A02980399086002F07AF963
S3150800CC309DED010A04B080BD84B003908DED020A13
S3150800CC40039890ED001A90ED050A20EE010A8DED85
S3150800CC50010A039890ED010A90ED031A90ED052A52
S3150800CC6022EE000A20EE020A30EE010A8DED000AD5
S3150800CC709DED000A039890ED042A90ED061A20EE21
S3150800CC80010A20EE011A31EE021A80EE010A80ED41
S3150800CC90020A9DED010A03989DED022A90ED021AFB
S3150800CCA090ED063A23EE003A32EE432A21EE021AB6
S3150800CCB030EE010A80ED000A039890ED020A90ED25
S3150800CCC0061A20EE011AB7EE000A30EE410A9DED6B
S3150800CCD0001A20EE010A80ED010A04B07047000030
S3150800CCE083B002908DED010ACDED000A029890ED11
S3150800CCF0000A9DED011AB4EE410AF1EE10FA04DAC3
S3150800CD00FFE70198029908600FE0029890ED000A83
S3150800CD109DED001AB4EE410AF1EE10FA04DDFFE7C4
S3150800CD20009802990860FFE7FFE703B07047000024
S3150800CD3085B004908DF80F10049845F6D001C2F21C
S3150800CD40000188425BD1FFE79DF80F0001380146D4
S3150800CD5001910A2852D80199DFE801F0060C131A46
S3150800CD6021272E353C42490040F24820C2F20000F5
S3150800CD70029043E040F24820C2F2000002300290DE
S3150800CD803CE040F24820C2F200000430029035E050
S3150800CD9040F24820C2F20000063002902EE040F22F
S3150800CDA04020C2F20000029028E040F24020C2F281
S3150800CDB000000230029021E040F24020C2F200005A
S3150800CDC0043002901AE040F24020C2F20000063019
S3150800CDD0029013E040F25020C2F2000002900DE0EB
S3150800CDE040F25020C2F200000230029006E040F203
S3150800CDF05020C2F2000004300290FFE763E0049876
S3150800CE0045F6F801C2F2000188425BD1FFE79DF8BA
S3150800CE100F000138014600910A2852D80099DFE828
S3150800CE2001F0060C131A21272E353C42490040F220
S3150800CE308C20C2F20000029043E040F28C20C2F23D
S3150800CE400000023002903CE040F28C20C2F2000062
S3150800CE500430029035E040F28C20C2F20000063021
S3150800CE6002902EE040F28420C2F20000029028E0F0
S3150800CE7040F28420C2F200000230029021E040F223
S3150800CE808420C2F20000043002901AE040F28420A6
S3150800CE90C2F200000630029013E040F29420C2F27B
S3150800CEA0000002900DE040F29420C2F20000023029
S3150800CEB0029006E040F29420C2F20000043002908C
S3150800CEC0FFE7FFE7FFE7029805B0704780B582B035
S3150800CED000F028F840F65C10C2F2000090ED000A57
S3150800CEE0B8EE401A818800EE101AB8EEC00A9FED17
S3150800CEF00B2A20EE020A30EE011AC08800EE100A4C
S3150800CF00B8EEC00A9FED062A20EE020A30EE010AA4
S3150800CF108DED010A9DED010A02B080BD6F12833ABC
S3150800CF20BD378635B0B586B001F0FCFF40F2FC206F
S3150800CF30C2F20000016845F2E050C2F20000006843
S3150800CF40002303934FF0FF3C1A46E1FB0C0240F224
S3150800CF50F021C2F2000101914A6008600868496838
S3150800CF6040F2E024C2F200042268F3F7E8F9039BD2
S3150800CF7002468C46019943F2A060C2F20000C0F84E
S3150800CF8004C00260D1F800C04968D0F800E04268E1
S3150800CF902468AEFB04E502FB0452BCEB0E0C61EB05
S3150800CFA0020243F2A861C2F200010491C1F800C06E
S3150800CFB04A60006840F65C12C2F2000205921060F0
S3150800CFC00868496840F2E422C2F200020292126836
S3150800CFD0F3F7B5F9DDF808C0039B059A01460498EE
S3150800CFE09180016840689288DCF800C002FB0CF268
S3150800CFF08A1A60F1000043F2B061C2F200010A60C9
S3150800D00048600868496840F2E822C2F200021268DD
S3150800D010F3F795F90599C88006B0B0BD87B08DEDD0
S3150800D020060ACDED050A8DED041A039002919DEDD1
S3150800D030060A9DED052A30EE420A9DED041A31EEE8
S3150800D040421A80EE010A8DED010A9DED010A029948
S3150800D0500398091A01EE101AB8EEC12A01EE100A51
S3150800D060B8EEC11A20EE020A30EE010ABDEEC00A79
S3150800D0708DED000A009807B07047000080B58AB0A9
S3150800D08009908DF823108DF822208DF8213046F26C
S3150800D0909E41C2F2000106910420088046F29C4196
S3150800D0A0C2F20001082008809DF823000999087338
S3150800D0B09DF82200099948739DF8210009998873FB
S3150800D0C00999002008749DF82100F3F709F90999D0
S3150800D0D04861099840699DF82110F3F71FFA0698E8
S3150800D0E000889DF821104843F3F7FAF80699099A3B
S3150800D0F090610998806909889DF821205143F3F7C2
S3150800D1002FFA069800889DF821104843F3F7E8F8A7
S3150800D1100699099AD0610998C06909889DF821205D
S3150800D1205143F3F71DFA069800889DF823104843E3
S3150800D130F3F7D6F80699099A10620998006A0988D9
S3150800D1409DF823205143F3F70BFA9DF82100F3F7D6
S3150800D150C7F8099948620998406A9DF82110F3F7BB
S3150800D160DDF9069800889DF823104843F3F7B8F8C8
S3150800D1700699099A10600998006809889DF823207D
S3150800D1805143F3F7EDF9069800889DF821104843B6
S3150800D190F3F7A6F80699099A50600998406809882D
S3150800D1A09DF821205143F3F7DBF9069800889DF88E
S3150800D1B022104843F3F794F80699099A906009985B
S3150800D1C0806809889DF822205143F3F7C9F9069823
S3150800D1D000889DF823104843F3F782F80699099AC0
S3150800D1E0C2F8E8000998D0F8E80009889DF82320D5
S3150800D1F05143F3F7B5F9099A02F13000117BD2F8D9
S3150800D200E830012207920AF0A2FF069800889DF8E6
S3150800D21023104843F3F764F80699099AC2F8EC0014
S3150800D2200998D0F8EC0009889DF823205143F3F7B4
S3150800D23097F9079A099B03F13800197BD3F8EC3064
S3150800D2400AF085FF9DF8220010B3FFE746F29E40DC
S3150800D250C2F20000059000889DF822104843F3F7B3
S3150800D2603FF80599099AC2F8F0000998D0F8F00035
S3150800D27009889DF822205143F3F772F9099A02F1B9
S3150800D2804000517BD2F8F03001220AF060FFFFE738
S3150800D29046F29E40C2F20000049000889DF82110D4
S3150800D2A04843F3F71DF80499099AC2F8F400099857
S3150800D2B0D0F8F40009889DF821205143F3F750F976
S3150800D2C0099A02F14800917BD2F8F43001220AF05B
S3150800D2D03EFF049800889DF8231048434843F2F718
S3150800D2E0FFFF0499099AC2F8F8000998D0F8F800DF
S3150800D2F009889DF8232051435143F3F731F90999D9
S3150800D30001F150000A7BD1F8F83011460AF01FFFE8
S3150800D310049800889DF8231048434843F2F7E0FF35
S3150800D3200499099AC2F8FC000998D0F8FC00098803
S3150800D3309DF8232051435143F3F712F9099901F156
S3150800D34058000A7BD1F8FC3011460AF000FF049811
S3150800D35000889DF8231048434843F2F7C1FF014669
S3150800D3600498099AC2F8001100889DF823104843CA
S3150800D3704843F2F7B5FF0499099AC2F804010998D7
S3150800D380D0F8000109889DF8232051435143F3F74B
S3150800D390E7F804990998D0F8040109889DF823202C
S3150800D3A051435143F3F7DCF8099901F160000A7B10
S3150800D3B0D1F8003111460AF0CAFE099901F1680050
S3150800D3C00A7BD1F8043111460AF0C1FE9DF8220005
S3150800D3D040B3FFE746F29E40C2F200000390008881
S3150800D3E09DF8231048439DF822104843F2F778FF2A
S3150800D3F00399099AC2F808010998D0F8080109881A
S3150800D4009DF8232051439DF822205143F3F7A8F8AD
S3150800D410099B03F17000197B5A7BD3F808310AF08F
S3150800D42096FEFFE746F29E40C2F200000190008891
S3150800D4309DF8211048439DF823104843F2F750FF02
S3150800D44001460198099AC2F80C1100889DF8231024
S3150800D45048439DF821104843F2F742FF0199099A7B
S3150800D460C2F810010998D0F80C0109889DF8212006
S3150800D47051439DF823205143F3F772F8019909980F
S3150800D480D0F8100109889DF8232051439DF82120E2
S3150800D4905143F3F765F8099B03F178001A7B997BEA
S3150800D4A0D3F80C310AF053FE099B03F18000197B6F
S3150800D4B09A7BD3F810310AF04AFE019800889DF845
S3150800D4C0231048434843F2F70BFF0199099AC2F81B
S3150800D4D014010998D0F8140109889DF823205143AE
S3150800D4E05143F3F73DF8099901F188000A7BD1F811
S3150800D4F0143111460AF02BFE019800889DF8211078
S3150800D50048434843F2F7ECFE0199099AC2F8180114
S3150800D5100998D0F8180109889DF8212051435143EC
S3150800D520F3F71EF8099901F190008A7BD1F81831B2
S3150800D53011460AF00CFE019800889DF8231048430E
S3150800D5409DF821104843F2F7CBFE0199099AC2F8D3
S3150800D5501C010998D0F81C0109889DF8232051431D
S3150800D5609DF821205143F2F7FBFF099B03F1980030
S3150800D570197B9A7BD3F81C310AF0E9FD01980088DB
S3150800D5800999097B48434843F2F7AAFE01460198E0
S3150800D590099AC2F8201100880999097B484348432B
S3150800D5A0F2F79EFE01460198099AC2F824110088EE
S3150800D5B00999097B48434843F2F792FE01460198C8
S3150800D5C0099AC2F8281100880999097B4843F2F795
S3150800D5D087FE01460198099AC2F82C110088099914
S3150800D5E0097B4843F2F77CFE0999C1F8300109998D
S3150800D5F001F1A0000A7BD1F8203111460AF0A7FDF7
S3150800D600099901F1A8000A7BD1F8243111460AF0DC
S3150800D6109EFD099901F1B0000A7BD1F8283111461F
S3150800D6200AF095FD099A02F1B800117BD2F82C315F
S3150800D630012202920AF08BFD029A099B03F1C000AF
S3150800D640197BD3F830310AF082FD0999002081F858
S3150800D6502800099981F82900099981F82A00099969
S3150800D66081F82B00099981F82C000AB080BD0000CA
S3150800D67080B582B00190019890F82A00002872D1EE
S3150800D680FFE7019901F1780080310AF0D1FF01998D
S3150800D69081F8C8000199B1F87800A1F8A8000199A5
S3150800D6A0B1F85A00A1F8AA00019A02F1780002F12D
S3150800D6B05801A8320AF0CAFE019981F8C8000199F2
S3150800D6C0B1F8A800A1F8B0000199B1F88200A1F854
S3150800D6D0B200019A02F1A80002F18001B0320AF004
S3150800D6E0B5FE019981F8C8000199B1F89000A1F832
S3150800D6F0A0000199B1F89200A1F8A200019A02F1DE
S3150800D700B00002F19001A0320AF0C4FC019981F838
S3150800D710C800019901F1A000B0310AF01DFD019978
S3150800D72081F8C8000199B1F85800A1F8A800019934
S3150800D730B1F88200A1F8AA00019A02F1580002F194
S3150800D7408001A8320AF082FE019981F8C800019A80
S3150800D75002F1A80002F1B00198320AF077FE0199A9
S3150800D76081F8C800FFE702B080BD000080B584B02C
S3150800D7700390ADF80A10039943F25070C2F2000004
S3150800D78000F69410019002F0DFFD019802F088FB84
S3150800D79038B9FFE743F25070C2F2000005F048FFBF
S3150800D7A0FFE704B080BD000080B582B0019000910B
S3150800D7B0019943F25070C2F2000000F6CC2003F043
S3150800D7C0F7FE02B080BD000083B002900191ADF86B
S3150800D7D0022003B07047000080B582B00190ADF812
S3150800D7E00210019943F25070C2F2000000F694103C
S3150800D7F002F0C0FD01980078A9280CD1FFE701982E
S3150800D8004078532807D1FFE743F25070C2F2000070
S3150800D81005F00EFFFFE702B080BD000080B584B0BA
S3150800D8200390039800F0CCF80398D0F8CC0028B100
S3150800D830FFE70398D0F8CC108847FFE7039801F074
S3150800D8404DF80398D0F8D00028B1FFE70398D0F830
S3150800D850D0108847FFE7039800F0B8FE0398D0F881
S3150800D860D40028B1FFE70398D0F8D4108847FFE71B
S3150800D8700398007C20B9FFE70398C07BF0B9FFE75F
S3150800D8800398FFF7F5FE0398D0F8D80028B1FFE70C
S3150800D8900398D0F8D8108847FFE7039800F040FEB1
S3150800D8A00398D0F8DC0028B1FFE70398D0F8DC101D
S3150800D8B08847FFE7039800F02FFA1BE0039BD3F88D
S3150800D8C0E800D3F8EC1046F29E42C2F2000201923A
S3150800D8D012881B7B5A43F2F7EFFD019A039BD3F894
S3150800D8E0F800D3F8FC1012881B7B5A435A43F2F708
S3150800D8F0E3FDFFE70398D0F8E00028B1FFE70398B7
S3150800D900D0F8E0108847FFE700208DF80B00FFE706
S3150800D9109DF80B000399097B88422CDAFFE70398E8
S3150800D920D0F8F8209DF80B10037B11FB031302EBCC
S3150800D930830292ED000A006A00EB810090ED001A5E
S3150800D940B4EE410AF1EE10FA0EDAFFE7039B186A05
S3150800D9509DF80B2050F82200D3F8F8101B7B12FB19
S3150800D960032241F82200FFE7FFE79DF80B0001308C
S3150800D9708DF80B00CCE7039B1868D3F8E81046F23D
S3150800D9809E42C2F2000212881B7B5A43F2F794FDAC
S3150800D9900398D0F8E40028B1FFE70398D0F8E4101C
S3150800D9A08847FFE70398006804B080BD83B00290FB
S3150800D9B00191ADF80220ADF8003003B070470000C1
S3150800D9C080B582B001900198C07B20B1FFE701982D
S3150800D9D001F0C8FA16E0019BD3F8F400596846F23C
S3150800D9E09E42C2F20002009212889B7B5A43F2F7CB
S3150800D9F063FD0099019A50680988927B5143F2F7B2
S3150800DA00AFFDFFE7019BD3F8F000996846F29E4206
S3150800DA10C2F2000212885B7B5A43F2F74DFD02B050
S3150800DA2080BD000080B586B084460898CDF810C041
S3150800DA300391ADF80A20ADF80830ADF80600049851
S3150800DA40006843F20001C4F2010188421FD1FFE7D2
S3150800DA50039840F22062C2F200025060BDF80A0044
S3150800DA601081BDF80800A2F80A01BDF80600A2F860
S3150800DA700C0104986B464FF47A71196002F10A0199
S3150800DA808A320123F7F7C2F88DF8170057E0049891
S3150800DA90006843F60001C4F20001884220D1FFE77E
S3150800DAA0039840F23472C2F200025060BDF80A00D0
S3150800DAB01081BDF80800A2F80A01BDF80600A2F810
S3150800DAC00C010498BDF80810BDF8063019448BB24D
S3150800DAD002F10A018A32F7F76BFA8DF817002EE081
S3150800DAE00498006843F60041C4F20001884220D138
S3150800DAF0FFE7039840F64802C2F200025060BDF8FC
S3150800DB000A001081BDF80800A2F80A01BDF806004F
S3150800DB10A2F80C010498BDF80810BDF8063019449F
S3150800DB208BB202F10A018A32F7F742FA8DF817002A
S3150800DB3005E0FFE7FFE700208DF81700FFE79DF8EF
S3150800DB40170006B080BD000080B543F25070C2F2DF
S3150800DB50000000F6C83009F079FC80BD80B582B0B7
S3150800DB6046F25040C2F200000168013101600068C7
S3150800DB70652807D3FFE746F2A041C2F2000101205B
S3150800DB800870FFE743F25070C2F2000005F0B8FFD4
S3150800DB9046F2A040C2F200000078C00798B1FFE73D
S3150800DBA043F25070C2F20000019041F6EC4108447D
S3150800DBB008F0E0FD019806F019F8019805F068FFED
S3150800DBC000F0DEFEFFE702B080BD000080B58AB037
S3150800DBD08DED090ACDED080A8DED071ACDED061A69
S3150800DBE08DED052A04900499012008700998049976
S3150800DBF0C1F8B00108980499C1F8B40107980499C6
S3150800DC00C1F8B80104994CF67740C3F22B20C1F845
S3150800DC10CC010499002081F838010499C1F844011F
S3150800DC20C1F840010499C1F84C01C1F848019DEDBD
S3150800DC30060AB7EE001AB4EE410AF1EE10FA04DD50
S3150800DC40FFE74FF07E500690FFE706980499C1F863
S3150800DC50D00105980499C1F890010498043006216A
S3150800DC60002201920323FFF709FA049901F5E070EF
S3150800DC7001F5E4730122029211460AF068FA019945
S3150800DC800298049AD2F8EC304FF07E521A60049A41
S3150800DC90D2F8EC205160049AD2F8EC209160049AEC
S3150800DCA0D2F8EC20D160049A4FF2C521C0F60001E3
S3150800DCB0C2F8D010049A4FF68111C0F60001C2F8D6
S3150800DCC0D410049A4FF26111C0F60001C2F8D810B8
S3150800DCD0049A4FF20D31C0F60001C2F8DC1004991F
S3150800DCE081F82E00049981F82F000498D0F80401D1
S3150800DCF049F66421C0F6010190220392F2F7DCFB93
S3150800DD00039A0498D0F8FC0040F22801C2F20001F8
S3150800DD10F2F7D2FB0AB080BD80B582B001900198B7
S3150800DD2090F82C00B0BBFFE70199B1F89800A1F86C
S3150800DD30A8000199B1F87A00A1F8AA000199B1F8EA
S3150800DD40A800A1F8B0000199B1F85A00A1F8B200EC
S3150800DD50019A02F1980002F17801A8320AF076FBDE
S3150800DD60019981F8C800019A02F1A80002F1580148
S3150800DD70B0320AF06BFB019981F8C800019A02F1EA
S3150800DD80580002F1B00150320AF0F4FB019981F80B
S3150800DD90C800FFE702B080BD84B0039002910398E3
S3150800DDA001900298009001984078009908700198AF
S3150800DDB000780099487004B07047000080B58EB0AE
S3150800DDC00D908DF833100B920A939DF83300C00816
S3150800DDD00590002006909DF833008007002818D586
S3150800DDE0FFE7012007900B98C0F34F3000900B987F
S3150800DDF0C0009DF8331001F0030140EA410001908C
S3150800DE000A98C0F34F3002900A98C0000630039073
S3150800DE1011E00020079000900B9949019DF83320E6
S3150800DE2002F0020241EA0211019102900A984001A9
S3150800DE3010300390FFE79DF83300C0F3800004908C
S3150800DE400E200990012008900D986946F2F7F6FF12
S3150800DE5018B1FFE7F2F7EAFEFFE70EB080BD000053
S3150800DE6080B584B00290ADF806100020ADF8040025
S3150800DE70029828B1FFE7BDF80600022804DCFFE790
S3150800DE8000208DF80F002EE00298BDF80610023922
S3150800DE9040F29212C2F20002128889B201F02AF9FF
S3150800DEA0ADF804009DF80410029ABDF80600104467
S3150800DEB010F8022C0020914200900ED1FFE79DF841
S3150800DEC00500029ABDF80610114411F8011C401A03
S3150800DED0B0FA80F040090090FFE7009800F00100D2
S3150800DEE08DF80F00FFE79DF80F0004B080BD000015
S3150800DEF080B590B009A9069181ED060AC1ED050A1B
S3150800DF0081ED041AC1ED031A81ED022AC1ED012A39
S3150800DF1081ED003A08900898007870B9FFE70898EC
S3150800DF20B2EE040ADFEDD50A9FEDD51AF7EE001A10
S3150800DF309FEDD42AFFF74AFEFFE706980999089A43
S3150800DF40C2F8BC1190ED060A089991ED581A30EE00
S3150800DF50410A81ED5B0A90ED050A089991ED591A77
S3150800DF6030EE410A81ED5C0A90ED040A089991EDBC
S3150800DF705A1A30EE410A81ED5D0A089991ED5B0A5D
S3150800DF80B6EE001A20EE010A90ED002A20EE020AEB
S3150800DF9043F2C861C2F20001059181ED000A0899B1
S3150800DFA091ED5C0A20EE010A90ED002A20EE020AA5
S3150800DFB043F2CC61C2F20001049181ED000A08998E
S3150800DFC091ED5D0A20EE010A90ED001A20EE010A95
S3150800DFD043F2D060C2F20000039080ED000A089870
S3150800DFE0D0F8040149F66421C0F601019022F2F73F
S3150800DFF063FA039A0499059890ED000AB1EE400A6F
S3150800E000089BD3F8043183ED010A91ED000AB1EEBD
S3150800E010400A089BD3F8043183ED020A92ED000A00
S3150800E020B1EE400A089BD3F8043183ED030A03686E
S3150800E030DDF820C0DCF804C1CCF818301368DDF828
S3150800E04020C0DCF804C1CCF8203091ED000AB1EE0E
S3150800E050400A089BD3F8043183ED090A0B68DDF8FA
S3150800E06020C0DCF804C1CCF8303092ED000AB1EEDD
S3150800E070400A089BD3F8043183ED0D0A0368DDF8DE
S3150800E08020C0DCF804C1CCF83C301268089BD3F8F1
S3150800E09004319A640968089AD2F80421D16490ED8B
S3150800E0A0000AB1EE400A0898D0F8040180ED140A77
S3150800E0B00899D1F84801D1F84C11084368B9FFE727
S3150800E0C00C980899C1F878010B980899C1F87C0151
S3150800E0D00A980899C1F88001FFE70699089890ED13
S3150800E0E05E0A90ED641A90ED6F3A20EE010A33EE5F
S3150800E0F0012A80EE020A91ED031A21EE031A81EE37
S3150800E100021A30EE010A80ED5E0A089890ED5F0A61
S3150800E11090ED641A90ED6F3A20EE010A33EE012A6B
S3150800E12080EE020A91ED021A21EE031A81EE021A16
S3150800E13030EE010A80ED5F0A089890ED600A90EDCE
S3150800E140641A90ED6F3A20EE010A33EE012A80EE4A
S3150800E150020A91ED011A21EE031A81EE021A30EE37
S3150800E160010A80ED600A089890ED5E1A90ED5F2A24
S3150800E17090ED600A22EE022A21EE011A31EE021A09
S3150800E18020EE000A30EE010A01F030FD43F2C460C9
S3150800E190C2F2000080ED000A00208DF81F00FFE79C
S3150800E1A09DF81F0002281BDCFFE708989DF81F1042
S3150800E1B000EB810292ED5E0A43F2C462C2F20002EB
S3150800E1C092ED001A20EE010A806800EB810080EDCE
S3150800E1D0000AFFE79DF81F0001308DF81F00DFE7F2
S3150800E1E0089890ED5B1A90ED5C2A90ED5D0A22EE98
S3150800E1F0022A21EE011A31EE021A20EE000A30EE4A
S3150800E200010A01F0F3FCB0EE401AB7EE000A80EE00
S3150800E210011A089880ED651A43F2C460C2F200003C
S3150800E22090ED001A80EE010A089880ED660A0898B3
S3150800E23090ED650A9FEDB31AB4EE410AF1EE10FAB5
S3150800E24022DAFFE7089890ED660A9FEDAF1AB4EE5A
S3150800E250410AF1EE10FA17DDFFE7089890ED660A15
S3150800E2609FEDAA1AB4EE410AF1EE10FA0CDAFFE7AE
S3150800E2700899012081F839010BE000BF6F12833A33
S3150800E2808096184B000000000899002081F8390193
S3150800E290FFE7089890ED6C0A90ED6F1A20EE010AD8
S3150800E2A0D0F8180180ED000A089890ED6C0A90EDF8
S3150800E2B06F1A20EE010AD0F8180180ED070A0898AF
S3150800E2C090ED6C0A90ED6F1A20EE010AD0F818014D
S3150800E2D080ED0E0A089890ED6C0A90ED6F1A20EE04
S3150800E2E0010AD0F8180180ED150A089890ED6D0A14
S3150800E2F090ED6F1A20EE010AD0F8180180ED1C0A7D
S3150800E300089890ED6D0A90ED6F1A20EE010AD0F884
S3150800E310180180ED230A0898D0F81C11D0F8B80126
S3150800E32008600898D0F81C11D0F8B8010861089858
S3150800E330D0F81C11D0F8B801086208980430FFF725
S3150800E3406DFA089948680068C1F850010899486844
S3150800E3504068C1F85401089948688068C1F85801AE
S3150800E36008994868C068C1F85C0108994868006956
S3150800E370C1F86001089948684069C1F8640140F22B
S3150800E380D010C2F2000000680899C1F86801089820
S3150800E39090ED541A90ED552A90ED563A90ED570A9D
S3150800E3A022EE033A21EE000A30EE030A30EE000AA6
S3150800E3B022EE022A21EE011A31EE021A31EE011A74
S3150800E3C0BFEE002A8DED012A71EE020A0AF0E2FA82
S3150800E3D09DED012A9FED4E1A8DED021A20EE010AD7
S3150800E3E0089880ED6A0A089890ED541A90ED550A37
S3150800E3F090ED564A90ED573A24EE034A21EE000A6C
S3150800E40030EE040A30EE000A23EE033A21EE011A32
S3150800E41031EE031A31EE011A71EE020A0AF0BAFA5F
S3150800E4209DED021A20EE010A089880ED690A0898FF
S3150800E43090ED540A90ED551A90ED563A90ED572AFC
S3150800E44020EE030A21EE021A30EE410A30EE000AE7
S3150800E4500AF00AFA9DED021A20EE010A089880EDE4
S3150800E460680A089890ED6A0A90ED761A30EE410A25
S3150800E4709FED281AB4EE410AF1EE10FA07DDFFE720
S3150800E4800899B1F8D4010138A1F8D40116E0089822
S3150800E49090ED6A0A90ED761A30EE410A9FED1E1A43
S3150800E4A0B4EE410AF1EE10FA07DAFFE70899B1F877
S3150800E4B0D4010130A1F8D401FFE7FFE70898B0F9C5
S3150800E4C0D41100EE101AB8EEC00A90ED6A1A9FED44
S3150800E4D0132A20EE020A30EE010A80ED6B0A08992B
S3150800E4E0D1F8A801C1F8D8010899D1F84821D1F87E
S3150800E4F04C01013240F10000C1F84821C1F84C0135
S3150800E50010B080BD9A99993ECDCC1441CDCC24410A
S3150800E510E12E654200003443000034C30000B443D2
S3150800E52080B582B00190019890F82B0000284BD155
S3150800E530FFE70199B1F87800A1F8B8000199012020
S3150800E5400090A1F8BA00019A02F1780002F13801A8
S3150800E550B83209F07BFF01460098019A82F8C81084
S3150800E560019AB2F84810A2F8C0100199A1F8C200A1
S3150800E570019A02F1480002F1B801C03209F0FAFF27
S3150800E58001460098019A82F8C810019AB2F89810C4
S3150800E590A2F8B8100199A1F8BA00019A02F19800F8
S3150800E5A002F1C001B83209F051FF019981F8C8009B
S3150800E5B0019A02F1380002F1B801303209F06AFD19
S3150800E5C0019981F8C800FFE702B080BD80B582B026
S3150800E5D00190019890F82900A8BBFFE7019901F17D
S3150800E5E0600068310AF024F8019981F8C800019A98
S3150800E5F002F1600002F15001583209F027FF019933
S3150800E60081F8C8000199B1F85800A1F8A800019945
S3150800E610B1F86A00A1F8AA00019A02F1580002F1BD
S3150800E6206801A83209F012FF019981F8C800019A19
S3150800E63002F1A80002F18801583209F02BFD019970
S3150800E64081F8C800FFE702B080BD000080B582B03F
S3150800E6500190019800680090A1284AD0FFE7009829
S3150800E66040F20121884211D0FFE7009840F20221CA
S3150800E670884217D0FFE7009840F2032188421ED04F
S3150800E680FFE70098B0F5017F26D03EE0019800F13B
S3150800E6901C0143F25070C2F2000000F5AD5007F0BD
S3150800E6A031FB32E0019800F11C0143F25070C2F2CE
S3150800E6B0000041F2BC62104407F024FB25E00198F3
S3150800E6C000F11C0143F25070C2F2000041F2D87208
S3150800E6D0104407F017FB18E0019800F11C0143F2FB
S3150800E6E05070C2F2000041F6F402104407F00AFB2B
S3150800E6F00BE0019800F11C0143F25070C2F20000D1
S3150800E70000F6CC2002F024FFFFE702B080BD00002F
S3150800E71080B588B00790079800680490512812D0F1
S3150800E720FFE7049840F2052188426BD0FFE704987A
S3150800E73040F20621884271D0FFE7049840F207218B
S3150800E740884252D077E00798007F8DF81B0007981B
S3150800E750407F8DF81A000798C08BADF81800079807
S3150800E760008CADF816000798408CADF814009DF89B
S3150800E7701B1043F25070C2F20000019005F024FC11
S3150800E78001989DF81A1005F02BFC0198BDF9181090
S3150800E79000EE101AB8EEC00A9FED281A8DED021A7F
S3150800E7A080EE010A41F27831084403F087F90198AE
S3150800E7B09DED021ABDF9161000EE101AB8EEC00A41
S3150800E7C080EE010A00F6CC20039002F039FD9DED9B
S3150800E7D0021A0398BDF9141000EE101AB8EEC00A12
S3150800E7E080EE010A02F036FD25E0079800F11C01CB
S3150800E7F043F25070C2F2000041F28442104407F01E
S3150800E80081FA18E0079800F11C0143F25070C2F231
S3150800E810000000F6CC7007F0BDFD0CE0079800F18B
S3150800E8201C0143F25070C2F2000041F21422104457
S3150800E83007F064F8FFE708B080BD00BF00007A441F
S3150800E84088B08DED060ACDED050A4CF6CD40C3F627
S3150800E8509C7004904AF2D730C3F6F06003909DEDA1
S3150800E860050AB5EE400AF1EE10FA08DDFFE79DED60
S3150800E870060AB5EE400AF1EE10FA03DAFFE70020C1
S3150800E880079022E09DED050AB0EE001A80EE010A17
S3150800E8908DED020A9DED021A9FED0E0A21EE000A81
S3150800E8A020EE010A8DED010A9DED061A9FED0A0A72
S3150800E8B021EE000A20EE010A9DED011A20EE010A5A
S3150800E8C08DED000A00980790FFE79DED070A08B04E
S3150800E8D0704700BFDB0F49405A64933E80B582B04B
S3150800E8E00190019890F82800002846D1FFE7019882
S3150800E8F0407B012834DBFFE70199087BA1F8B800C3
S3150800E900019901200090A1F8BA00019A02F160006D
S3150800E91002F13001B83209F099FD01460098019AD2
S3150800E92082F8C810019A117BA2F8C0100199A1F8C3
S3150800E930C200019A02F1700002F14001C03209F0EA
S3150800E94085FD019981F8C800019A02F1B80002F123
S3150800E950C001383209F09EFB019981F8C8000BE026
S3150800E960019A02F1600002F13001383209F06EFDB9
S3150800E970019981F8C800FFE7FFE702B080BD0000F3
S3150800E98080B543F2D460C2F200000178013101700B
S3150800E9900078032819D1FFE745F6D000C2F2000037
S3150800E9A040F24822C2F200024FF400710823FEF733
S3150800E9B003F940F2C411C2F20001087043F2D461AF
S3150800E9C0C2F2000100200870FFE743F2D760C2F2E6
S3150800E9D0000001780131017000781E2818D1FFE780
S3150800E9E043F2D761C2F200010020087045F6D00054
S3150800E9F0C2F2000040F23822C2F200022E21082399
S3150800EA00FEF7DAF840F2C411C2F200014870FFE7D7
S3150800EA1043F2D560C2F20000017801310170007836
S3150800EA20052818D1FFE743F2D561C2F2000100209C
S3150800EA30087045F6D000C2F2000040F2D022C2F2B9
S3150800EA400002A0210823FEF7B7F840F2C411C2F26B
S3150800EA5000018870FFE745F6F800C2F2000040F2B0
S3150800EA608422C2F2000240F2FF110823FEF7A4F83E
S3150800EA7040F2C411C2F20001C87043F2D660C2F275
S3150800EA80000001780131017000780A2818D1FFE7E3
S3150800EA9045F6F800C2F2000040F29C22C2F20002DB
S3150800EAA077210823FEF788F840F2C411C2F2000164
S3150800EAB0087143F2D661C2F2000100200870FFE730
S3150800EAC080BD000081B08DED000A9DED000AB0EE14
S3150800EAD0C00A01B07047000080B586B00590049161
S3150800EAE00598006846F20041C4F20001884216D132
S3150800EAF0FFE7059840F25821C2F200010860049821
S3150800EB00886205980023039319461A46FFF756F9B3
S3150800EB10039B05980C211A46FFF750F920E0059843
S3150800EB20006846F60001C4F20001884217D1FFE7E3
S3150800EB30059840F2A421C2F2000108600498886290
S3150800EB40059870210191002302931A46FFF736F9BA
S3150800EB500199029B05981A46FFF730F9FFE7FFE788
S3150800EB600598F2F78DFF05980221F2F791F80598B6
S3150800EB701021F2F78DF806B080BD000081B0009034
S3150800EB804EF6FC51CEF20001086840F0807008602D
S3150800EB9041F20401CEF200010020086041F20002B1
S3150800EBA0CEF20002116841F001011160009944F2A9
S3150800EBB04022C0F20F024A4340F2E021C2F20001AD
S3150800EBC00A600A6844F6D353C1F26203A2FB033211
S3150800EBD0920940F2E423C2F200031A6009684DF66E
S3150800EBE08362C4F21B32A1FB0221890C40F2E8229F
S3150800EBF0C2F20002116040F2FC21C2F20001086074
S3150800EC0001B0704782B0019000910198006845F202
S3150800EC100041C4F20001884209D1FFE7019840F299
S3150800EC200431C2F2000108600098086125E00198E5
S3150800EC30006845F60001C4F20001884209D1FFE7E1
S3150800EC40019840F21831C2F2000108600098086184
S3150800EC5012E00198006845F60041C4F200018842B6
S3150800EC6009D1FFE7019840F22C31C2F20001086091
S3150800EC7000980861FFE7FFE7FFE702B0704700006A
S3150800EC8082B08DED010A9DED010AB5EE400AF1EE5E
S3150800EC9010FA05DDFFE79DED010A8DED000A06E095
S3150800ECA09DED010AB1EE400A8DED000AFFE79DEDE4
S3150800ECB0000A02B07047000082B0019000910198E6
S3150800ECC0006843F20001C4F2010188420AD1FFE755
S3150800ECD0019840F22061C2F2000108600098C1F86C
S3150800ECE0100127E00198006843F60001C4F200010C
S3150800ECF088420AD1FFE7019840F23471C2F2000156
S3150800ED0008600098C1F8100113E00198006843F6FE
S3150800ED100041C4F2000188420AD1FFE7019840F693
S3150800ED204801C2F2000108600098C1F81001FFE727
S3150800ED30FFE7FFE702B0704783B08DED020A41F2A4
S3150800ED400400CEF200000068019002980090FFE7E8
S3150800ED5041F20400CEF2000000680199401A00EE64
S3150800ED60100AB8EE400A9DED001A40F2E020C2F201
S3150800ED70000090ED002AB8EE422A21EE021AB4EEFF
S3150800ED80410AF1EE10FA01DAFFE7E1E703B070474E
S3150800ED9080B584B003900291ADF806200398006808
S3150800EDA041F20001C4F20101884215D1FFE7039838
S3150800EDB040F6F811C2F2000108600298C1F80C0486
S3150800EDC0BDF80600A1F804040398B1F8042401F577
S3150800EDD00171F7F71DFAA3E00398006844F20041B1
S3150800EDE0C4F20001884215D1FFE7039840F608618E
S3150800EDF0C2F2000108600298C1F80C04BDF80600CA
S3150800EE00A1F804040398B1F8042401F50171F7F791
S3150800EE10FFF984E00398006844F60001C4F2000193
S3150800EE2088421ED1FFE7039841F21821C2F2000179
S3150800EE3008600298C1F80C04BDF80600A1F804049D
S3150800EE400398B1F8042401F50171F7F7E1F945F6DD
S3150800EE506030C2F200000168086820F00800086007
S3150800EE605CE00398006844F60041C4F20001884259
S3150800EE7015D1FFE7039841F22861C2F20001086044
S3150800EE800298C1F80C04BDF80600A1F8040403981A
S3150800EE90B1F8042401F50171F7F7BAF93DE00398D2
S3150800EEA0006845F20001C4F20001884215D1FFE767
S3150800EEB0039841F63821C2F2000108600298C1F8A9
S3150800EEC00C04BDF80600A1F804040398B1F804245C
S3150800EED001F50171F7F79CF91EE00398006841F205
S3150800EEE00041C4F20101884215D1FFE7039841F6B3
S3150800EEF04861C2F2000108600298C1F80C04BDF826
S3150800EF000600A1F804040398B1F8042401F5017178
S3150800EF10F7F77EF9FFE7FFE7FFE7FFE7FFE7FFE71A
S3150800EF2004B080BD81B041F20400CEF20000006852
S3150800EF300090009840F2F821C2F200010968884260
S3150800EF4008D2FFE740F2FC21C2F20001086801304E
S3150800EF500860FFE7009840F2F821C2F20001086055
S3150800EF6001B0704780B584B00390039900200190E2
S3150800EF700874039BD3F8F400596846F29E42C2F21D
S3150800EF800002009212889B7B5A43F1F795FA009982
S3150800EF90039A50680988927B5143F1F7E1FA009980
S3150800EFA0039AD2F818010988927B51435143F1F725
S3150800EFB0D7FA0099039AD2F80C010988137B927B39
S3150800EFC059435143F1F7CCFA01988DF80B00FFE746
S3150800EFD09DF80B000399897B884243DAFFE703987B
S3150800EFE0D0F8F4009DF80B1000EB810090ED000AB4
S3150800EFF0B5EE400AF1EE10FA2DD0FFE7039AD2F8E3
S3150800F000F4109DF80B0051F82000127C41F82200FC
S3150800F0109DF80B00039A516A127C8854DDF80CC0DF
S3150800F020DCF818009DF80BE050F82E00DCF80C11FF
S3150800F0309CF80C209CF81030DCF814C01CF80EC0A4
S3150800F04012FB03C201EB820141F8040C0399087C08
S3150800F05001300874FFE7FFE79DF80B0001308DF8D3
S3150800F0600B00B5E700208DF80A00FFE79DF80A00B7
S3150800F0700399097C884216DAFFE7039BD869596A1F
S3150800F0809DF80A20895C50F82100D3F818111B7CDA
S3150800F09012FB032241F82200FFE79DF80A0001301F
S3150800F0A08DF80A00E2E70399087CA1F8780003992D
S3150800F0B0087BA1F87A000399087BA1F880000399D8
S3150800F0C0087CA1F882000399087CA1F890000399AE
S3150800F0D0087CA1F892000399087BA1F89800039987
S3150800F0E0087CA1F89A000399087CA1F8480004B0A6
S3150800F0F080BD000084B00290ADF80610ADF804207B
S3150800F100029828B9FFE74FF6FF70ADF80E0023E026
S3150800F110FFE7BDF80600411EADF80610B8B1FFE7D7
S3150800F1200298411C029100788DF80300BDF804107E
S3150800F1309DF803004840C2B249F6F420C0F6010023
S3150800F14030F8120080EA1120ADF80400E1E7BDF8B6
S3150800F1500400ADF80E00FFE7BDF80E0004B07047D6
S3150800F16080B586B005900598D0F8EC0090ED000AB9
S3150800F17030EE000A43F2D860C2F20000019080ED3A
S3150800F180000A0598D0F8EC0090ED010A30EE000A66
S3150800F19043F2DC60C2F20000029080ED000A059896
S3150800F1A0D0F8EC0090ED020A30EE000A43F2E06077
S3150800F1B0C2F20000039080ED000A0598D0F8EC0032
S3150800F1C090ED030A30EE000A43F2E460C2F2000052
S3150800F1D0049080ED000A059BD3F80C0146F29E4187
S3150800F1E0C2F2000109881A7B9B7B59435143F1F708
S3150800F1F0B7F9019B029A0399049891ED000AB1EEBA
S3150800F200400ADDF814C0DCF80CC18CED000AD0F811
S3150800F21000C0DDF814E0DEF80CE1CEF804C093ED8A
S3150800F220000AB1EE400ADDF814C0DCF80CC18CED1A
S3150800F230020AD2F800C0DDF814E0DEF80CE1CEF8D8
S3150800F2400CC0D2F800C0DDF814E0DEF80CE1CEF808
S3150800F25018C0D3F800C0DDF814E0DEF80CE1CEF8EB
S3150800F2601CC0D0F800C0DDF814E0DEF80CE1CEF8DA
S3150800F27020C0D1F800C0DDF814E0DEF80CE1CEF8C5
S3150800F28024C01B68DDF814C0DCF80CC1CCF830309B
S3150800F29092ED000AB1EE400A059AD2F80C2182EDE9
S3150800F2A00D0A91ED000AB1EE400A0599D1F80C1144
S3150800F2B081ED0E0A00680599D1F80C11C86306B0ED
S3150800F2C080BD000080B582B001900198D0F8F81092
S3150800F2D040F22800C2F200009022F1F7EDF80198FA
S3150800F2E0D0F81C1140F28830C2F200004822009281
S3150800F2F0F1F7E2F8009A0198D0F80C1140F2403084
S3150800F300C2F20000F1F7D8F802B080BD80B586B029
S3150800F3100590059901F17800803109F089F9059978
S3150800F32081F8C8000599B1F87800A1F8A8000599F0
S3150800F330B1F85A00A1F8AA00059A02F1780002F17C
S3150800F3405801A83209F082F8059981F8C80005998C
S3150800F350B1F8A800A1F8B0000599B1F88200A1F8A3
S3150800F360B200059A02F1A80002F18001B03209F054
S3150800F3706DF8059981F8C8000599B1F89000A1F8CB
S3150800F380A0000599B1F89200A1F8A200059A02F129
S3150800F390B00002F19001A03208F07CFE059981F8D0
S3150800F3A0C800059901F1A000B03108F0D5FE05990D
S3150800F3B081F8C8000598D0F8EC00006843F2E863C5
S3150800F3C0C2F2000318600598D0F8EC00406843F2D2
S3150800F3D0EC62C2F2000210600598D0F8EC00806872
S3150800F3E043F2F061C2F2000108600598D0F8EC001B
S3150800F3F0D0F80CC043F2F460C2F20000C0F800C0B6
S3150800F400DDF814E0BEF878C0AEF8B8C0DDF814E050
S3150800F4104FF0010CAEF8BAC092ED000A90ED002A42
S3150800F42093ED001A91ED003A21EE031A20EE020A36
S3150800F43030EE410A30EE000ADDF814C0DCF82CC1C3
S3150800F4408CED000A93ED000A92ED002A91ED001A60
S3150800F45090ED003A21EE031A20EE020A30EE010A78
S3150800F46030EE000ADDF814C0DCF82CC18CED010A78
S3150800F47093ED000A92ED001A21EE011A20EE000A19
S3150800F48030EE410A91ED001A21EE011A30EE411ACA
S3150800F49090ED000A20EE000A30EE010A0598D0F831
S3150800F4A02C0180ED020A00208DF81300FFE79DF875
S3150800F4B0130002281EDCFFE70598D0F82C019DF8FA
S3150800F4C0131000EB810090ED000AB0EEC00A09F0B7
S3150800F4D03FF99DF8131040F24040C2F2000000EBDD
S3150800F4E0810080ED610AFFE79DF8130001308DF871
S3150800F4F01300DCE70599B1F84800A1F8C0000599A2
S3150800F50001200190A1F8C200059A02F1480002F113
S3150800F510B801C03209F02EF801460198059A82F81A
S3150800F520C810059AB2F8C010A2F8A8100599A1F853
S3150800F530AA00059A02F1B00002F1C001A83208F04B
S3150800F54085FF01460198059A82F8C8100599A1F821
S3150800F550B8000599B1F8C000A1F8BA00059901F1FB
S3150800F560C000B83109F064F8059981F8C800059912
S3150800F57001F1B800A83140F24042C2F200020292FC
S3150800F58002F5E07208F062FF01460298059A82F8D1
S3150800F590C81090ED720A90ED731AB6EE002A21EEA5
S3150800F5A0021AB4EE410AF1EE10FA08DAFFE740F261
S3150800F5B04041C2F20001012081F83801FFE740F21C
S3150800F5C04040C2F2000090ED720A90ED731AB4EE54
S3150800F5D0410AF1EE10FA64DDFFE740F24040C2F25C
S3150800F5E0000090F8380100285BD0FFE740F2404061
S3150800F5F0C2F2000090F8390180B1FFE740F24041BD
S3150800F600C2F20001D1F84021D1F84401013240F19B
S3150800F6100000C1F84021C1F8440109E040F2404128
S3150800F620C2F200010020C1F84401C1F84001FFE719
S3150800F63040F24040C2F20000D0F84011D0F8440130
S3150800F640333970F100000BD3FFE740F24041C2F2B4
S3150800F6500001002081F83801059981F82C001FE087
S3150800F660059BD3F8E800D3F8EC1046F29E42C2F2A6
S3150800F6700002009212881B7B5A43F0F71DFF009A7E
S3150800F680059BD3F8F800D3F8FC1012881B7B5A4365
S3150800F6905A43F0F711FF0599012081F82C0063E120
S3150800F6A042E040F24040C2F2000090ED720A90ED4E
S3150800F6B0731A9FEDAE2A21EE021AB4EE410AF1EE54
S3150800F6C010FA1BDDFFE740F24040C2F2000090F856
S3150800F6D0380198B1FFE740F24040C2F2000090EDD1
S3150800F6E0720A90ED731A31EE400A9FEDA12A21EEB7
S3150800F6F0021A80EE010A80ED670A08E040F24041EE
S3150800F700C2F200014FF07E50C1F89C01FFE740F2BB
S3150800F7104041C2F200010020C1F84401C1F840018D
S3150800F720059981F82C00FFE70599B1F85800A1F86A
S3150800F730A8000599B1F88200A1F8AA00059A02F175
S3150800F740580002F18001A83208F080FE059981F878
S3150800F750C800059A02F1A80002F1B001983208F033
S3150800F76075FE059981F8C80000208DF81200FFE79C
S3150800F7709DF81200059AB2F89810B2F89A205143EB
S3150800F78088421ADAFFE740F24040C2F2000090EDE4
S3150800F790671A0598D0F81C019DF8121000EB810035
S3150800F7A090ED000A20EE010A80ED000AFFE79DF8B9
S3150800F7B0120001308DF81200DAE704208DF81100E6
S3150800F7C0FFE79DF81100052835DCFFE700208DF8D6
S3150800F7D01000FFE79DF81000022825DCFFE79DF8DA
S3150800F7E0111040F24040C2F2000000EB810090ED9B
S3150800F7F05D0A9FED621A80EE011A0598D0F81C0181
S3150800F80001EB41019DF81020114400EB810090EDB9
S3150800F810000A20EE010A80ED000AFFE79DF81000B5
S3150800F82001308DF81000D5E7FFE79DF8110001308B
S3150800F8308DF81100C5E70599B1F89800A1F8B80048
S3150800F84005990120A1F8BA00059A02F1980002F17B
S3150800F850C001B83208F0FAFD059981F8C80040F2EF
S3150800F8604040C2F2000090F8380100286BD0FFE74C
S3150800F87004208DF80F00FFE79DF80F00052861DCCE
S3150800F880FFE70598D0F8BC009DF80F1000EB810043
S3150800F89090ED000A40F24040C2F2000090ED6F1A67
S3150800F8A09FED342A21EE021AB4EE410AF1EE10FA5F
S3150800F8B014DDFFE740F24040C2F2000090ED6F0A07
S3150800F8C09FED2C1A20EE010A0598D0F8BC009DF889
S3150800F8D00F1000EB810080ED000AFFE70598D0F8CD
S3150800F8E0BC009DF80F1000EB810090ED000A40F275
S3150800F8F04040C2F2000090ED6F1A9FED1F2A21EEDC
S3150800F900021AB4EE410AF1EE10FA14DAFFE740F2F1
S3150800F9104040C2F2000090ED6F0A9FED171A20EEE4
S3150800F920010A0598D0F8BC009DF80F1000EB81007D
S3150800F93080ED000AFFE7FFE79DF80F0001308DF81C
S3150800F9400F0099E7FFE70598D0F8BC100020C860BB
S3150800F950059A02F1380002F1B801303208F09AFB34
S3150800F960059981F8C800FFE706B080BDCDCCCC3D2F
S3150800F9706666663F0AD7233C0AD723BCDA0FC93F17
S3150800F98080B584B003900398D0F8EC00006843F281
S3150800F990F863C2F2000318600398D0F8EC004068D8
S3150800F9A043F2FC62C2F2000210600398D0F8EC0041
S3150800F9B0806843F20071C2F2000108600398D0F82B
S3150800F9C0EC00D0F80CC043F20470C2F20000C0F894
S3150800F9D000C093ED000A92ED001A21EE011A20EEFE
S3150800F9E0000A30EE011A91ED000A20EE000A30EE08
S3150800F9F0011A90ED000A20EE000A30EE010A00F026
S3150800FA00F5F843F20870C2F2000080ED000A002003
S3150800FA108DF80B00FFE79DF80B0003281ADCFFE7BB
S3150800FA2043F20870C2F2000090ED001A0398D0F86D
S3150800FA30EC009DF80B1000EB810090ED000A20EE1B
S3150800FA40010A80ED000AFFE79DF80B0001308DF8EA
S3150800FA500B00E0E743F2FC61C2F2000191ED000AF7
S3150800FA6040F24040C2F20000009090ED6F1A20EE7E
S3150800FA70010AB0EE001A8DED011A80EE010A039A0A
S3150800FA80D2F8002182ED040A43F20072C2F20002A3
S3150800FA9092ED000A90ED6F2A20EE020A80EE010A26
S3150800FAA0039BD3F8003183ED050A43F2F863C2F2EB
S3150800FAB0000393ED000A90ED6F2A20EE420A80EECD
S3150800FAC0010ADDF80CC0DCF800C18CED0A0A43F225
S3150800FAD0047CC2F2000C9CED000A90ED6F2A20EE21
S3150800FAE0020A80EE010ADDF80CE0DEF800E18EED90
S3150800FAF00B0A9CED000A90ED6F2A20EE420A80EE72
S3150800FB00010ADDF80CC0DCF800C18CED100A93ED93
S3150800FB10000A90ED6F2A20EE420A80EE010A039B46
S3150800FB20D3F8003183ED110A92ED000A90ED6F2AA1
S3150800FB3020EE020A80EE010A039AD2F8002182ED2D
S3150800FB40160A91ED000A90ED6F2A20EE420A80EE21
S3150800FB50010A0399D1F8001181ED170A90ED741A7C
S3150800FB600399D1F8F81091ED1C0A80EE010A81ED8F
S3150800FB701C0A90ED741A0398D0F8F80090ED230A41
S3150800FB8080EE010A80ED230A0398D0F8F80090ED7C
S3150800FB901C0A9FED151AB4EE410AF1EE10FA09DDBA
S3150800FBA0FFE70398D0F8F81044F20000C4F21C608E
S3150800FBB00867FFE70398D0F8F80090ED230A9FED51
S3150800FBC00A1AB4EE410AF1EE10FA0ADDFFE70398C5
S3150800FBD0D0F8F81044F20000C4F21C60C1F88C009A
S3150800FBE0FFE704B080BD00BF00401C4684B08DED21
S3150800FBF0030A9DED030AB6EE001A20EE010A8DED02
S3150800FC00020A0398019001980090009945F686200B
S3150800FC10C5F63770A0EB61000090009801909DED45
S3150800FC20010A9DED021A21EE001A21EE002AB7EE0E
S3150800FC30081A31EE421A20EE010A8DED010A9DEDF1
S3150800FC40010A04B07047000081B00090009890ED5A
S3150800FC50200A01B07047000081B00090009890ED2E
S3150800FC60210A01B07047000081B00090009890ED1D
S3150800FC70230A01B07047000081B00090009890ED0B
S3150800FC80240A01B07047000081B00090009890EDFA
S3150800FC90250A01B07047000081B00090009890EDE9
S3150800FCA01E0A01B07047000081B00090009890EDE0
S3150800FCB01F0A01B07047000087B0069005918DF8BD
S3150800FCC013208DF812309DF8120001460391012881
S3150800FCD008D0FFE70398022820D0FFE703980328F7
S3150800FCE038D053E09DF8130001460291012808D048
S3150800FCF0FFE70298022808D0FFE70298032808D0F1
S3150800FD000BE005990020087007E0059904200870A3
S3150800FD1003E0059901200870FFE737E09DF8130016
S3150800FD2001460191012808D0FFE70198022808D06A
S3150800FD30FFE70198032808D00BE005990220087010
S3150800FD4007E005990620087003E005990520087064
S3150800FD50FFE71BE09DF8130001460091012808D033
S3150800FD60FFE70098022808D0FFE70098032808D084
S3150800FD700BE005990220087007E005990420087031
S3150800FD8003E0059903200870FFE7FFE707B070470F
S3150800FD9010B59EB00790269805902598019024984E
S3150800FDA002902398039022980690DDF884C0209844
S3150800FDB0CDF860C017901693159214910DF1660050
S3150800FDC014A912220492F0F732FBDDF804C0029B54
S3150800FDD00399049ADDF814E00698CDF838E0CDF8D2
S3150800FDE034C00C930B910A900DF13E000AA9F0F766
S3150800FDF01EFB0798099009980890DDF866006FF3CE
S3150800FE00DF20DDF83E106FF3DF21884230D1FFE7AF
S3150800FE10DDF86600C0F3CA20DDF83E10C1F3CA213A
S3150800FE20884225D1FFE7BDF86A10DDF86600800D27
S3150800FE3040EA81206FF3DF20BDF84220DDF83E104E
S3150800FE40890D41EA82216FF3DF21884210D1FFE74D
S3150800FE50BDF86A00C0F34A00BDF84210C1F34A0172
S3150800FE60884205D1FFE70899002081F8750004E06B
S3150800FE700899012081F87500FFE71EB010BD000043
S3150800FE8081B00090009890F8740001B070470000A7
S3150800FE9081B00090009890F8880001B07047000083
S3150800FEA081B00090009890F8760001B07047000085
S3150800FEB081B00090009890F8890001B07047000062
S3150800FEC02DE9F043A5B0249024980E900168D1F846
S3150800FED00422D1F80832D1F80CC2D1F810E2C0F8E1
S3150800FEE01CE0C0F818C043610261B1F8141201841D
S3150800FEF0016801F501712391239909686FF3DF21E0
S3150800FF0000EE101AB8EEC00A90ED022A90ED031A18
S3150800FF1030EE420A80EE010A80ED1E0A239909682E
S3150800FF20C1F3CA2100EE101AB8EEC00A90ED022AF3
S3150800FF3090ED031A30EE420A80EE010A80ED1F0AA0
S3150800FF4023998A880968890D41EA82216FF3DF219E
S3150800FF5000EE101AB8EEC00A90ED022A90ED031AC8
S3150800FF6030EE420A80EE010A80ED200A239989883C
S3150800FF70C1F34A0100EE101AB8EEC00A90ED022A43
S3150800FF8090ED031A30EE420A80EE010A80ED210A4E
S3150800FF9000F18801239A9288920BC38C9B0BFFF77A
S3150800FFA08BFE0E9800F18901239A9288C38CC3F3BD
S3150800FFB00133C2F30132FFF77FFE0E98FFF770FF99
S3150800FFC0002855D1FFE70E982399B1F9061000EEDF
S3150800FFD0101AB8EEC00A9FED521A80EE010A80ED9B
S3150800FFE0230A2399B1F9081000EE101AB8EEC00AD0
S3150800FFF080EE010A80ED240A2399B1F90A1000EE71
S31508010000101AB8EEC00A80EE010A80ED250A00F141
S315080100109801239A127B90F82E3000F023FB0E9854
S3150801002000F19901239A527B90F82F3000F01AFBC0
S3150801003000202290FFE722980F2818DCFFE70E9888
S31508010040DDF888C000EB0C019A31239AD28922FA8D
S315080100500CF202F00102038E23FA0CF303F00103FA
S3150801006000F000FBFFE7229801302290E3E7FFE763
S315080100700E982399098A6FF3DF2100EE101AB8EE5C
S31508010080C00A90ED022A90ED031A30EE420A80EE7C
S31508010090010A80ED2B0A00F122010DF17600079085
S315080100A012220992F0F7C3F9099A0E9800F1100184
S315080100B019A80890F0F7BBF90799099A14A8F0F757
S315080100C0B6F90899099A14980B9015980C901698F0
S315080100D00D9017980A90189C0FA8F0F7A8F9DDF863
S315080100E028C00B990C9A0D9B0E980F9D109E119F77
S315080100F0DDF84880DDF84C90EE46CEF81890CEF83B
S315080101001480CEF81070CEF80C60CEF80850CEF8F0
S315080101100440CEF800C0FFF73BFE25B0BDE8F083EA
S315080101200000004781B00090009890F89C0001B04B
S315080101307047000081B00090009890F8A90001B0BE
S315080101407047000081B00090009890F8A70001B0B0
S315080101507047000081B00090009890F89D0001B0AA
S315080101607047000081B00090009890F8A10001B096
S315080101707047000081B00090009890F8A30001B084
S315080101807047000081B00090009890F8A40001B073
S315080101907047000081B00090009890F8A00001B067
S315080101A07047000081B00090009890F8A20001B055
S315080101B07047000081B00090009890F89B0001B04C
S315080101C07047000081B00090009890F8A80001B02F
S315080101D07047000081B00090009890F89A0001B02D
S315080101E07047000081B00090009890F8A60001B011
S315080101F07047000081B00090009890F8A50001B002
S315080102007047000081B00090009890F8980001B0FE
S315080102107047000080B586B0059004910598019055
S31508010220343004991522F0F702F9019804990391DB
S315080102300399B1F90A1000EE101AB8EEC00A9FED3B
S31508010240351A80EE010A80ED230A0399B1F90C10DB
S3150801025000EE101AB8EEC00A80EE010A80ED240AF3
S315080102600399B1F90E1000EE101AB8EEC00A80EE25
S31508010270010A80ED250A00F19801039A127C90F88B
S31508010280593003F0030302F0030200F0EBF9019879
S3150801029000F19901039A127CC2F3810290F8593050
S315080102A0C3F3810300F0DEF90198B0F84510C1F3F4
S315080102B0401140F23842C2F200021170B0F85A00F9
S315080102C0C0F3401040F23941C2F200010870002023
S315080102D00290FFE702980F281ADCFFE70198DDF87C
S315080102E008C000EB0C019A31039AB2F8112022FAE0
S315080102F00CF202F00102B0F85A3023FA0CF303F0BB
S31508010300010300F0AFF9FFE7029801300290E1E737
S3150801031006B080BD0000004781B00090009890F8B3
S31508010320990001B07047000081B00090009890F8DC
S315080103309F0001B07047000081B00090009890F8C6
S315080103409E0001B07047000080B584B00390029109
S3150801035003980190016E01310166FFF7B1FD01991C
S3150801036001F12200096801F501711222F0F75FF81F
S3150801037004B080BD80B584B00390029103980090C3
S3150801038002980078A52826D1FFE702988079ADF86A
S315080103900600BDF806100298407940EA0120ADF83A
S315080103A0060002988078ADF80400BDF8041002989A
S315080103B0407840EA0120ADF80400BDF8060040F295
S315080103C00231884206D1FFE7BDF804001E2801D193
S315080103D0FFE7FFE7FFE702980078A9281AD1FFE7A8
S315080103E002984078532815D1FFE702981521FDF7A1
S315080103F037FD70B1FFE70098816E01318166029978
S31508010400FFF708FF0098493002991522F0F70FF80F
S31508010410FFE7FFE704B080BD82B001900199009122
S31508010420086E496E884210D1FFE70099886EC96E39
S3150801043088420AD1FFE70099002081F87400B1F8D3
S3150801044070000130A1F8700004E00099012081F8DC
S315080104507400FFE70099886EC96E884205D1FFE7E7
S315080104600099002081F8760004E00099012081F8BE
S315080104707600FFE70099086E496E884205D1FFE7C5
S315080104800099002081F8770004E00099012081F89D
S315080104907700FFE70099086E4866886EC86602B05D
S315080104A07047000084B0039002910192039800906E
S315080104B00298006841F20001C4F20101884207D19D
S315080104C0FFE7009940F6F810C2F20000086054E010
S315080104D00298006844F20041C4F20001884207D13B
S315080104E0FFE7009940F60860C2F20000086043E0A1
S315080104F00298006844F60001C4F20001884207D157
S31508010500FFE7009941F21820C2F20000086032E0C4
S315080105100298006844F60041C4F20001884207D1F6
S31508010520FFE7009941F22860C2F20000086021E065
S315080105300298006845F20001C4F20001884207D119
S31508010540FFE7009941F63820C2F20000086010E082
S315080105500298006841F20041C4F20101884207D1BC
S31508010560FFE7009941F64860C2F200000860FFE71C
S31508010570FFE7FFE7FFE7FFE7FFE70198006841F2BA
S315080105800001C4F20101884207D1FFE7009940F64C
S31508010590F810C2F2000048605AE00198006844F277
S315080105A00041C4F20001884207D1FFE7009940F6ED
S315080105B00860C2F20000486049E00198006844F604
S315080105C00001C4F20001884207D1FFE7009941F210
S315080105D01820C2F20000486038E00198006844F625
S315080105E00041C4F20001884207D1FFE7009941F2B0
S315080105F02860C2F20000486027E00198006845F2C9
S315080106000001C4F20001884207D1FFE7009941F6CB
S315080106103820C2F20000486016E00198006841F2ED
S315080106200041C4F2010188420DD1FFE7009941F664
S315080106304860C2F20000486045F6C031C2F20001C6
S315080106400020C861FFE7FFE7FFE7FFE7FFE7FFE7EE
S3150801065004B0704781B00090009890ED2B0A01B064
S315080106607047000086B0059004918DF80F208DF82B
S315080106700E309DF80E000146029120B1FFE702985F
S31508010680012813D025E09DF80F000146019120B1FC
S31508010690FFE70198012804D007E0049900200870B3
S315080106A003E0049902200870FFE712E09DF80F00A5
S315080106B00146009120B1FFE70098012804D007E020
S315080106C004990320087003E0049901200870FFE7E4
S315080106D0FFE706B07047000081B0009000984FF020
S315080106E0894181600021C4F22541C160002101666A
S315080106F041668166C166A0F87010A0F8721080F88C
S31508010700741080F8751080F8761080F8771001B0AB
S315080107107047000082B00190019900910869496902
S31508010720884207D1FFE700990020087688890130B9
S31508010730888105E000990120087600208881FFE775
S3150801074000990869486102B07047000081B00090BD
S3150801075000984FF4B671018040F2946141804FF0E0
S31508010760894141600021C4F22541816000218181CE
S3150801077001B0704703C844F64E42C0F24302000A6C
S3150801078082EA112240EA016042F62B31C4F2437132
S3150801079048401043B0FA80F04009704710B507F099
S315080107A0DCFBD0F808E0BEF1000F25D0714651F800
S315080107B028CF44F64E424B68C0F2430282EA13241C
S315080107C04FEA1C2242EA036242F62B33C4F2437310
S315080107D05A4022430CD1DEF82420013ACEF82420CF
S315080107E008D1DEF8202082600020CEF8200001E042
S315080107F000228260084610BD07F00CFB81B000900C
S31508010800009890EDA30A01B07047000082B00190EC
S315080108108DED000A01990098C1F88C0202B0704763
S3150801082081B00090009890EDA40A01B070470000CD
S3150801083082B001908DED000A01990098C1F89002E5
S3150801084002B0704780B590B00F900F98059000F5EB
S315080108500C7002210022099206F0DAFB0598099923
S31508010860C0F884029FED4C0A8DED010AF7EE080ADD
S31508010870CDED020AB0EE001A8DED031ADFED472A17
S31508010880CDED042ADFED464ACDED074A9FED455ADF
S315080108908DED085AF0EE451AB0EE452AB0EE453A06
S315080108A0F0EE453AB0EE454A07F0FCF99DED040A2B
S315080108B00598DDED074A9DED085A09995430F6EE7B
S315080108C0000A9FED392A8DED062ADFED382ACDED8E
S315080108D00E2AB0EE451AF0EE451AB0EE453AF0EE9C
S315080108E0453AB0EE454A07F0DDF90598DDED0E0A01
S315080108F045F6D001C2F200010B91052203230C93A0
S315080109009FED2B0A8DED0D0A05F048F89DED010ABC
S31508010910DDED020A9DED031ADDED042A0598DDEDEC
S31508010920074A9DED085A099900F58C700A90F0EE70
S31508010930451AB0EE452AB0EE453AF0EE453AB0EE24
S31508010940454A07F0AFF905989DED062ADDED074AF8
S315080109509DED085A0999DDED0E2A00F5B6709FED51
S31508010960150ADFED150AB0EE451AF0EE451AB0EE96
S31508010970453AF0EE453AB0EE454A07F093F90A983A
S315080109800B990C9B9DED0D0ADDED0E0A062205F06D
S3150801099005F810B080BD00BF0000484200001643AC
S315080109A06F12833A0000000000803B4500401C4658
S315080109B0000010420000FA430000484380B582B0A7
S315080109C001900198009005F055F8009800F58C7093
S315080109D005F050F8009800F50C7005F0D1FF009865
S315080109E0002180F88812C0F88C12C0F890120022F3
S315080109F0C4F26002C0F894220022CCF2A002C0F828
S31508010A009822C0F89C12C0F8A0120021C4F2FF3146
S31508010A10C0F8A4124AF20001C4F28C51C0F8A81217
S31508010A2002B080BD83B002908DED010ACDED000ABA
S31508010A300299019888600098C86088680860C86843
S31508010A40486003B07047000081B00090009800210B
S31508010A5001614161816101B07047000081B0009078
S31508010A60009890F8910701B07047000082B0019094
S31508010A708DF8031001999DF8030081F8910702B0DA
S31508010A807047000081B00090009800F2947090EDD4
S31508010A90000A01B07047000082B001908DED000A8E
S31508010AA001990098C1F8940702B0704781B0009087
S31508010AB0009800F5F46090ED000A01B07047000057
S31508010AC082B001908DED000A01990098C1F8A0073E
S31508010AD002B0704781B00090009890F8900701B075
S31508010AE07047000082B001908DF8031001999DF8B6
S31508010AF0030081F8900702B07047000081B00090AA
S31508010B00009800F5F36090ED000A01B07047000007
S31508010B1082B001908DED000A01990098C1F89807F5
S31508010B2002B0704781B00090009800F2A47090ED71
S31508010B30000A01B07047000082B001908DED000AED
S31508010B4001990098C1F8A40702B0704781B00090D6
S31508010B50009800F29C7090ED000A01B07047000001
S31508010B6082B001908DED000A01990098C1F89C07A1
S31508010B7002B0704780B584B003900398009000F0E6
S31508010B8027F9009800F20440019005F011FF019839
S31508010B9006F042F8009800F24C60029006F0F4F86C
S31508010BA0019805F029FF029806F012F904B080BDF4
S31508010BB080B592B0119011980C9006F0C1FD0C9871
S31508010BC000F2044004909FED6E0ADFED6E0AB7EE5F
S31508010BD0081A8DED051ADFED6C4ACDED094A9FED30
S31508010BE06B5A8DED0A5A00210B91F0EE451AB0EEBB
S31508010BF0452AF0EE452AB0EE453AF0EE453AB0EE12
S31508010C00454A07F04FF8DDED094A9DED0A5A0B9959
S31508010C100C9800F58B609FED5E0A8DED020ADFEDFB
S31508010C205D0A9FED5D1A9FED5D2ADFED5D2ACDED2B
S31508010C30032AF0EE451AB0EE453AF0EE453AB0EE23
S31508010C40454A07F02FF89DED020ADDED094A9DEDAB
S31508010C500A4A0B990C9800F29450DFED520A9FED5F
S31508010C60521A9FED525AF0EE441AB0EE442AF0EEAB
S31508010C70442AB0EE443AF0EE443A07F013F8DDEDB3
S31508010C80032ADDED094A9DED0A5A0B990C9800F5E0
S31508010C90BD609FED470AF6EE000ACDED080A9FED05
S31508010CA0452AB0EE451AF0EE451AB0EE453AF0EE91
S31508010CB0453AB0EE454A06F0F5FF04980B990C9AA9
S31508010CC0C2F890256A46116045F6F801C2F200019C
S31508010CD00E9105230F93B0EE000A8DED060ADFED9E
S31508010CE0360A1A4605F0BCFBDDED050A9DED061A26
S31508010CF0DDED094A9DED0A5A0B990C9800F24C60F4
S31508010D000D909FED2E0ADFED2E2ACDED072AF0EE86
S31508010D10451AB0EE452AB0EE453AF0EE453AB0EE40
S31508010D20454A06F0BFFF9DED070ADDED080ADDED30
S31508010D30094A9DED0A5A0B990C9800F5D4609FED66
S31508010D40212ADFED212ACDED102AB0EE451AF0EE63
S31508010D50451AB0EE453AF0EE453AB0EE454A06F088
S31508010D60A1FF0C9A0D980E990F9BDDED100AC2F89A
S31508010D70642706229FED150A04F010FE12B080BD05
S31508010D8000008C426F12833C6F12833A0000000008
S31508010D900000A0429A99193E0AD7233C0000FA445A
S31508010DA000409C46CDCCCC3D9A99993E0AD7A33BA7
S31508010DB00000AA4200C0DA45920A064200004842EB
S31508010DC00000164300803B4500401C4600001042C7
S31508010DD080B58AB009900998089090F89007A0BB49
S31508010DE0FFE7089800F2044005900021049105F0F8
S31508010DF0F9FA0499089800F24C60069004F096FDF9
S31508010E0005989FED720A8DED070A06F0E9FD089827
S31508010E109DED070A00F58B6006F0E2FD06989DED4B
S31508010E20070A06F0DDFD08989DED070A00F5D4606E
S31508010E3006F0D6FD05989DED070A05F0C9FA06984C
S31508010E409DED070A04F068FDBEE0089800F24C60C3
S31508010E50052104F06BFD0898FFF700FE0146039192
S31508010E6020B1FFE70398012819D031E0089800F26C
S31508010E7004400290052105F0B5FA08990298D1F8BF
S31508010E80941740F6F012C2F20002116005F0ACFDAB
S31508010E9040F6F410C2F2000080ED000A18E0089846
S31508010EA000F204400190032105F09CFA0899019883
S31508010EB0D1F8981740F6F012C2F20002116005F057
S31508010EC0A3FE40F6F410C2F2000080ED000AFFE727
S31508010ED0FFE7089840F6F011C2F2000191ED000A09
S31508010EE040F6F411C2F2000191ED001A30EE410A02
S31508010EF000F27C7090ED001AB4EE410AF1EE10FA98
S31508010F0012DDFFE7089800F27C7090ED001A40F6B2
S31508010F10F010C2F2000090ED000A31EE011A30EE2F
S31508010F20410A80ED000AD4E7FFE7089840F6F01178
S31508010F30C2F2000191ED000A40F6F411C2F2000175
S31508010F4091ED001A30EE410A00F27C7090ED001A1C
S31508010F50B1EE411AB4EE410AF1EE10FA12DAFFE7E0
S31508010F60089800F27C7090ED000A40F6F010C2F283
S31508010F70000090ED001A30EE000A30EE010A80ED0D
S31508010F80000AD2E7089901F5F460009001F5F162CB
S31508010F9092ED000A01F28C71D1ED000AFBF7A0FE71
S31508010FA0089800F2044040F6F011C2F2000191EDF2
S31508010FB0000A05F0E5F90898009900F24C6091EDF0
S31508010FC0000A04F091FCFFE70AB080BD00000000AA
S31508010FD080B582B001900198009006F0A3FC0098B4
S31508010FE000F2044005F0B2FE009800F24C6005F0EC
S31508010FF0A9FF00980021CCF23431C0F878170021F6
S31508011000C4F23431C0F87C170021CCF23021C0F883
S3150801101088170021C4F2A001C0F88C17002180F8B6
S31508011020901780F89117C0F89417C0F89817C0F868
S315080110309C17C0F8A017C0F8A417C0F8A817C0F8DD
S31508011040AC1702B080BD000080B584B00390039848
S31508011050009090ED2B0A9FED2E1A20EE010ABDEEA7
S31508011060C00A10EE101AADF80810406802F0C8FF61
S31508011070012804D1FFE700208DF80A0003E00120CA
S315080110808DF80A00FFE700999DF80A00800191F89A
S31508011090B02091F8D83091F8D9C091F8DBE040EA50
S315080110A04E1040EACC0040EA8C0040EA4300104367
S315080110B08DF80B0091ED2D0A9FED161A20EE010A07
S315080110C0BDEEC00A10EE100AADF8060091ED2E0A23
S315080110D020EE010ABDEEC00A10EE100AADF80400B2
S315080110E08A69BDF8080010808A699DF80B0090701E
S315080110F08A69BDF80600A2F803008A69BDF80400EA
S31508011100A2F8050091F8B00081F8760004B080BD18
S315080111100000C84200007A4480B586B0059005995A
S31508011120049101F179008A6802F13001B2F8602070
S31508011130EFF77DF9049890F89A0001285ED1FFE748
S31508011140049890F87600012858D1FFE70498D0F85A
S315080111508E30D0F89220D0F8961000EE103A00EEB4
S31508011160902A01EE101A43F20C71C2F200010191A4
S3150801117043F21072C2F20002029243F21473C2F2EF
S315080111800003039300F092F8019B029A03990498CD
S3150801119093ED000AD2ED000A91ED001A00F064F809
S315080111A0049880ED350AD0F88E20D0F8921000EE1A
S315080111B0102A00EE901A9FED1E1A00F001FC049801
S315080111C080ED310AD0F88E30D0F89220D0F89610FA
S315080111D001EE903A02EE102A02EE901AB0EE610A7A
S315080111E0F0EE420AB0EE621A00F002FA049890EDA7
S315080111F0341A30EE410A80ED300AFFE70498C03010
S315080112009FED0C0AF1EE040AFBF76AFD0498C43057
S315080112109FED090ADFED090AFBF762FD049881686B
S3150801122001F13000B1F86010EFF79AF906B080BD08
S3150801123000000000000034C2000034C3000034433B
S3150801124082B001908DED000A01990098C1F8B400A9
S3150801125002B0704782B001908DED000A019900989D
S31508011260C1F8B80002B0704780B586B005908DED1B
S31508011270040ACDED030A8DED021A9DED040A9DEDD2
S31508011280031A21EE011A20EE000A30EE011A9DED2D
S31508011290020A20EE000A30EE010A08F045F88DED43
S315080112A0010A9DED010A06B080BD000080B590B027
S315080112B00F908DED0E0ACDED0D0A8DED0C1A0B91E1
S315080112C00A9209930F98049049F6B251C3F6EF5161
S315080112D008919DED0E0A8DED020A90ED290AB1EEEF
S315080112E0400A07F0ADFC04989FED291A8DED061A00
S315080112F020EE010A8DED010A90ED2A0A07F0A0FCFD
S315080113009DED011A0498B0EE402A9DED020A21EEE0
S31508011310021A30EE010A0B9981ED000A9DED0D0ABC
S315080113208DED050A90ED290AB1EE400A07F088FC11
S3150801133004989DED061A20EE010A8DED030A90ED3B
S315080113402A0A07F029FF9DED031A0498B0EE402AF0
S315080113509DED050A21EE021A30EE010A0A9981ED80
S31508011360000A9DED0C0A8DED070A90ED290AB1EEEA
S31508011370400A07F011FF9DED062A9DED071A20EE9A
S31508011380020A30EE010A099880ED000A10B080BD04
S31508011390B29DEFBD82B001908DF8031002B070477F
S315080113A080B588B007900691079803900699098831
S315080113B0ADF81610BDF9161000EE101AB8EEC00AEF
S315080113C09FED541A80EE010A10EE101AC0F88E101D
S315080113D006994988ADF81410BDF9141000EE101AD3
S315080113E0B8EEC00A80EE010A10EE101AC0F8921083
S315080113F006998988ADF81210BDF9121000EE101A77
S31508011400B8EEC00A80EE010A10EE101AC0F896105E
S315080114100699897980F89A1090F89A0001285ED180
S31508011420FFE7039890F87600012858D1FFE703985B
S31508011430D0F88E30D0F89220D0F8961000EE103AF7
S3150801144000EE902A01EE101A43F21871C2F2000159
S31508011450009143F21C72C2F20002019243F2207318
S31508011460C2F200030293FFF721FF009B019A02993A
S31508011470039893ED000AD2ED000A91ED001AFFF7E1
S31508011480F3FE039880ED350AD0F88E20D0F8921035
S3150801149000EE102A00EE901A9FED1F1A00F090FA3E
S315080114A0039880ED310AD0F88E30D0F89220D0F822
S315080114B0961001EE903A02EE102A02EE901AB0EE5C
S315080114C0610AF0EE420AB0EE621A00F091F803984A
S315080114D090ED341A30EE410A80ED300AFFE70398A1
S315080114E0C0309FED0E0AF1EE040AFBF7F9FB0398EB
S315080114F0C4309FED0B0ADFED0B0AFBF7F1FB0398EE
S31508011500816801F13000B1F86010EFF729F808B0E9
S3150801151080BD00BF00007A4400000000000034C20C
S31508011520000034C30000344381B00090009890ED68
S31508011530310A01B07047000082B001908DF803109E
S3150801154001999DF8030081F8D80002B070470000A0
S3150801155080B582B0019000910198016B0131016358
S315080115600099FFF71DFF02B080BD000081B0009011
S31508011570009890ED300A01B07047000080B582B03E
S31508011580019001980090006805F004FE009880ED2E
S31508011590290A006805F00EFE009880ED280A006801
S315080115A005F0E8FD009880ED2A0A02B080BD00002A
S315080115B080B582B0019000910198016A01310162FA
S315080115C0FFF7AAFD02B080BD81B00090009890F89F
S315080115D0DB0001B07047000082B001908DF803105E
S315080115E001999DF8030081F8DB0002B070470000FD
S315080115F080B59CB01B908DED1A0ACDED190A8DEDBB
S31508011600181ACDED171A8DED162ACDED152A1B9848
S31508011610029040F63101C3F62C51149190ED330A2C
S31508011620DFED8A0AFDF70CF98DED130A4DF20A7002
S31508011630C3F6234012909DED180A8DED030A9DED20
S315080116401A0A9DED191A21EE011A20EE000A30EE4A
S31508011650010A07F069FEF0EE400A9DED030A07F05C
S3150801166099F98DED110A00201090FFE710981328BB
S3150801167000F3DF80FFE79DED1A0A9DED191A21EEA9
S31508011680011A20EE000A30EE010A07F04DFE8DED33
S315080116900F0A9DED110A07F0D3FA8DED0E0A9DED9D
S315080116A00E0AB0EEC00A9FED6A1AB4EE410AF1EECF
S315080116B010FA01DAFFE7BCE002989DED0F0A9DEDED
S315080116C0131A20EE010A8DED0D0A90ED330A9DEDF0
S315080116D00E1A20EE010A8DED0C0A9DED0D0A9DEDFF
S315080116E00C1AB4EE410AF1EE10FA01DBFFE7A0E0AD
S315080116F09DED0D0A9DED0C1A80EE011AB7EE000A52
S315080117008DED010A30EE410A07F090FCB1EE400A70
S315080117109DED131A80EE010A8DED0B0A9DED110A56
S3150801172007F03AFD8DED0A0A9DED130A9DED0B1A98
S3150801173020EE410A07F02CFB02989DED013A8DED4A
S31508011740090A90ED321A90ED330A9DED0A5A9DED7C
S31508011750132A81EE024A20EE050A30EE040A9DEDAF
S31508011760094A33EE443A20EE030A80EE020A9DED59
S315080117700B3A21EE031A81EE021A30EE410A8DED7B
S31508011780080A9DED180A9DED081A30EE410A8DEDFD
S31508011790070A9DED070AB0EEC00A9DED121AB4EECE
S315080117A0410AF1EE10FA01DAFFE742E09DED1A0A65
S315080117B09DED191A21EE011A20EE000A30EE011AE2
S315080117C09DED180A20EE000A30EE010A07F0ACFD7D
S315080117D08DED060A9DED072A9DED060AB4EE402A0F
S315080117E0F1EE10FAB0EE401AB8BFB0EE421AB1EEF9
S315080117F0400AB4EE401AF1EE10FAC8BFB0EE410A3B
S315080118008DED050A9DED050A9DED061A80EE010A84
S3150801181007F02AF88DED040A9DED041A9DED110ACB
S3150801182030EE010A8DED110AFFE71098013010908C
S315080118301CE79DED110A9FED071A20EE010A9FED9F
S31508011840061A80EE010A1CB080BD00BF31082C3D86
S31508011850BD378635000034C3DB0F494081B000909F
S31508011860009890F89A0001B07047000082B0019084
S315080118708DF8031001999DF8030081F8D90002B08B
S315080118807047000082B001908DED000A0199009819
S31508011890C1F8AC0002B0704782B001908DF8031010
S315080118A001999DF8030081F8B00002B07047000065
S315080118B080B582B0019001980090FFF75FFE00980D
S315080118C0FFF7C2FB02B080BD82B001900199009179
S315080118D0086A896A884205D1FFE70099002081F8DC
S315080118E0390004E00099012081F83900FFE70099E1
S315080118F0486AC96A884205D1FFE70099002081F83C
S31508011900390004E00099012081F83900FFE70099C0
S31508011910086B496B884205D1FFE70099012081F8D8
S31508011920380004E00099002081F83800FFE70099A3
S31508011930086A8862486AC862086B486302B07047D9
S3150801194083B0029001918DF803208DF80230029937
S31508011950019888609DF8030008779DF8020048778A
S3150801196003B0704783B002900191029800900198E4
S31508011970006846F20041C4F20001884207D1FFE738
S31508011980009940F25820C2F20000086110E001985F
S31508011990006846F60001C4F20001884207D1FFE754
S315080119A0009940F2A420C2F200000861FFE7FFE7B0
S315080119B0009940F2D020C2F20000886103B0704756
S315080119C080B586B005908DED040ACDED030A8DED3F
S315080119D0021A9DED030ADDED040A06F0DBFF8DED23
S315080119E0010A9DED010A9FED071A20EE010A9FEDF6
S315080119F0061A80EE010A8DED010A9DED010A06B06F
S31508011A0080BD00BF00003443DB0F494081B0009020
S31508011A1000980021016241628162C16201634163EA
S31508011A2080F8381080F83910C0F8B410C0F8B8102A
S31508011A3049F67402C4F21B12C0F8C8204CF6CD420E
S31508011A40C4F27C12C0F8CC2044F2C022C4F284024B
S31508011A50C0F8D02080F8D81080F8D91080F8DA10AC
S31508011A6080F8DB1001B0704781B00090009800F54E
S31508011A70D86090ED000A01B07047000082B001906D
S31508011A808DF8031001999DF8030081F8A40602B0A8
S31508011A907047000081B00090009890F8A50601B043
S31508011AA07047000082B001908DF8031001999DF8E6
S31508011AB0030081F8A50602B07047000082B00190C4
S31508011AC08DED000A01990098C1F8AC0602B070477D
S31508011AD081B00090009800F29C6090ED000A01B078
S31508011AE07047000080B588B00790079805905C306C
S31508011AF004F080FA059800F0AFF8059800F58670AD
S31508011B0004F026F900200690FFE7069803280FDC63
S31508011B10FFE7059A06984FF48E7100FB012000F540
S31508011B200A7003F04DFDFFE7069801300690ECE7D1
S31508011B30059800F58670009004F0B8F80598BDEE92
S31508011B40C00A10EE101A40F6EC12C2F20002118019
S31508011B50FFF78AFF00989FED3E1A20EE010A9FEDD6
S31508011B603D1A80EE010A40F6E811C2F2000181ED44
S31508011B70000A04F08BF8059840F6D411C2F2000168
S31508011B8081ED000A00F50A70019004F0EFF9059855
S31508011B90B1EE400ABDEEC00A10EE101A40F6DA128E
S31508011BA0C2F20002118000F55170029004F0DEF9CC
S31508011BB00598BDEEC00A10EE101A40F6DE12C2F202
S31508011BC00002118000F58C60039004F0CFF90598A6
S31508011BD0B1EE400ABDEEC00A10EE101A40F6E21246
S31508011BE0C2F20002118000F27C50049004F0BEF9A2
S31508011BF00198BDEEC00A10EE101A40F6E612C2F2BE
S31508011C000002118004F062F801460298494240F642
S31508011C10D812C2F20002118004F058F8014603985E
S31508011C2040F6DC12C2F20002118004F04FF80146B8
S31508011C300498494240F6E012C2F20002118004F00B
S31508011C4045F840F6E411C2F20001088008B080BDEB
S31508011C5000003443DB0F494080B582B001900198FA
S31508011C60009000F2AC6191ED000A00F5D66090EDA6
S31508011C70001AB4EE410AF1EE10FA05D0FFE7009911
S31508011C80012081F8B40604E00099002081F8B40621
S31508011C90FFE70098D0F8AC16C0F8B01690F8B4066D
S31508011CA0012840F08680FFE7009800F2AC6090EDCD
S31508011CB0000AB3EE001AB4EE410AF1EE10FA1ADB85
S31508011CC0FFE7009800F2AC6090ED000ABBEE001A3F
S31508011CD030EE010A06F04AF800999FED3D1A20EE0A
S31508011CE0010ABDEEC00A10EE102AB1F8AA06801A3A
S31508011CF0A1F8AA065CE0009800F2AC6090ED000A33
S31508011D009FED2D1AB4EE410AF1EE10FA27DBFFE733
S31508011D10009800F2AC6090ED000AB3EE001AB4EE3A
S31508011D20410AF1EE10FA1ADAFFE7009800F2AC6000
S31508011D3090ED000A9FED241A30EE010A06F016F816
S31508011D4000999FED221A20EE010ABDEEC00A10EE97
S31508011D50102AB1F8AA06801AA1F8AA0627E000985F
S31508011D6000F2AC6090ED000A9FED141AB4EE410A38
S31508011D70F1EE10FA1ADCFFE7009800F2AC6090ED7C
S31508011D80000A9FED0F1A30EE010A05F0EFFF0099E0
S31508011D909FED0C1A20EE010ABDEEC00A10EE102ABC
S31508011DA0B1F8AA061044A1F8AA06FFE7FFE7FFE77C
S31508011DB000E0FFE702B080BD66667E4100007C4117
S31508011DC000007CC10000FA4266667EC10000C84276
S31508011DD00000964380B592B011901199099101F1CD
S31508011DE05C00C1F8B01005210022109205F010F927
S31508011DF00998109AB4300321049105F009F9099854
S31508011E00109900F5867003909FED840ADFED840A28
S31508011E10B7EE001A8DED071ADFED822ADFED824A49
S31508011E20CDED0E4A9FED815A8DED0F5AF0EE451A0A
S31508011E30B0EE622AB0EE453AF0EE453AB0EE454AC2
S31508011E4005F030FF0398099901F5B071029103F085
S31508011E5035FF0146039800EE101AB8EE400A8DEDDB
S31508011E60010A03F02BFF9DED012ADDED0E4A9DEDDA
S31508011E700F5A10990246029800EE102AF8EE402AE7
S31508011E809FED6B0ADFED6B0AB0EE451AF0EE451AC7
S31508011E90B0EE453AF0EE453AB0EE454A05F002FF96
S31508011EA0039845F6F801C2F20001072202230693B8
S31508011EB09FED610ADFED610ACDED080A03F0F4FF33
S31508011EC0069B9DED070ADDED080A099800F50A70DB
S31508011ED045F6D001C2F200010591012203F0E4FFA3
S31508011EE00998DDED0E4A9DED0F5A109900F51F7000
S31508011EF0B2EE040A8DED0A0ADFED510ACDED0B0AA1
S31508011F009FED502A8DED0C2ADFED4F2ACDED0D2AD6
S31508011F10B0EE451AF0EE451AB0EE453AF0EE453AFE
S31508011F20B0EE454A05F0BEFE0599069B9DED070AEA
S31508011F30DDED080A099800F551701A4603F0B4FF59
S31508011F4009989DED0A0ADDED0B0A9DED0C2ADDEDDA
S31508011F500D2ADDED0E4A9DED0F5A109900F56670B2
S31508011F60B0EE451AF0EE451AB0EE453AF0EE453AAE
S31508011F70B0EE454A05F096FE049A0599069B9DED35
S31508011F80070ADDED080A099800F58C6003F08CFF55
S31508011F9009989DED0A0ADDED0B0A9DED0C2ADDED8A
S31508011FA00D2ADDED0E4A9DED0F5A109900F2B44047
S31508011FB0B0EE451AF0EE451AB0EE453AF0EE453A5E
S31508011FC0B0EE454A05F06EFE0599069B9DED070A9A
S31508011FD0DDED080A099800F27C50042203F064FF3B
S31508011FE009989DED0A0ADDED0B0A9DED0C2ADDED3A
S31508011FF00D2ADDED0E4A9DED0F5A109900F5BA60CE
S31508012000B0EE451AF0EE451AB0EE453AF0EE453A0D
S31508012010B0EE454A05F046FE12B080BD0000A0426A
S31508012020CDCC4C3FD2537B416F12833A000000005E
S3150801203000803B45000020427B944B4200008046CD
S31508012040CDCC4C3D0000FA4400E02B4680B58CB05F
S315080120500B900B98069090F8A4060146079140B19B
S31508012060FFE70798012846D0FFE70798022860D0BE
S3150801207092E0069800F5867003900021059103F019
S315080120805BFE03989FED6D0A8DED040A05F0A8FC29
S3150801209006989DED040A00F5B07005F0A1FC0398B9
S315080120A09DED040A03F06AFF05980A90FFE70A986E
S315080120B003281BDCFFE7069800F50A7201920A98C5
S315080120C04FF48E71029100FB0120002103F034FECA
S315080120D0019A02990A9800FB01209FED580A03F01C
S315080120E007FEFFE70A9801300A90E0E70698002103
S315080120F0FFF7D8FC50E0069800F58670032103F037
S315080121001BFE00200990FFE70998032810DCFFE76A
S31508012110069A09984FF48E7100FB012000F50A70A2
S31508012120022103F009FEFFE7099801300990EBE760
S3150801213032E0069800F58670032103F0FDFD0020C4
S315080121400890FFE70898032810DCFFE7069A089825
S315080121504FF48E7100FB012000F50A70022103F08D
S31508012160EBFDFFE7089801300890EBE7069800F5C4
S31508012170D86191ED000A9FED301A30EE010A81ED22
S31508012180000A00F5867091ED000A03F0A7FD06998D
S31508012190012081F8A406FFE7069890F8A50678B30A
S315080121A0FFE7069A02F50A70B2F8A616B2F8AA2649
S315080121B0114409B203F0B4FD069A02F55170B2F85A
S315080121C0A616B2F8AA261144494209B203F0A8FD97
S315080121D0069A02F58C60B2F8A816B2F8AA26114436
S315080121E0494209B203F09CFD069A02F27C50B2F804
S315080121F0A816B2F8AA26114409B203F091FD19E00E
S31508012200069800F50A700021009103F089FD0698E9
S31508012210009900F5517003F083FD0698009900F5C1
S315080122208C6003F07DFD0698009900F27C5003F05E
S3150801223077FDFFE70CB080BD920A86BF000000005B
S3150801224080B586B0049004980190059003F0A4FF28
S3150801225001985C3003F096FF0198B43004F008FF4A
S31508012260019800F5867003F093FE019901F50A704D
S3150801227001F5D36102910390FFE70398009003F0FB
S31508012280EBF90098029A00F58E710846914203907F
S31508012290F3D1FFE7019943F2C820A1F8980640F661
S315080122A0E440A1F89A064AF20000C4F28C50C1F83B
S315080122B09C0640F6DB72CCF2C902C1F8A0260120C1
S315080122C081F8A406002081F8A50641F26F33A1F82A
S315080122D0A63641F2D923A1F8A8364FF66173A1F8BB
S315080122E0AA36C1F8AC06C1F8B00681F8B406C1F839
S315080122F0B806C1F8BC26C1F8C006A1F8C4060598F7
S3150801230006B080BD80B58AB009900998049000216D
S315080123100891079101F0CAF9012840F0D080FFE73A
S31508012320049800F69410FDF735FF022821D1FFE73E
S31508012330049841F6FF51405C68B9FFE7049800F537
S31508012340D2509FED6A0AFEF773FA049941F6FF52D5
S31508012350012088540CE0049800F5D250B1EE040A25
S31508012360FEF766FA049941F6FF5200208854FFE702
S31508012370FFE7049800F69410FDF7FCFE022821D128
S31508012380FFE7049841F6FE51405C68B9FFE70498F7
S3150801239000F5D2509FED560AFEF738FA049941F630
S315080123A0FE52012088540CE0049800F5D250BAEE8A
S315080123B0040AFEF72BFA049941F6FE5200208854C6
S315080123C0FFE7FFE7049800F69410FDF7FBFE0128E6
S315080123D00AD1FFE743F22471C2F2000141F26F20EC
S315080123E0C3F68320086019E0049800F69410FDF7F7
S315080123F0A1FE01280AD1FFE743F22471C2F20001C6
S3150801240041F26F20CBF68320086006E043F224717F
S31508012410C2F2000100200860FFE7FFE7049800F513
S31508012420D2500390FEF7FCF904988DED080A00F6E0
S315080124309410FDF729FC0499039841F65C6211444E
S31508012440019191ED001A20EE010A9DED081AB1EEEF
S31508012450002A20EE020A30EE010A8DED080AFEF77F
S31508012460CDF901988DED070A43F22471C2F20001F4
S3150801247091ED001A90ED002A9DED070A21EE021A48
S3150801248030EE410A8DED070A08A89FED1A0A8DED6F
S31508012490020ADFED190AFAF723FCDDED020A07A89D
S315080124A09FED160AFAF71CFC03989DED080AFEF73C
S315080124B0BFF903989DED070AFEF7A8F9FFE7049807
S315080124C000F5D2500090FEF7ABF900988DED060A9B
S315080124D0FEF794F98DED050A40F23821C2F20001A2
S315080124E006980860059848600AB080BD0000204239
S315080124F000002AC30000000000004042000034C367
S3150801250080B5A6B0259025981D9001F0CFF8002832
S3150801251040F00F81FFE71D9800F69410FDF7BCFB0C
S31508012520FCF7AEFB1D9841F61061084490ED001AC0
S31508012530B4EE410AF1EE10FA08DDFFE71D9800F640
S315080125409410FDF7A9FB8DED1C0A04E09FEDE40A42
S315080125508DED1C0AFFE71D989DED1C0A8DED210ADC
S3150801256000F69410FDF7A0FBFCF78AFB1D9841F6CF
S315080125701061084490ED001AB4EE410AF1EE10FA22
S3150801258008DDFFE71D9800F69410FDF78DFB8DED2C
S315080125901B0A04E09FEDD20A8DED1B0AFFE71D9881
S315080125A09DED1B0A8DED200A00F6C8301990FEF73D
S315080125B07DFA1D9919988DED220A9DED200A41F69D
S315080125C03C62114491ED001A20EE010A9DED221A92
S315080125D0B6EE002A20EE020A30EE010A8DED220A35
S315080125E09DED220AFEF76CFA1998FEF74BFA1D992A
S315080125F019988DED230A9DED210A41F6346211449D
S3150801260091ED001A20EE011A40F2B811C2F200014A
S3150801261091ED002A9DED230A21EE021A30EE410AB8
S315080126208DED230A9DED230AFEF736FA1998FEF772
S3150801263015FA01461A9120B1FFE71A9801280FD019
S3150801264050E043F23471C2F200010020087040F2F2
S31508012650B811C2F200010020C4F24000086041E04E
S3150801266043F23470C2F200000078F0B9FFE71D9812
S3150801267043F23472C2F200020121117000F6CC70E5
S31508012680179004F0C1FA17988DED180A04F0ACF901
S31508012690B0EE401A9DED180A30EE410A43F2307049
S315080126A0C2F2000080ED000AFFE71D9840F2B81259
S315080126B0C2F200024FF07E51116000F6C830169042
S315080126C0FEF7E0F9169843F23071C2F2000191ED76
S315080126D0001A30EE010A8DED240A9DED240AFEF753
S315080126E017FAFFE71D9800F69410FDF7D1FB0628A7
S315080126F012D1FFE71D9800F6C83015900221FEF7A2
S31508012700F1F91D98D0F8C80F0421FEF743FE159874
S315080127100121FEF7ABF90BE01D9800F6C8301490BD
S315080127200121FEF7DFF914980021FEF79FF9FFE76B
S3150801273084E21D9800F0BAFF012840F07E82FFE787
S315080127401D9800F08BFF1D9800F6C830FEF786F934
S315080127500146139120B1FFE7139801286FD04DE286
S315080127601D9843F22C72C2F200020021117040F248
S31508012770B812C2F2000211924FF08041116000F6C0
S31508012780C8301290FEF77EF9119912981D9A8DEDAF
S31508012790230A41F67063134493ED000A41F6546324
S315080127A01A4492ED001A20EE010A91ED002A9DEDD8
S315080127B0231A20EE020A30EE010A8DED230A9DED59
S315080127C0230AFEF769F91298FEF770F912981D990E
S315080127D08DED220A41F674620A4492ED000A41F629
S315080127E05C62114491ED002A9DED221A20EE020A3F
S315080127F030EE010A8DED220A9DED220AFEF760F9F7
S315080128001D9800F69410FDF79DFC022810D1FFE7EC
S315080128101D989DED230A9FED331A30EE010A8DEDC1
S31508012820230A00F6C8309DED230AFEF735F9FFE7BE
S315080128301D9800F6C8300121FEF754F9DEE143F28E
S315080128402C70C2F200000078F0B9FFE71D9843F238
S315080128502C72C2F200020121117000F6CC700F90A1
S3150801286004F0D2F90F988DED100A04F0BDF8B0EE18
S31508012870401A9DED100A30EE410A43F22870C2F261
S31508012880000080ED000AFFE71D9840F2B812C2F277
S3150801289000024FF07E51116000F6C8300E90FEF727
S315080128A0F1F80E9843F22871C2F2000191ED001A6F
S315080128B030EE010A8DED240A9DED240AFEF728F96A
S315080128C01D9800F69410FDF727FD012852D0FFE761
S315080128D01D9800F69410FDF72FFD01284AD003E054
S315080128E000000000000034431D9800F6C8300D9022
S315080128F0FEF7C8F81D990D988DED230A41F6706209
S315080129000A4492ED000A41F65462114491ED001A07
S3150801291020EE010A40F2B811C2F2000191ED002A37
S315080129209DED231A20EE020A30EE010A8DED230AE7
S315080129309DED230AFEF7B0F80D98FEF7B7F81D9935
S315080129400D988DED220A41F674620A4492ED000A49
S3150801295041F65C62114491ED002A9DED221A20EEA2
S31508012960020A30EE010A8DED220A9DED220AFEF7D2
S31508012970A7F8FFE71D9800F69410FDF7CDFC01288E
S3150801298043D1FFE71D9800F6CC20FEF767FF012823
S315080129903BD1FFE71D9800F6C8310C9100F6CC2013
S315080129A00A90FEF7C1FD0C988DED090AFEF7CEF8DF
S315080129B00C98B0EE401A9DED090A30EE010AFEF7B1
S315080129C0A7F80A98FEF7D2FD0C988DED0B0AFEF7CB
S315080129D0A9F80C98B0EE401A9DED0B0A30EE010AE3
S315080129E0FEF76EF80C98FEF789F80C9843F22871F1
S315080129F0C2F2000191ED001A30EE410AFEF74CF8D9
S31508012A000C980221FEF76EF8FFE71D9800F6941060
S31508012A10FDF792FC012840F0BF80FFE71D980021D1
S31508012A201F911E9100F69410FDF77CFB012822D117
S31508012A30FFE71D9800F6C8300890FEF75FF81D9964
S31508012A4008988DED1F0A41F65862114491ED000A66
S31508012A5040F2BC01C2F2000191ED002A9DED1F1A58
S31508012A6020EE020A30EE010A8DED1F0A9DED1F0ABE
S31508012A70FEF74EF87EE01D9800F69410FDF76AFB06
S31508012A80012822D1FFE71D9800F6C8300790FEF706
S31508012A9035F81D9907988DED1F0A41F658621144BC
S31508012AA091ED001A40F2BC01C2F2000191ED002A33
S31508012AB09DED1F0A21EE021A30EE410A8DED1F0A1D
S31508012AC09DED1F0AFEF724F853E01D9800F69410B1
S31508012AD0FDF780FB012821D1FFE71D9800F6C830D4
S31508012AE00690FDF7E3FF1D9906988DED1E0A01F57F
S31508012AF0F35191ED001A40F2B801C2F2000191EDCD
S31508012B00002A9DED1E0A21EE021A30EE410A8DEDCC
S31508012B101E0A9DED1E0AFDF7D3FF29E01D9800F652
S31508012B209410FDF747FB012821D1FFE71D9800F610
S31508012B30C8300590FDF7BAFF1D9905988DED1E0A57
S31508012B4001F5F35191ED000A40F2B801C2F2000114
S31508012B5091ED002A9DED1E1A20EE020A30EE010AB9
S31508012B608DED1E0A9DED1E0AFDF7AAFFFFE7FFE799
S31508012B70FFE7FFE71D9800F6C8300490FDF7BEFF92
S31508012B80049843F22871C2F2000191ED001A30EE61
S31508012B90410AFDF781FFFFE71D9800F69410FDF73E
S31508012BA0D1FA022823D1FFE71D9800F6C830019013
S31508012BB000210391FDF75AFF0198B9EE020AFDF7C4
S31508012BC07FFF1D9800F5D2500290BAEE040AFDF770
S31508012BD01DFE0298B1EE040AFDF72AFE1D99039817
S31508012BE041F6FF52885441F6FE528854FFE71D9874
S31508012BF000F6C8300121FDF775FFFFE71D9800F6BD
S31508012C009410FDF7F7FA022816D1FFE71D9800F68A
S31508012C10C830FDF723FF38B9FFE71D9800F6C8301D
S31508012C200121FDF723FF06E01D9800F6C8300021B3
S31508012C30FDF71CFFFFE7FFE7FFE7FFE71D9800F534
S31508012C40FB6003F0F7FC012801D1FFE7FFE726B097
S31508012C5080BD00000000000080B596B0159015985B
S31508012C60149000F023FD00287DD1FFE7149800F6A3
S31508012C709410FDF71DF9002867D1FFE7149841F272
S31508012C8078310844129001211391FEF7F7FE129844
S31508012C901399FEF707FF149800F69410FDF7DAFC6E
S31508012CA010EE100A06F064FD41EC100B9FEDA01B17
S31508012CB053EC112B51EC100B06F09AFDD8B9FFE72E
S31508012CC0149800F69410FDF7C5FC10EE100A06F0EC
S31508012CD04FFD41EC100B9FED981B53EC112B51EC5A
S31508012CE0100B06F08CFD30B9FFE7149941F688629E
S31508012CF00020885428E0149800F69410FDF7AAFCE1
S31508012D0010EE100A06F034FD41EC100B9FED8C1BFA
S31508012D1053EC112B51EC100B06F071FD98B9FFE736
S31508012D20149841F68861405C68B9FFE7149841F246
S31508012D30783108440221FEF7A1FE149941F688620A
S31508012D4001208854FFE7FFE70CE0149841F2783137
S31508012D50084411900121FEF791FE11980021FEF712
S31508012D60A1FEFFE78BE0149800F0A0FC012840F0D3
S31508012D708580FFE7149800F69410FDF743FA0228B8
S31508012D8051D1FFE7149841F2783101440E9100F5CB
S31508012D90AD5002F09BFF0F900028109002D50F98B6
S31508012DA0404210900E98109900EE101AB8EEC00A1B
S31508012DB08DED0D0AFEF78CFEB0EE401A9DED0D0A5B
S31508012DC0B4EE410AF1EE10FA2DDDFFE7149841F24F
S31508012DD0783101440A9141F2D871084402F076FF2C
S31508012DE00B9000280C9002D50B9840420C900A983B
S31508012DF00C9900EE101AB8EEC00A8DED090AFEF715
S31508012E0067FEB0EE401A9DED090AB4EE410AF1EEED
S31508012E1010FA08DDFFE7149841F2783108440221D7
S31508012E20FEF72CFE07E0149841F278310844012197
S31508012E30FEF724FEFFE7149800F69410FDF774FADE
S31508012E4002281AD1FFE7149841F278310844FEF7AF
S31508012E5021FE012808D1FFE7149841F27831084488
S31508012E600021FEF71FFE07E0149841F27831084465
S31508012E700121FEF717FEFFE7FFE7FFE7FFE71498D3
S31508012E8041F278310144069100F5AD5002F01EFF7A
S31508012E9007900028089002D507984042089006989E
S31508012EA0089900EE101AB8EEC00A8DED050AFEF76C
S31508012EB00FFEB0EE401A9DED050AB4EE410AF1EE99
S31508012EC010FA2BDDFFE7149841F27831014402919B
S31508012ED041F2D871084402F0F9FE039000280490E3
S31508012EE002D50398404204900298049900EE101AFC
S31508012EF0B8EEC00A8DED010AFEF7EAFDB0EE401AFA
S31508012F009DED010AB4EE410AF1EE10FA06DDFFE77E
S31508012F10149941F6F3520120885405E0149941F6B3
S31508012F20F35200208854FFE716B080BD00BF00BFEA
S31508012F309A9999999999C93F9A9999999999C9BFC4
S31508012F409A9999999999E93F80B59CB01B901B98D4
S31508012F501390002118911791169100F0A7FB0028EC
S31508012F6040F0D680FFE7139800F69410FCF76CFE44
S31508012F70FBF786FE139841F61061084490ED001A96
S31508012F80B4EE410AF1EE10FA08DDFFE7139800F6F0
S31508012F909410FCF759FE8DED120A04E09FEDD30A51
S31508012FA08DED120AFFE713989DED120A8DED1A0AA7
S31508012FB000F69410FCF750FEFBF762FE139841F6F3
S31508012FC01061084490ED001AB4EE410AF1EE10FAC8
S31508012FD008DDFFE7139800F69410FCF73DFE8DED2A
S31508012FE0110A04E09FEDC10A8DED110AFFE79DED77
S31508012FF0110A8DED190A9DED1A0A8DED0A0A9DED44
S31508013000190A20EE000AB0EE001A8DED0C1A80EEB0
S31508013010011AB7EE000A8DED0D0A30EE410A04F0E9
S31508013020AFFE1398B0EE401A9DED0A0A20EE010A8A
S315080130308DED0B0A00F5FB600E9003F0C7FA9DEDC6
S315080130400B1A9DED0C2AB0EE403A9DED0D0A21EEC4
S31508013050031A8DED181A9DED191A8DED0F1A9DEDAE
S315080130601A1A21EE011A81EE021A30EE410A04F00B
S3150801307087FE0E98B0EE401A9DED0F0A20EE010A62
S315080130808DED100A03F0AAFA1398B0EE401A9DEDD9
S31508013090100A20EE010A8DED170A00F69410FCF7C6
S315080130A0F7FE032807D1FFE7139800F5FB60012116
S315080130B003F0C8FAFFE7139800F69410FCF7E8FE48
S315080130C0B0B9FFE7139800F5FB60022103F0BAFADD
S315080130D0139800F69410FCF7EBFE062807D1FFE7D4
S315080130E0139800F5FB60032103F0ACFAFFE7FFE74D
S315080130F0139800F69410FCF7CBFE062807D1FFE7D4
S31508013100139800F5FB60002103F09CFAFFE77BE2C8
S31508013110139800F0CBFA012840F07582FFE713985F
S3150801312000F69410FDF73EF8012806D1FFE713993A
S3150801313041F6F9520120885405E0139941F6F952EE
S3150801314000208854FFE7139800F6C830FDF786FC7F
S3150801315001460991002800F01B81FFE7099801281B
S3150801316040F0D381FFE7139843F23572C2F20002A9
S315080131700021117000F5FB6003F064FA139800F65C
S315080131809410FDF7C9F8012840F00181FFE713986B
S3150801319000F6CC20FEF762FB01460891002800F0F4
S315080131A0CD80FFE70898012840F0C980FFE713980A
S315080131B000211591149100F69410FCF7B3FF01282C
S315080131C022D1FFE7139800F6C8300790FDF7BEFC39
S315080131D0139907988DED150A41F65862114491ED38
S315080131E0000A40F2BC01C2F2000191ED002A9DEDF0
S315080131F0151A20EE020A30EE010A8DED150A9DED2B
S31508013200150AFDF7ADFC98E0139800F69410FCF743
S31508013210A1FF012822D1FFE7139800F6C8300690CE
S31508013220FDF794FC139906988DED150A41F6586237
S31508013230114491ED001A40F2BC01C2F2000191ED70
S31508013240002A9DED150A21EE021A30EE410A8DED8E
S31508013250150A9DED150AFDF783FC6DE0139800F636
S315080132609410FCF77FFF02280ED1FFE7139800F6AA
S31508013270C83005909DED150AFDF772FC05989DED80
S31508013280140AFDF759FC56E0139800F69410FCF75A
S31508013290A1FF012821D1FFE7139800F6C830049051
S315080132A0FDF740FC139904988DED140A01F5F351C5
S315080132B091ED001A40F2B801C2F2000191ED002A1F
S315080132C09DED140A21EE021A30EE410A8DED140A1B
S315080132D09DED140AFDF730FC2CE0139800F69410C6
S315080132E0FCF768FF012824D102E000BF00000000B6
S315080132F0139800F6C8300390FDF714FC1399039848
S315080133008DED140A01F5F35191ED000A40F2B80169
S31508013310C2F2000191ED002A9DED141A20EE020A6F
S3150801332030EE010A8DED140A9DED140AFDF704FC31
S31508013330FFE7FFE7FFE7FFE7FFE700E0FFE713988F
S3150801334000F69410FCF7F8FF02281FD1FFE713983F
S3150801335000F6CC20FEF738F938B9FFE7139800F6DE
S31508013360CC200121FEF738F906E0139800F6CC20A7
S315080133700021FEF731F9FFE7139800F6CC20FEF796
S3150801338023F9139941F6F8528854FFE7FFE7BCE0A1
S3150801339043F23570C2F20000007860B9FFE713986E
S315080133A043F23572C2F200020121117000F5FB6089
S315080133B003F048F9FFE7139800F69410FCF7BCFFF1
S315080133C001280FD1FFE7139941F618624FF07E5095
S315080133D0885041F6F1520120885441F6F4520020F2
S315080133E088540EE0139941F618624FF080408850D0
S315080133F041F6F1520020885441F6F45201208854CE
S31508013400FFE7139800F69410FCF78CFE012812D1F9
S31508013410FFE7139800F5FB6003F0D8F81398B1EEAF
S31508013420400A41F61861084490ED001A80EE010A37
S315080134308DED180AFFE7139800F69410FCF78AFE3B
S31508013440012810D1FFE7139800F5FB6003F0BEF8D9
S31508013450139841F61861084490ED001A80EE010AA6
S315080134608DED180AFFE7139800F69410FCF7B2FEE3
S31508013470012810D1FFE7139800F5FB6003F0AEF8B9
S31508013480139841F61861084490ED001A80EE010A76
S315080134908DED170AFFE7139800F69410FCF78AFEDC
S315080134A0012812D1FFE7139800F5FB6003F096F89F
S315080134B01398B1EE400A41F61861084490ED001AD6
S315080134C080EE010A8DED170AFFE7139800F69410AE
S315080134D0FCF748FE022817D1FFE7139800F5FB60B1
S315080134E003F0A8F8012807D1FFE7139800F5FB6058
S315080134F0022103F0A7F806E0139800F5FB60012105
S3150801350003F0A0F8FFE7FFE7FFE7139800F694102A
S31508013510FCF738FE02281BD1FFE7139841F6F6514E
S31508013520405C30B9FFE7139941F6F65201208854F9
S3150801353005E0139941F6F65200208854FFE71399DE
S3150801354001F6CC2041F6F652895CFDF7F5FFFFE757
S31508013550139800F69410FCF745FE022852D1FFE7AE
S31508013560139841F6F651405C0146029120B1FFE7F6
S315080135700298012814D03CE0139841F6F751405CB3
S31508013580012806D0FFE7139941F6F752012088541E
S3150801359005E0139941F6F75200208854FFE728E021
S315080135A0139841F6F751405C30B9FFE7139941F694
S315080135B0F752012088541BE0139841F6F751405CF5
S315080135C0012806D1FFE7139941F6F75202208854DC
S315080135D00DE0139841F6F751405C022806D1FFE742
S315080135E0139941F6F75200208854FFE7FFE7FFE7F2
S315080135F0FFE7139901F6CC2041F6F752895CFEF7ED
S3150801360035F9FFE7FFE7FFE7139800F5FB6001903F
S315080136109DED180A02F0FAFF01989DED170A02F0CE
S31508013620FFFF01989DED160A02F0C6FF1CB080BD8A
S3150801363080B582B001900198009000F03FF800989B
S31508013640FFF782FC0098FEF75BFF0098FFF704FB83
S315080136500098FEF757FE02B080BD000080B584B021
S3150801366003900398029000F694100190FCF7FCFA77
S3150801367001980299B1EE400A41F67062114481ED52
S31508013680000AFCF7F9FA01980299B1EE400A41F6E7
S315080136907462114481ED000AFCF7F6FA029841F6C4
S315080136A07861084480ED000A04B080BD81B00090BD
S315080136B0009841F68961405C01B0704780B582B0D7
S315080136C001900198009000F69410FCF7BDFAB5EE4A
S315080136D0400AF1EE10FA21D1FFE7009800F694109E
S315080136E0FCF7BAFAB5EE400AF1EE10FA16D1FFE781
S315080136F0009800F69410FCF7CFFAB5EE400AF1EE01
S3150801370010FA0BD1FFE7009800F69410FCF7CCFAF3
S31508013710B5EE400AF1EE10FA06D0FFE7009941F638
S3150801372089620020885497E0009800F69410FCF707
S315080137309BFAB5EE400AF1EE10FA40F08680FFE7F3
S31508013740009800F69410FCF797FAB5EE400AF1EEE8
S3150801375010FA7AD1FFE7009800F69410FCF794FA6C
S31508013760B5EE400AF1EE10FA6FD1FFE7009800F6C0
S315080137709410FCF7D7FC002867D1FFE7009800F6FC
S315080137809410FCF7E7FC00285FD1FFE7009800F6E4
S315080137909410FCF71FFD002857D1FFE7009800F6A3
S315080137A09410FCF707FD00284FD1FFE7009800F6B3
S315080137B09410FCF7C1FD002847D1FFE7009800F6F1
S315080137C09410FCF7B1FD00283FD1FFE7009800F6F9
S315080137D09410FCF7DFFCC0BBFFE7009800F69410D5
S315080137E0FCF7C0FC88BBFFE7009800F69410FCF7CD
S315080137F0D9FC50BBFFE7009800F69410FCF7BAFC19
S3150801380018BBFFE7009800F69410FCF7BBFCE0B97B
S31508013810FFE7009800F69410FCF7ECFCA8B9FFE75F
S31508013820009800F69410FCF78DFC70B9FFE7009834
S3150801383000F69410FCF7C6FC38B9FFE7009800F6C5
S315080138409410FCF777FC30B1FFE7009941F68962DD
S3150801385001208854FFE7FFE702B080BD81B00090E0
S31508013860009841F68661405C01B0704782B00190CC
S315080138708DF8031001999DF8030041F68662885474
S3150801388002B0704781B00090009841F68561405CAE
S3150801389001B0704782B001908DF8031001999DF827
S315080138A0030041F68562885402B0704710B594B09A
S315080138B00FA90891139013980A9000210B91119161
S315080138C01091ADF83A10ADF83810ADF8361000F68B
S315080138D0CC20FDF7C3FF01460A9841F6F55201923D
S315080138E0815400F5FB60049002F080FE0498089963
S315080138F081ED020A02F082FE0A98089981ED010A11
S3150801390000F6C831009141F21421084403F058FA2F
S315080139100498089981ED000A02F08CFE0146009888
S315080139208DF83510FDF79AF80A9B0899DDF804E039
S315080139300246049841F6F25C03F80C2041F6F95266
S315080139409A5CD20113F80EE042EA8E1241F6F45E51
S3150801395013F80EE042EA4E1241F6F35E13F80EE052
S3150801396042EA0E1213F80CC042EACC0241F6F05CA8
S3150801397013F80C3042EA83029DF835301A438DF864
S315080139804B2091ED020A8DED030A02F01FFE049801
S31508013990B0EE401A9FED3B0A8DED050A30EE410A5D
S315080139A08DED020A02F012FEDDED020A0B98B0EE69
S315080139B0401A9DED030A47F6FF710991F9F72EFBA7
S315080139C0089902460498ADF83A2040F29C23C2F2BF
S315080139D000030C93BDF83A201A8091ED010A8DED8A
S315080139E0070A02F0FBFD0498B0EE401A9DED050AA0
S315080139F030EE410A8DED060A02F0F0FDDDED060A0C
S31508013A000B980999B0EE401A9DED070AF9F706FBDE
S31508013A10089A0999DDF830C0DDF828E003460B98C5
S31508013A20ADF83830BDF83830ACF8023041F6F85305
S31508013A301EF80330DB0041F6F7541EF8044043EA4A
S31508013A40440341F6F6541EF804E043EA0E038DF8E2
S31508013A504A309DF84A308CF8043092ED000ADFEDC1
S31508013A600A0A9FED0A1AF9F7D9FA0C99ADF8360040
S31508013A70BDF83600A1F805009DF84B00C87114B0D1
S31508013A8010BD00BF00000080000048C20000484287
S31508013A9080B584B003900398019000F6C83002906F
S31508013AA0FDF768F8019841F278310844FEF71AF8EB
S31508013AB00298FCF7D3FF012807D1FFE7019800F622
S31508013AC0CC200121FDF7E8FE06E0019800F6CC209E
S31508013AD00021FDF7E1FEFFE7019800F6CC210091F0
S31508013AE000F6CC7003F090F80098FDF7CBFE00982D
S31508013AF0FDF7DEFE0198FFF7D9FE04B080BD000090
S31508013B0080B584B003900398019043F23770C2F2EE
S31508013B1000000178013101700078322863D1FFE78E
S31508013B2043F23670C2F20000017801310170007863
S31508013B3049F69912C1F699124CF6CD41CCF6CC410B
S31508013B4000FB0120B0F1333F14D2FFE7019800F0E2
S31508013B50FBF8019800F69410FCF75EFC019800F654
S31508013B604420FCF7D7FD43F23671C2F2000100206A
S31508013B700870FFE7019800F6C831009141F2142157
S31508013B80084401F0DFFE019800F6CC7002F036FC1D
S31508013B90009803F067FD019841F28441084402F058
S31508013BA057F900200290FFE7029803280FDCFFE788
S31508013BB0019A02984FF48E7100FB012000F5AD5071
S31508013BC002F046F9FFE7029801300290ECE7019806
S31508013BD000F6CC20FDF778FE43F23771C2F20001F8
S31508013BE000200870FFE704B080BD000080B584B0EE
S31508013BF003900398019041F69C51084403F000FA9A
S31508013C000146029120B1FFE70298012810D029E068
S31508013C1046F20840C2F20000406C40B1FFE7019845
S31508013C2041F69C510844012103F0D0F9FFE719E058
S31508013C3046F20840C2F200000090F2F733FC009801
S31508013C4041F64861C2F20001B1F8042401F5017197
S31508013C50F2F7DEFA019841F69C510844002103F077
S31508013C60B5F9FFE704B080BD80B588B007908DED42
S31508013C70060A0799049141F6EC4008444165052175
S31508013C8001910022029203F0C3F90199029A049B59
S31508013C9041F644501844436503F0BAF9029A049868
S31508013CA041F69C510844022103F0B2F9049800F642
S31508013CB0941046F2C031C2F2000146F20842C2F23D
S31508013CC00002FCF7EFFB0498069941F61062815051
S31508013CD000F5D250FCF7B6FD049800F5FB60F1EE4D
S31508013CE0040AB2EE001AF6EE001AB0EE600A02F005
S31508013CF0B5FC049800F6C8300390FCF759FF0499FF
S31508013D0001F6CC200590C1F8C80F41F27830084475
S31508013D10C0F80811FEF75EF8059840F2D031C2F2F4
S31508013D2000015A220123FDF70BFE039A049905980F
S31508013D30C1F8CC2AC1F8D01A45F6D001C2F2000161
S31508013D40FDF710FE08B080BD82B00190019900917F
S31508013D5041F67C6008584FF4F4528958884206D1D6
S31508013D60FFE7009941F684620020885405E000992E
S31508013D7041F6846201208854FFE7009941F67C6088
S31508013D8008584FF4F452885002B0704780B582B093
S31508013D9001900198009000F03BF9009800F5FB604E
S31508013DA002F0A4FC009800F69410FCF795FC009824
S31508013DB000F64420FCF7CAFC009800F6CC20FDF773
S31508013DC025FE009800F6C830FDF702F9009841F281
S31508013DD078310844FEF734FA009800F5D250FCF71A
S31508013DE0EDFD009841F6EC41084402F0BFFD00984C
S31508013DF041F64451084402F0CDFD009841F69C5124
S31508013E00084403F035F9009841F6F052002181542F
S31508013E1041F6F152815441F6F252815441F6F35278
S31508013E20815441F6F4530122C25441F6F553C15463
S31508013E3041F6F653C15441F6F753C15441F6F853C6
S31508013E40C15441F6F953C15441F6FA53C15441F6E6
S31508013E50FB53C15441F6FC53C15441F6FD53C154B9
S31508013E6041F6FE53C15441F6FF53C1544FF4F05382
S31508013E70C15041F60463C15041F60863C15440F28A
S31508013E805823C2F2000341F60C6C40F80C3041F697
S31508013E90186C4FF0804340F80C3041F61C6C40F822
S31508013EA00C304FF4F15C4FF4C87320F80C3041F62E
S31508013EB0246C41F26F23C3F6832340F80C3041F694
S31508013EC0286C40F80C3041F62C6C4DF20A73C3F697
S31508013ED0234340F80C3041F6306C40F80C3041F67B
S31508013EE0346C46F26763C3F6667340F80C3041F6E4
S31508013EF0386C40F80C3041F63C6C43F67153C3F606
S31508013F000A7340F80C304FF4F25C40F80C3041F675
S31508013F10446C46F66323C3F61A4340F80C3041F65F
S31508013F20486C40F80C3041F64C6C40F80C3041F6C0
S31508013F30506C40F80C3041F6546C43F23333C4F2FA
S31508013F40673340F80C3041F6586C40F80C3041F6AE
S31508013F505C6E43F2333CC4F2E72C40F80EC04FF4D2
S31508013F60F35C40F80C3041F6646C49F6A633C3F6A7
S31508013F70443340F80C3041F6686C40F80C3041F691
S31508013F806C63C15241F66E63C15241F67C63C150FE
S31508013F904FF4F453C15041F68463C15441F6856325
S31508013FA0C25441F68663C25441F68763C25441F648
S31508013FB08862815441F689620221815441F68A62F6
S31508013FC0815402B080BD000082B001908DF80310C3
S31508013FD001999DF8030081F85D0002B07047000061
S31508013FE082B001908DF8031001999DF80320487D50
S31508013FF000F00F0040EA0210487502B07047000051
S3150801400081B00090009890F85D0001B070470000FB
S3150801401080B586B0049004980190059000214171FD
S31508014020052282710222C2710272C16001610175A3
S31508014030CE3002F0BBFF0198D63002F097FF019807
S31508014040EB3002F09BFF019800F20F1002F09EFF81
S31508014050019800F5B07002F0A1FF019901F2CF10A5
S3150801406001F2C97102910390FFE70398009002F0EB
S31508014070A5FF0098029A00F1330108469142039080
S31508014080F3D1FFE7059806B080BD000080B584B07E
S31508014090039002918DED010A039800900298006839
S315080140A046F20041C4F20001884207D1FFE70099B0
S315080140B040F25820C2F20000C86510E00298006874
S315080140C046F60001C4F20001884207D1FFE70099CC
S315080140D040F2A420C2F20000C865FFE7FFE7009896
S315080140E00199C0F89E1040F2D821C2F2000141663A
S315080140F008300221002202F08BFF04B080BD0000C7
S3150801410080B582B001900198009044F20001C4F292
S315080141109C614160083002F0ABFF009800210167FD
S31508014120416780F8801080F88110022280F8822089
S3150801413080F8831080F88410C0F8A410C0F8A8107D
S31508014140C0F8AC10C0F8B010C0F8B41002B080BD09
S3150801415081B00090009940F2C000C2F200000268E6
S315080141604DF68363C4F21B33A2FB0332920C8A71A8
S31508014170006844F6D352C1F26202A0FB022080090C
S31508014180886001B07047000080B584B00390029141
S315080141900398019000F0A2FE30B1FFE70199087972
S315080141A040F08000087108E0019800F01DFA0199B5
S315080141B00246087910430871FFE7019800F0ECFD03
S315080141C030B1FFE70199087940F04000087108E02D
S315080141D0019800F073F901990246087910430871AC
S315080141E0FFE70198407928B1FFE70198029900F0A5
S315080141F091FA26E0029944F69C50C3F67C2048625F
S31508014200029942F6F050CBF68930886202994FF24C
S315080142105B10CBF6EA20C862029949F67A00C4F225
S315080142201B100863029890ED0C1A9FED080A80EEA0
S31508014230010A80ED080A02990020C4F2202088614B
S31508014240FFE70198007904B080BD00BFC3F51C41A2
S3150801425080B586B0059004910598029043F23A72AA
S31508014260C2F2000203921221062300F0E5FF02982A
S31508014270039A1178537841EA032143F23873C2F25B
S3150801428000031980B3F9001000EE101AB8EEC00A3F
S3150801429040F20001C2F2000191ED001A20EE010A76
S315080142A0DDF810C08CED000A92F802C092F803E01E
S315080142B04CEA0E2CA3F800C0B3F900C000EE10CAF0
S315080142C0B8EEC00A91ED001A20EE010ADDF810C019
S315080142D08CED010A92F804C092F805E04CEA0E2C1E
S315080142E0A3F800C0B3F9003000EE103AB8EEC00AE0
S315080142F091ED001A20EE010A049981ED020A0021C6
S31508014300082300F063FF039800780F2840F09B808C
S31508014310FFE702984079002850D0FFE743F23A7345
S31508014320C2F200039878D97840EA012043F238713D
S31508014330C2F200010880B1F9000000EE100AB8EED9
S31508014340C00A40F20400C2F2000090ED002A049A65
S3150801435092ED091A20EE020A30EE410A82ED030AAD
S315080143601A7993F805C042EA0C220A80B1F90020AD
S3150801437000EE102AB8EEC00A90ED002A049A92EDD2
S315080143800A1A20EE020A30EE410A82ED040A9A79E7
S31508014390DB7942EA03220A80B1F9001000EE101A0D
S315080143A0B8EEC00A90ED002A049890ED0B1A20EE9B
S315080143B0020A30EE410A80ED050A43E043F23A73F8
S315080143C0C2F200039878D97840EA012043F238719D
S315080143D0C2F200010880B1F9000000EE100AB8EE39
S315080143E0C00A40F20400C2F2000090ED001A20EE65
S315080143F0010A049A82ED030A1A7993F805C042EA7A
S315080144000C220A80B1F9002000EE102AB8EEC00A83
S3150801441090ED001A20EE010A049A82ED040A9A79AF
S31508014420DB7942EA03220A80B1F9001000EE101A7C
S31508014430B8EEC00A90ED001A20EE010A049880ED44
S31508014440050AFFE7FFE7029843F23A72C2F2000251
S3150801445001922221022300F0EFFE0199087849789A
S31508014460C00040EA511143F23870C2F200000180DF
S31508014470B0F90000B0F5806F09DBFFE743F2387148
S31508014480C2F200010888A0F500600880FFE743F240
S315080144903870C2F20000B0F9000000EE100AB8EE5A
S315080144A0C00AB4EE001A20EE010AB3EE071A30EE7E
S315080144B0010A049880ED070A06B080BD80B58AB066
S315080144C0089008980590002103918DF81F108DF822
S315080144D01E100DF11E02049200F0E8FE05989621C1
S315080144E0069101F019F80399049A059800F0DEFE81
S315080144F00598069901F010F805981421B62200F0DE
S3150801450025FF0598502100F0BDFF0399049A0598E7
S3150801451000F0CCFE0598069900F0FEFF0399049A6F
S31508014520059800F0C3FE0598069900F0F5FF9DF879
S315080145301E000F2804D0FFE7FF208DF827004FE063
S3150801454000208DF81F00FFE79DF81F00052843DCB2
S31508014550FFE705989DF81F1001EB410340F29411FE
S31508014560C2F200010291CA18C95C527800F0EEFE47
S3150801457005989621019100F0CFFF059802999DF8BB
S315080145801F2002EB4202895C0DF11E0200F08EFE2D
S315080145900598019900F0C0FF02999DF81E009DF843
S315080145A01F2002EB42021144497888420DD0FFE7E9
S315080145B09DF81F0000EB400140F29410C2F2000082
S315080145C0084480788DF827000AE0FFE79DF81F0068
S315080145D001308DF81F00B7E700208DF82700FFE7A7
S315080145E09DF827000AB080BD80B58AB00890089862
S315080145F00590002103918DF81F108DF81E100DF1FD
S315080146001F02049200F078FE05989621069100F0A3
S3150801461083FF0399049A059800F06EFE059806999A
S3150801462000F07AFF05987E21B62200F0B1FE0598C2
S31508014630502100F027FF0399049A059800F05CFEC3
S315080146400598069900F068FF0399049A059800F001
S3150801465053FE0598069900F05FFF9DF81F001E2876
S3150801466004D0FFE7FF208DF827004FE000208DF8E2
S315080146701E00FFE79DF81E00052843DCFFE70598A5
S315080146809DF81E1001EB410340F2A611C2F200018A
S315080146900291CA18C95C527800F07AFE05989621EB
S315080146A0019100F039FF059802999DF81E2002EB49
S315080146B04202895C0DF11F0200F01EFE0598019960
S315080146C000F02AFF02999DF81F009DF81E2002EBB3
S315080146D042021144497888420DD0FFE79DF81E0031
S315080146E000EB400140F2A610C2F2000008448078AF
S315080146F08DF827000AE0FFE79DF81E0001308DF8C6
S315080147001E00B7E700208DF82700FFE79DF8270070
S315080147100AB080BD80B594B006AA02921390129190
S3150801472013980390002011901090F8F7CFFB43F2ED
S315080147304470C2F2000080ED000AFFE7F8F7C6FBF5
S3150801474043F24470C2F2000090ED001A30EE410ABD
S31508014750B2EE041AB4EE410AF1EE10FA1EDDFFE7D5
S31508014760129944F69C50C3F67C204862129942F687
S31508014770F050CBF68930886212994FF25B10CBF66E
S31508014780EA20C862129949F67A00C4F21B10086336
S3150801479012990020C4F220208861E7E29FEDE60A1B
S315080147A0FAF7CAFA1299002008631299486212990F
S315080147B088621299C862ADF81600FFE7BDF81600BF
S315080147C040F2BC11C2F200010988884280F2DE81FA
S315080147D0FFE70398122110AA0192062300F02CFD87
S315080147E09DF840009DF8411040EA0120ADF83E00D1
S315080147F0BDF93E0000EE100AB8EEC00A40F200000C
S31508014800C2F2000090ED001A20EE010A129981ED1C
S31508014810000A9DF842109DF8432041EA0221ADF8AD
S315080148203E10BDF93E1000EE101AB8EEC00A90ED22
S31508014830001A20EE010A129981ED010A9DF8441029
S315080148409DF8452041EA0221ADF83E10BDF93E101A
S3150801485000EE101AB8EEC00A90ED001A20EE010A11
S31508014860129880ED020A129890ED001A90ED012A2D
S3150801487090ED020A22EE022A21EE011A31EE021AFF
S3150801488020EE000A30EE010A04F04EFD0299039863
S31508014890019A81ED020A91ED021A129991ED0C0A1B
S315080148A030EE010A81ED0C0A0021082300F08EFC86
S315080148B09DF840000F285FD1FFE79DF842009DF85B
S315080148C0431040EA0120ADF83E00BDF93E0000EE76
S315080148D0100AB8EEC00A40F20400C2F2000090EDD8
S315080148E0001A20EE010A129981ED030A129991ED37
S315080148F0031A91ED090A30EE010A81ED090A9DF8BC
S3150801490044109DF8452041EA0221ADF83E10BDF953
S315080149103E1000EE101AB8EEC00A90ED001A20EE0D
S31508014920010A129981ED040A129991ED041A91ED81
S315080149300A0A30EE010A81ED0A0A9DF846109DF829
S31508014940472041EA0221ADF83E10BDF93E1000EEBE
S31508014950101AB8EEC00A90ED001A20EE010A129854
S3150801496080ED050A129890ED051A90ED0B0A30EEC6
S31508014970010A80ED0B0AFFE7BDF8160038BBFFE711
S31508014980089807900898069000208DF81500FFE70B
S315080149909DF81500022819DCFFE712989DF81520E5
S315080149A000EB8200C0680CA941F8220012989DF814
S315080149B0152000EB8200C06809A941F82200FFE72B
S315080149C09DF8150001308DF81500E1E764E00298BD
S315080149D090ED020A90ED011AB4EE410AF1EE10FAD1
S315080149E003DDFFE708980790FFE7029890ED020AB2
S315080149F090ED001AB4EE410AF1EE10FA03DAFFE778
S31508014A0008980690FFE700208DF81400FFE79DF847
S31508014A10140002283FDCFFE712989DF8141000EBFA
S31508014A20810090ED030A0CA800EB810090ED001AB5
S31508014A30B4EE410AF1EE10FA0ADDFFE712989DF885
S31508014A40142000EB8200C0680CA941F82200FFE798
S31508014A5012989DF8141000EB810090ED030A09A83D
S31508014A6000EB810090ED001AB4EE410AF1EE10FA5E
S31508014A700ADAFFE712989DF8142000EB8200C06855
S31508014A8009A941F82200FFE7FFE79DF81400013064
S31508014A908DF81400BBE7FFE7029890ED010A90ED47
S31508014AA0001A30EE410A45F2E450C2F2000080EDE8
S31508014AB0000A00208DF81300FFE79DF8130002286D
S31508014AC01DDCFFE79DF813100CA800EB810090EDA3
S31508014AD0000A09A800EB810090ED001A30EE410AA0
S31508014AE045F2E850C2F2000000EB810080ED000AB1
S31508014AF0FFE79DF8130001308DF81300DDE745F255
S31508014B00E450C2F2000090ED000AB6EE001AB4EEC7
S31508014B10410AF1EE10FA2DDCFFE745F2E850C2F240
S31508014B20000090ED000A9FED971AB4EE410AF1EEE6
S31508014B3010FA1FDC02E000BF0AD7A33B45F2E85092
S31508014B40C2F2000090ED010A9FED8E1AB4EE410AF9
S31508014B50F1EE10FA0EDCFFE745F2E850C2F200006A
S31508014B6090ED020A9FED871AB4EE410AF1EE10FAAA
S31508014B7001DDFFE70AE09FED840AFAF7DDF8FFE7B2
S31508014B80BDF816000130ADF8160017E640F2BC1064
S31508014B90C2F20000008800EE100AB8EE401A129818
S31508014BA090ED0C0A80EE010A80ED0C0A00208DF8C2
S31508014BB01200FFE79DF8120002281BDCFFE740F20E
S31508014BC0BC10C2F20000008800EE100AB8EE401AC6
S31508014BD012989DF8121000EB810090ED090A80EEFB
S31508014BE0010A80ED090AFFE79DF8120001308DF8E8
S31508014BF01200DFE70398222110AA022300F01CFB0A
S31508014C009DF840009DF84110C00040EA5110ADF8EA
S31508014C103E00BDF93E00B0F5806F07DBFFE7BDF842
S31508014C203E00A0F50060ADF83E00FFE7BDF93E0085
S31508014C3000EE100AB8EEC00AB4EE001A20EE010A18
S31508014C40B3EE071A30EE010A129880ED060A43F20E
S31508014C504A71C2F20001088801300880FFE745F26F
S31508014C60E450C2F2000090ED000A0120B6EE001AE7
S31508014C70B4EE410AF1EE10FA009071DCFFE71298E2
S31508014C8090ED0C0A9FED411A30EE010AB0EEC00A0A
S31508014C900120B6EE001AB4EE410AF1EE10FA0090C0
S31508014CA05EDCFFE745F2E850C2F2000090ED000A2B
S31508014CB001209FED341AB4EE410AF1EE10FA009084
S31508014CC04EDCFFE745F2E850C2F2000090ED010A1A
S31508014CD001209FED2C1AB4EE410AF1EE10FA00906C
S31508014CE03EDCFFE745F2E850C2F2000090ED020A09
S31508014CF001209FED241AB4EE410AF1EE10FA009054
S31508014D002EDCFFE7129890ED090AB0EEC00A0120E1
S31508014D109FED1F1AB4EE410AF1EE10FA00901FDC5E
S31508014D20FFE7129890ED0A0AB0EEC00A01209FED3E
S31508014D30181AB4EE410AF1EE10FA009010DCFFE7FA
S31508014D40129890ED0B0AB0EEC00A9FED111A0020D9
S31508014D50B4EE410AF1EE10FAC8BF01200090FFE750
S31508014D600098C00700287FF4E9ACFFE7129890ED98
S31508014D700C1A9FED080A80EE010A80ED080A14B0A4
S31508014D8080BD00BF9A99193E6F12033ACDCC1CC15A
S31508014D900AD7233CC3F51C4180B58AB00890089808
S31508014DA00590002102918DF81F108DF81E100DF146
S31508014DB01F02039200F07AFA05989621049100F0F1
S31508014DC0ABFB0299039A059800F070FA04990598C5
S31508014DD000F0A2FB05981421B62200F0B7FA05984F
S31508014DE05021069100F04EFB0299039A059800F0AE
S31508014DF05DFA0499059800F08FFB0299039A0598C4
S31508014E0000F054FA0499059800F086FB05983C21B0
S31508014E10012200F09BFA0598069900F033FBFFE79B
S31508014E2005983C210DF11F0200F040FA05989621DC
S31508014E3000F072FB9DF81E0001308DF81E00FFE799
S31508014E409DF81F10002089070029019008D4FFE763
S31508014E509DF81E1000200A29B8BF01200190FFE71E
S31508014E600198C0070028DBD1FFE79DF81E000A2834
S31508014E7004D1FFE740208DF827000DE09DF81F00BB
S31508014E804007002804D5FFE740208DF8270003E0F6
S31508014E9000208DF82700FFE79DF827000AB080BD9E
S31508014EA080B584B003908DF80B10039801909DF896
S31508014EB00B100268917200680068694601230B604D
S31508014EC040F20041C4F202011A46F8F7ABFD019817
S31508014ED0006890F88A0004B080BD000080B596B0DD
S31508014EE0149014980C9000210A91ADF840100F9176
S31508014EF08DF83B108DF83A100DF13B020B9200F03C
S31508014F00FBF90C9896210D9100F006FB0A990B9A6C
S31508014F100C9800F0F1F90C980D9900F0FDFA0C982F
S31508014F207E21B62200F034FA0C98502100F0AAFA34
S31508014F300A990B9A0C9800F0DFF90C980D9900F074
S31508014F40EBFA0A990B9A0C9800F0D6F90C980D9978
S31508014F5000F0E2FA9DF83B001E2804D0FFE7FF2087
S31508014F608DF857002EE100208DF83A00FFE79DF8ED
S31508014F703A00032847DCFFE70C989DF83A1001EB45
S31508014F80410349F6F441C0F601010991CA18C95C01
S31508014F90527800F0FDF90C989621089100F0BCFAB8
S31508014FA00C9809999DF83A2002EB4202895C0DF1A9
S31508014FB03B0200F0A1F90C98089900F0ADFA09999D
S31508014FC09DF83B009DF83A2002EB420211444978CC
S31508014FD088420DD0FFE79DF83A0000EB400149F6FB
S31508014FE0F440C0F60100084480788DF85700E9E0DE
S31508014FF00C98502100F046FAFFE79DF83A00013077
S315080150008DF83A00B3E700208DF83A00FFE79DF8DE
S315080150103A00012875DCFFE70C989DF83A1001EB78
S31508015020410149F6F442C0F6010207920A44117B8E
S31508015030527B00F0ADF90C989621069100F06CFAB6
S315080150400C98079A9DF83A1001EB41011144097B26
S315080150500DF13B0200F050F90C98069900F05CFA44
S31508015060079A9DF83B009DF83A1001EB410111445E
S31508015070497B88420DD0FFE79DF83A0000EB4000D6
S3150801508049F6F441C0F601010844807B8DF85700C2
S3150801509098E00C98502100F0F5F90C9812210FAA06
S315080150A0062300F0C9F89DF83C009DF83D1040EA3A
S315080150B001209DF83A1001EB410211A921F81200CD
S315080150C09DF83E009DF83F2040EA02209DF83A20CF
S315080150D002EB420201EB420250809DF840009DF826
S315080150E0412040EA02209DF83A2002EB420201EBF8
S315080150F042018880FFE79DF83A0001308DF83A00B1
S3150801510085E70C986D210491002200F041F90C986D
S315080151109621059100F000FA04990C980DF13B02CD
S3150801512000F0EAF80C98059900F0F6F99DF83B00AD
S3150801513020B1FFE704208DF8570043E00C987E2143
S31508015140B62200F025F90C98502100F09BF9BDF91B
S315080151504400BDF94A10401A40F25551884213DB02
S31508015160FFE7BDF94600BDF94C10401A40F255510A
S31508015170884209DBFFE7BDF94800BDF94E10401A20
S31508015180B0F52A7F04DAFFE780208DF8570019E089
S315080151900C98002103910DF13B02019200F0ACF845
S315080151A00C989621029100F0B7F9019A0C98039987
S315080151B000F0A2F80C98029900F0AEF903988DF860
S315080151C05700FFE79DF8570016B080BD80B586B039
S315080151D005908DF8131003928DF80B300598019000
S315080151E040F20040C4F202000121EDF70DFA0198E0
S315080151F09DF8131041F08001FFF752FEFFE79DF875
S315080152000B0078B1FFE701985521FFF749FE03998D
S3150801521008700398013003909DF80B0001388DF84A
S315080152200B00ECE740F20040C4F202000121EDF761
S31508015230EBF906B080BD000080B586B005908DF803
S31508015240131003928DF80B30059801900020C4F2D3
S3150801525002001021EDF7D8F901989DF8131041F0D5
S315080152608001FFF71DFE01989DF8131041F080019A
S31508015270FFF716FEFFE79DF80B0078B1FFE70198E7
S315080152805521FFF70DFE0399087003980130039025
S315080152909DF80B0001388DF80B00ECE70020C4F2ED
S315080152A002001021EDF7B0F906B080BD80B586B0D1
S315080152B005908DF8131003920598009040F200406E
S315080152C0C4F20200029001210191EDF79DF90098BF
S315080152D09DF8131041F08001FFF7E2FD0098552172
S315080152E0FFF7DEFD019902460298039B1A70EDF756
S315080152F08BF906B080BD000080B588B007908DF89F
S315080153001B100592079802900020C4F2020004902F
S3150801531010210391EDF778F902989DF81B1041F0D9
S315080153208001FFF7BDFD029855210191FFF7B8FDF0
S3150801533001990298FFF7B4FD039902460498059B63
S315080153401A70EDF761F908B080BD000080B586B026
S3150801535005908DF813108DF812200598019040F2EA
S315080153600040C4F20200039001210291EDF74CF9C5
S3150801537001989DF81310FFF793FD01989DF81210F7
S31508015380FFF78EFD02990398EDF73EF906B080BD49
S3150801539080B586B005908DF813108DF81220059802
S315080153A001900020C4F20200039010210291EDF74A
S315080153B02BF901989DF81310FFF772FD01989DF8D6
S315080153C01210FFF76DFD02990398EDF71DF906B066
S315080153D080BD000080B586B00490039102920498BE
S315080153E00190039820B9FFE700208DF8170045E0E2
S315080153F00398006843F20001C4F20101884207D10B
S31508015400FFE7019940F22060C2F20000086025E03A
S315080154100398006843F60001C4F20001884207D1E7
S31508015420FFE7019940F23470C2F20000086014E007
S315080154300398006843F60041C4F20001884207D187
S31508015440FFE7019940F64800C2F20000086003E050
S3150801545000208DF8170011E0FFE7FFE7FFE7019845
S31508015460FEF776FEFFE701980299FEF78DFE08B171
S31508015470FFE7F8E701208DF81700FFE79DF8170009
S3150801548006B080BD87B00690ADF8161006990020C3
S31508015490049003900290019000904EF21400CEF20F
S315080154A0000000680090BDF816008968484304901A
S315080154B04EF21800CEF2000000680390FFE74EF2A4
S315080154C01800CEF2000000680290029803998842FB
S315080154D01ED0FFE702980399884207D2FFE703988F
S315080154E00299411A01980844019008E00098029926
S315080154F0401A03990144019808440190FFE702986C
S31508015500039001980499884201D3FFE701E0FFE778
S31508015510D5E707B07047000087B00690ADF81610BA
S3150801552006990020049003900290019000904EF293
S315080155301400CEF2000000680090BDF816008979C3
S31508015540484304904EF21800CEF20000006803901A
S31508015550FFE74EF21800CEF20000006802900298AA
S31508015560039988421ED0FFE702980399884207D219
S31508015570FFE703980299411A01980844019008E047
S3150801558000980299401A0399014401980844019028
S31508015590FFE70298039001980499884201D3FFE72F
S315080155A001E0FFE7D5E707B07047000081B000903A
S315080155B000980021017141718171816001B07047C4
S315080155C080B584B003900398019090F8FC000146D9
S315080155D0029120B1FFE70298022812D031E0019822
S315080155E090ED2E1A90ED450A80EE010AB0F8C21028
S315080155F001EE101AB8EEC11A20EE010A80ED460A2C
S3150801560024E0019901F154000090B1F9101100EE5E
S31508015610101AB8EEC00A02F0D9F900980199B1F941
S31508015620E01000EE101AB8EEC00A02F07DFB0098F1
S3150801563002F0E0F9009802F06FFB019880ED460A46
S3150801564004E001990020C1F81801FFE7019800F06C
S3150801565075FC04B080BD000080B582B00190019848
S31508015660009000F095FC009802B080BD82B00190D0
S31508015670009100994FF07E5008600099002048601B
S31508015680009988600099C86002B0704781B000909F
S3150801569000984FF07E510160002141600022C4F25A
S315080156A07A428260C1600161416101B070470000C0
S315080156B081B000900098002180F8401080F84110D0
S315080156C0416401B07047000081B000900098022340
S315080156D00375002141754022827549F69A12C3F66F
S315080156E099628261017710214177042181770E221F
S315080156F0C2770B2280F820204FF0080C80F821C0D1
S315080157004FF0010C80F822C04FF0410C80F823C0FD
S315080157104FF0090C80F824C080F82530422380F820
S315080157202630C02380F82730032380F828300A233F
S3150801573080F8293080F82A2080F82B1001B07047AC
S3150801574080B586B0059005980090D0F8A80020305D
S315080157500190019804A9F8F71FFB019802300DF191
S315080157600E01F8F719FB0198043003A9F8F714FBA1
S31508015770019806300DF10A01F8F70EFB009890F82A
S31508015780BC0001282CD1FFE70099BDF81000D1F81B
S31508015790EC20801AADF81200BDF91200B1F8BE105E
S315080157A04A42C1EBD271B0EB610F07DAFFE7009904
S315080157B0D1F8F4000130C1F8F40010E00099BDF900
S315080157C01200B1F8BE10B0EB510F07DDFFE70099E3
S315080157D0D1F8F4000138C1F8F400FFE7FFE7FFE765
S315080157E00098D0F8F410B0F8BE20BDF8103001FBCF
S315080157F00231C0F8F01090ED2D1A90ED3C0AB8EE82
S31508015800C00AB0F8BE1002EE101AB8EE422A80EEAF
S31508015810020A9FED312A20EE020A80EE010A80ED86
S31508015820340A90ED2D1A90ED3C0AB8EEC00AB0F88C
S31508015830BE1002EE101AB8EE422A80EE020A30EEC7
S31508015840000A9FED262A20EE020A80EE010A80ED63
S31508015850350ABDF90E1000EE101AB8EEC00A9FED12
S31508015860201A20EE010A90ED2D1A80EE010A80ED2C
S31508015870360ABDF90E1000EE101AB8EEC00AB1EEDE
S31508015880081A20EE010A90ED2D1A80EE010A80ED24
S31508015890370ABDF90C1000EE101AB8EEC00A80EDF1
S315080158A0390ABDF90A1000EE101AB8EEC00A9FEDC2
S315080158B00D1A30EE010A80ED3A0ABDF81010C0F84B
S315080158C0EC1090F8BC0028B9FFE70099012081F88F
S315080158D0BC00FFE706B080BD0000B443DB0F4940BA
S315080158E05077D63D3393884382B001908DED000AF7
S315080158F001990098C1F8000102B0704780B582B0DD
S31508015900019000910198D0F8C4100131C0F8C41073
S31508015910FFF716FF02B080BD82B001908DED000A37
S3150801592001990098C1F8040102B0704782B001904C
S315080159308DF8031001999DF8030081F8FC0002B067
S315080159407047000080B584B0039003990291D1F89D
S31508015950C400D1F8C810884211D1FFE70298002186
S3150801596080F8CC109FED0C0A8DED010A02F038F88B
S3150801597002989DED010A543002F032F804E00299CA
S31508015980012081F8CC00FFE70299D1F8C400C1F8DB
S31508015990C80004B080BD00BF0000000080B586B015
S315080159A0059004918DF80F208DF80E308DED020AC1
S315080159B0CDED010A059800900498006846F2004169
S315080159C0C4F20001884208D1FFE7009940F2582045
S315080159D0C2F20000C1F8A80011E00498006846F672
S315080159E00001C4F20001884208D1FFE7009940F29C
S315080159F0A420C2F20000C1F8A800FFE7FFE700995A
S31508015A009DF80F0081F8AC009DF80E0081F8FC00A6
S31508015A100298C1F8B4000198C1F8B80004989DF835
S31508015A200F10F7F785F90099C1F8B00006B080BDE7
S31508015A3081B00090009991ED450ABDEEC00A10EEBD
S31508015A40100A000AD1F8B020107091ED450ABDEE92
S31508015A50C00A10EE100AD1F8B010487001B07047AC
S31508015A6082B001908DED000A01990098C1F81401E0
S31508015A7002B0704780B582B001900198009002F09B
S31508015A805DF90098543002F059F900980021C4F2E2
S31508015A901021C0F8B410002180F8BC104FF4005250
S31508015AA0A0F8BE2042F21072A0F8C020C0F8C410B7
S31508015AB0C0F8C81080F8CC10032280F8FC20C0F882
S31508015AC00011C0F80411C0F80811C0F80C11C0F88B
S31508015AD01011C0F8141102B080BD000080B586B05F
S31508015AE0059005980090D0F8A800203001900198FB
S31508015AF004A9F8F751F9019802300DF10E01F8F7EA
S31508015B004BF90198043003A9F8F746F901980630CC
S31508015B100DF10A01F8F740F9009890F8BC00012840
S31508015B202CD1FFE70099BDF81000D1F8EC20801AB6
S31508015B30ADF81200BDF91200B1F8C0104A42C1EB26
S31508015B40D271B0EB610F07DAFFE70099D1F8F400DB
S31508015B500130C1F8F40010E00099BDF91200B1F85E
S31508015B60C010B0EB510F07DDFFE70099D1F8F4003B
S31508015B700138C1F8F400FFE7FFE7FFE70098D0F81E
S31508015B80F410B0F8C020BDF8103001FB0231C0F89E
S31508015B90F01090ED2D1A90ED3C0AB8EEC00AB0F857
S31508015BA0C01002EE101AB8EE422A80EE020A30EE52
S31508015BB0000A9FED322A20EE020A80EE010A80EDE4
S31508015BC0350A90ED2D1A90ED3C0AB8EEC00AB0F8E8
S31508015BD0C01002EE101AB8EE422A80EE020A9FEDB4
S31508015BE0282A20EE020A80EE010A80ED340ABDF960
S31508015BF00E1000EE101AB8EEC00A9FED221A20EE1A
S31508015C00010A90ED2D1A80EE010A80ED360ABDF8DB
S31508015C100E10A0F8E010BDF90E1000EE101AB8EE3D
S31508015C20C00AB1EE081A20EE010A90ED2D1A80EE8F
S31508015C30010A80ED370ABDF90C1000EE101AB8EE0C
S31508015C40C00A80ED390ABDF90A1000EE101AB8EE3D
S31508015C50C00A9FED0D1A30EE010A80ED3A0ABDF829
S31508015C601010C0F8EC1090F8BC0028B9FFE70099AD
S31508015C70012081F8BC00FFE706B080BDDB0F494073
S31508015C800000B4435077D63D3393884381B00090E2
S31508015C90009890ED340A01B07047000081B0009079
S31508015CA0009890ED350A01B07047000081B0009068
S31508015CB0009890ED390A01B07047000081B0009054
S31508015CC00098B0F8C20001B07047000081B000909A
S31508015CD00098B0F9E00001B07047000082B0019069
S31508015CE08DED000A01990098C1F8080102B07047C4
S31508015CF082B001908DED000A01990098C1F814014E
S31508015D0002B0704780B582B0019000910198D0F831
S31508015D10C4100131C0F8C410FFF7E0FE02B080BD1F
S31508015D2082B00190ADF802100199BDF80200A1F800
S31508015D30100102B07047000082B001908DF803107F
S31508015D4001999DF8030081F8FC0002B07047000034
S31508015D5080B586B005900598039090F8FC00014639
S31508015D60049103286AD80499DFE801F00214263E53
S31508015D70039890ED2E1A90ED450A80EE010AB0F8C7
S31508015D80C21001EE101AB8EEC11A20EE010A80ED12
S31508015D90460A58E0039890ED2E1A90ED450A80EED2
S31508015DA0010AB0F8C21001EE101AB8EEC11A20EEB7
S31508015DB0010A80ED460A46E0039901F15400029072
S31508015DC091ED430A01F002FE0298039991ED360A14
S31508015DD001F0AAFF029801F00DFE029801F09CFF5E
S31508015DE0039880ED460A2EE0039890ED420A01F0E9
S31508015DF0EDFD039890ED350A01F096FF039801F041
S31508015E00F9FD039801F088FF039981ED430A01F131
S31508015E105400019091ED430A01F0D8FD01980399C8
S31508015E2091ED360A01F080FF019801F0E3FD019832
S31508015E3001F072FF039880ED460A04E003990020F9
S31508015E40C1F81801FFE7039800F078F806B080BD9D
S31508015E5080B584B0039003990291D1F8C400D1F8B2
S31508015E60C810884211D1FFE70298002180F8CC10AA
S31508015E709FED0C0A8DED010A01F0B2FD02989DED28
S31508015E80010A543001F0ACFD04E00299012081F8C1
S31508015E90CC00FFE70299D1F8C400C1F8C80004B0E4
S31508015EA080BD00BF0000000080B586B00590049152
S31508015EB08DF80F208DF80E308DED020ACDED010A11
S31508015EC0059800900498006846F20041C4F2000162
S31508015ED0884208D1FFE7009940F25820C2F2000033
S31508015EE0C1F8A80011E00498006846F60001C4F25A
S31508015EF00001884208D1FFE7009940F2A420C2F2C6
S31508015F000000C1F8A800FFE7FFE700999DF80F0018
S31508015F1081F8AC009DF80E0081F8FC000298C1F8E2
S31508015F20B4000198C1F8B80004989DF80F10F6F767
S31508015F30FFFE0099C1F8B00006B080BD81B000909F
S31508015F40009991ED460ABDEEC00A10EE100A000A44
S31508015F50D1F8B020107091ED460ABDEEC00A10EED8
S31508015F60100AD1F8B010487001B0704781B000909E
S31508015F70009890ED460A01B07047000082B0019082
S31508015F808DED000A01990098C1F8180102B0704711
S31508015F9080B582B001900198009001F0CFFE00987B
S31508015FA0543001F0CBFE0098002180F8BC10A0F80F
S31508015FB0BE104FF40052A0F8C0204FF48042A0F85A
S31508015FC0C220C0F8C410C0F8C81080F8CC1003224B
S31508015FD080F8FC20C0F80011C0F80411C0F80811B7
S31508015FE0C0F80C11A0F81011C0F81411C0F8181156
S31508015FF002B080BD80B584B003900398019090F8F3
S31508016000511000EBC10251680131516090F85100FD
S3150801601001460291042800F2AF800299DFE801F0F7
S31508016020032353799D000198406DFCF70FF80198F9
S31508016030406D00F58670FFF739FEF8F743FD0198C4
S31508016040406DB0F8980601EE100AB8EEC11AB4EE22
S31508016050410AF1EE10FA05DBFFE70198012100F08C
S31508016060B5FFFFE788E00198406DFBF7EFFF019860
S3150801607090F8511000EBC1004068B0F5FA7F05D3DE
S31508016080FFE70198022100F0A1FF1BE00198406D8E
S3150801609000F58670FFF70AFEF8F714FD0198406DC2
S315080160A0B0F8980601EE100AB8EEC11AB4EE410A24
S315080160B0F1EE10FA05DAFFE70198002100F086FFF4
S315080160C0FFE7FFE758E00198406D00F58670032168
S315080160D00091FFF731FE0198406D00F58670FFF7D4
S315080160E0DDFD01989FED261A30EE010A416D01F595
S315080160F0D86181ED000A416D01F5867001F5D86117
S3150801610091ED000AFFF7EAFD0198009900F05EFF9C
S3150801611032E0019890F8511000EBC10040686428FC
S315080161201AD3FFE70198416D01F5D86191ED000A8F
S315080161309FED121A30EE010A81ED000A416D01F553
S31508016140867001F5D86191ED000AFFF7C7FD019840
S31508016150042100F03BFFFFE70EE0019890F851108B
S3150801616000EBC1004068322805D3FFE701980021FA
S3150801617000F02CFFFFE7FFE704B080BDC3B8B2BE4D
S31508016180C3B8B23E80B582B001900198009000F084
S315080161906FFF009802B080BD80B582B0019001986A
S315080161A0009000F065FF009802B080BD80B586B00A
S315080161B0059005980090D0F81801203001900198B3
S315080161C004A9F7F7E9FD019802300DF10E01F7F779
S315080161D0E3FD0198043003A9F7F7DEFD01980630BF
S315080161E00DF10A01F7F7D8FD009890F8300101285A
S315080161F02CD1FFE70099BDF81000D1F86021801A6B
S31508016200ADF81200BDF91200B1F832114A42C1EBDC
S31508016210D271B0EB610F07DAFFE70099D1F868018F
S315080162200130C1F8680110E00099BDF91200B1F812
S315080162303211B0EB510F07DDFFE70099D1F868017C
S315080162400138C1F86801FFE7FFE7FFE70098D0F8D2
S315080162502821D0F86811B0F83231BDF810C001FB19
S3150801626003C11144C0F86411BDF8101000EE101AEC
S31508016270B8EE400AB0F8321101EE101AB8EE411A1A
S3150801628080EE010A9FED3A1A20EE010A90ED491AAD
S3150801629080EE010A80ED510ABDF8101000EE101AC1
S315080162A0B8EE400AB0F8321101EE101AB8EE411AEA
S315080162B080EE010A30EE000A9FED2E1A20EE010A41
S315080162C090ED491A80EE010A80ED520AFC30BDF9BB
S315080162D00E1000EE101AB8EEC00AF6F7ADFC0098DB
S315080162E090ED3F0ABDEEC00A10EE101AA0F854113F
S315080162F090ED3F0A90ED491A9FED1F2A20EE020AFA
S3150801630080EE010A80ED530A90ED3F0A90ED491A95
S31508016310B1EE082A20EE020A80EE010A80ED540A3F
S31508016320BDF90C1000EE101AB8EEC00A80ED560A37
S31508016330BDF90A1000EE101AB8EEC00A9FED0F1A41
S3150801634030EE010A80ED570ABDF81010C0F8601149
S31508016350D0F86411C0F86C1190F8300128B9FFE73C
S315080163600099012081F83001FFE706B080BD00BF22
S315080163700000B443DB0F49405077D63D3393884339
S3150801638082B001908DED000A01990098C1F8740157
S3150801639002B0704780B582B0019000910198D0F89B
S315080163A038110131C0F83811FFF700FF02B080BD7E
S315080163B081B000900098D0F8680101B070470000DC
S315080163C081B000900098D0F8640101B070470000D0
S315080163D082B001908DED000A01990098C1F8780103
S315080163E002B0704782B001908DF8031001999DF8AB
S315080163F0030081F8700102B07047000080B584B0CF
S31508016400039003990291D1F83801D1F83C118842D9
S3150801641017D1FFE70298002180F840119FED0F0A76
S315080164208DED010A01F0DCFA02989DED010A54305E
S3150801643001F0D6FA02989DED010AA83001F0D0FACA
S3150801644004E00299012081F84001FFE70299D1F899
S315080164503801C1F83C0104B080BD00BF000000004E
S3150801646080B586B0DDF820C0059004918DF80F201F
S315080164708DF80E308DED020ACDED010A05980090D2
S315080164800498006846F20041C4F20001884208D126
S31508016490FFE7009940F25820C2F20000C1F818013E
S315080164A011E00498006846F60001C4F2000188422A
S315080164B008D1FFE7009940F2A420C2F20000C1F812
S315080164C01801FFE7FFE700999DF80F0081F81C0105
S315080164D09DF80E0081F870010898C1F82801029804
S315080164E0C1F824010198C1F82C0104989DF80F10F0
S315080164F0F6F71EFC01460098C0F82011FC309FED06
S31508016500030AF6F73DFB06B080BD00BF0000000098
S3150801651081B00090009991ED620ABDEEC00A10EEB5
S31508016520100A000AD1F82021107091ED620ABDEE19
S31508016530C00A10EE100AD1F82011487001B0704750
S3150801654082B001908DED000A01990098C1F8880181
S3150801655002B0704780B582B001900198009001F0B1
S31508016560EDFB0098543001F0E9FB0098A83001F0E2
S31508016570E5FB0098002180F830114FF40052A0F88D
S31508016580322146F2A812A0F83421C0F83811C0F811
S315080165903C1180F84011052280F87021C0F8741169
S315080165A0C0F87811C0F87C11C0F88011C0F88411C0
S315080165B0C0F8881102B080BD82B001908DED000A45
S315080165C001990098C1F8AC0102B0704781B00090FA
S315080165D0009890ED550A01B07047000081B000900F
S315080165E0009890ED560A01B07047000081B00090FE
S315080165F0009890ED690A01B07047000081B00090DB
S31508016600009890ED6A0A01B07047000082B00190C7
S315080166108DED000A01990098C1F8A40102B07047EE
S3150801662082B001908DED000A01990098C1F8A80180
S3150801663002B0704781B00090009890F8A00101B0AF
S315080166407047000082B001908DF8031001999DF8FA
S31508016650030081F8A00102B07047000080B588B038
S3150801666007908DED060ACDED050A8DED041ACDEDDF
S31508016670031A079802900699C0F854110599C0F8AB
S3150801668058110499C0F85C110399C0F8601140309B
S315080166909FED120A8DED000ADFED110ACDED010A13
S315080166A0FAF7C0F99DED000ADDED010A02985C30A2
S315080166B0FAF7B8F902987830DFED0A0AB0EE600AFF
S315080166C0FAF7B0F90298943045F6D001C2F2000102
S315080166D09FED050AFDF7DAFC08B080BD0AD7233C11
S315080166E0CDCCCC3CCDCC4C3D0000000080B582B071
S315080166F00190019800904030FAF7A6F900985C30AD
S31508016700FAF7A2F900987830FAF79EF900989430CA
S31508016710FDF7F6FC00984FF07C51C0F86011002196
S31508016720C4F2C001C0F8641146F20001C4F2EA617C
S31508016730C0F868114FF08D41C0F86C110021C0F8FE
S315080167408C11C0F89011C0F89411C0F89811C0F8CE
S315080167509C1180F8A011C0F8A411C0F8A811C0F8BE
S31508016760AC11C0F8B011C0F8B411C0F8B81102B034
S3150801677080BD000080B58AB009900998079090F805
S31508016780511000EBC10251680131516090F8510076
S3150801679001460891042800F2E6800899DFE801F02D
S315080167A0033F93A7C70046F2C030C2F20000406C0F
S315080167B058B1FFE7079890F8511000EBC102002184
S315080167C05160042100F002FCFFE70798406D00F6CE
S315080167D09410F9F755FB01280BD1FFE7079890F8B4
S315080167E0511000EBC10200215160022100F0EEFBBD
S315080167F0FFE7079890F8511000EBC1004068B0F523
S315080168007A7F0BD9FFE7079890F8511000EBC10280
S3150801681000215160012100F0D9FBFFE7A3E00798A9
S31508016820406D41F27831084400210691FBF726F9BB
S3150801683006990798406D00F6C830FAF753F9069994
S315080168400798406D00F5FB60FFF7FCFE0798406D61
S3150801685000F69410F9F714FB012821D1FFE70798F0
S31508016860406D00F5FB610491FDF70CF801460498AB
S31508016870FFF7E8FE0798406D00F6C8310591FCF769
S31508016880EDFF01460598FAF72DF9079890F851108A
S3150801689000EBC10200215160022100F097FBFFE7DE
S315080168A046F2C030C2F20000406C58B1FFE70798C3
S315080168B090F8511000EBC10200215160042100F04B
S315080168C085FBFFE74FE00798406D00F69410F9F74E
S315080168D0D7FA58B9FFE7079890F8511000EBC102AB
S315080168E000215160032100F071FBFFE73BE00798A7
S315080168F0406D029000F5FB60FFF79CFE0146029889
S31508016900FCF7C8FF0798406D039000F6C830FAF700
S31508016910E1F801460398FCF7A9FF079890F851108A
S3150801692000EBC1020021516000F050FB1BE046F26A
S31508016930C030C2F200000190EFF7B4FD019841F2B0
S315080169401821C2F20001B1F8042401F50171EFF72B
S315080169505FFC079890F8511000EBC10200215160C5
S3150801696000F034FBFFE70AB080BD000080B582B0B5
S3150801697001900198009000F07BFB009802B080BD61
S3150801698080B582B001900198009000F071FB0098E3
S3150801699002B080BD80B582B001900198009000F0E8
S315080169A067FB0098002180F8521002B080BD0000F4
S315080169B080B582B0019001980090D0F88C0100F062
S315080169C05FFB009880ED8E0AD0F88C0100F0B6FBCB
S315080169D0009880ED900AD0F88C0100F0CBFB009866
S315080169E080ED8F0A02B080BD81B00090009890EDCD
S315080169F08F0A01B07047000080B58AB009900998DE
S31508016A00079090F8700101460891052800F2EA807E
S31508016A100899DFE801F00315E7B52D65079890EDAC
S31508016A204B1A90ED5E0A80EE010AB0F8341101EEB8
S31508016A30101AB8EEC11A20EE010AFFF781FDD7E058
S31508016A40079901F1A800069091ED610A00F0BEFFD1
S31508016A500698079991ED560A01F066F9069800F02D
S31508016A60C9FF069801F058F90798FFF769FDBFE0D5
S31508016A70079901F1540091ED5E0A00F0A7FF079806
S31508016A80D0F88C0100F08EFB40B9FFE7079901F1B8
S31508016A90540091ED540A01F047F90FE0079901F105
S31508016AA0540091ED900A9FED551A20EE010A9FEDCB
S31508016AB0541A80EE010A01F037F9FFE707985430B6
S31508016AC0059000F097FF059801F026F905980799B2
S31508016AD081ED610A01F020F90798FFF731FD87E09A
S31508016AE0079890ED5D0A00F071FF0798D0F88C01C0
S31508016AF000F058FB20B3FFE7079890ED8F0A01F0E5
S31508016B0013F9079800F076FF079801F005F9079938
S31508016B1081ED5E0A01F15400049091ED5E0A00F0E0
S31508016B2055FF0799049891ED900A9FED341A20EEC6
S31508016B30010A9FED331A80EE010A01F0F5F811E01A
S31508016B4007990020C1F8780101F15400039091EDED
S31508016B505E0A00F03BFF0799039891ED540A01F08C
S31508016B60E3F8FFE707985430029000F043FF0298D4
S31508016B7001F0D2F80798B1EE400AFFF7E1FC37E0D9
S31508016B80079901F5C870009091ED5D0A00F01EFFA6
S31508016B90079800F039F8009801F0C6F8009800F057
S31508016BA029FF009801F0B8F8079981ED5E0A01F509
S31508016BB0F270019091ED5E0A00F008FF01980799BD
S31508016BC091ED540AB1EE400A01F0AEF8019800F0D1
S31508016BD011FF019801F0A0F80798B1EE400AFFF7F6
S31508016BE0AFFC05E007989FED070AFFF7A9FCFFE749
S31508016BF00798FFF78DFC0AB080BD00BF000034433B
S31508016C00DB0F49400000000081B00090009890ED2C
S31508016C10910A01B07047000080B586B005900598C5
S31508016C2001904FF61241C3F689710491FFF7C8FB2B
S31508016C3000EE100AB8EEC00A9FED3D1A80EE010A71
S31508016C4030EE000A9FED3B1A20EE010AB0EE001A5B
S31508016C5080EE010A8DED030A9DED030ADFED360A82
S31508016C6002F08CF90198B0EEC00A8DED020AFFF721
S31508016C709FFBB0F1FF3F09DCFFE79DED021A9FED8F
S31508016C802E0A30EE410A8DED020AFFE79DED020A52
S31508016C909FED281AB4EE410AF1EE10FA09DDFFE775
S31508016CA09DED020A9FED251A30EE010A8DED020AC5
S31508016CB0FFE79DED020A9FED221A30EE010A8DEDDE
S31508016CC0020AFFE79DED020A9FED1A1AB4EE410A80
S31508016CD0F1EE10FA09DDFFE79DED020A9FED171A9D
S31508016CE030EE010A8DED020AECE7FFE79DED020A97
S31508016CF09FED141AB4EE410AF1EE10FA09DAFFE72C
S31508016D009DED020A9FED0C1A30EE010A8DED020A7D
S31508016D10ECE701989DED020A9FED061A80EE010A3D
S31508016D209FED091A20EE010A80ED910A06B080BD91
S31508016D3000F8FF45DB0F4940DB0FC940DB0FC9C02F
S31508016D4012FC89BFDB0F49C0000034C380B582B08D
S31508016D50019001980090FFF7FDFB009800F5C870B7
S31508016D6000F0ECFF009800F5F27000F0E7FF0098DC
S31508016D700021C0F83812C0F83C12C0F84012C0F819
S31508016D80441202B080BD000080B582B0019001981E
S31508016D900090D0F8180100F0D9F9009880ED480A5A
S31508016DA0D0F8180100F0EEF9009880ED4A0AD0F8FB
S31508016DB0180100F0EFF9009880ED490A02B080BD8C
S31508016DC081B00090009890ED490A01B07047000023
S31508016DD080B588B007900798059090F8FC000146A1
S31508016DE0069140B1FFE7069804280AD0FFE70698FE
S31508016DF005283ED095E0059890ED410AFEF730FE4C
S31508016E0095E0059901F1540091ED410A00F0DEFD86
S31508016E100598D0F8180100F0C5F940B9FFE70599BA
S31508016E2001F1540091ED370A00F07EFF0FE0059954
S31508016E3001F1540091ED4A0A9FED3F1A20EE010A2D
S31508016E409FED3E1A80EE010A00F06EFFFFE70598F6
S31508016E505430049000F0CEFD049800F05DFF0498CC
S31508016E60059981ED440A00F057FF0598FEF7F8FDEC
S31508016E705DE0059890ED400A00F0A8FD0598D0F868
S31508016E80180100F08FF920B3FFE7059890ED490A3C
S31508016E9000F04AFF059800F0ADFD059800F03CFFAB
S31508016EA0059981ED410A01F15400039091ED410ADA
S31508016EB000F08CFD0599039891ED4A0A9FED1E1A7B
S31508016EC020EE010A9FED1D1A80EE010A00F02CFF43
S31508016ED011E005990020C1F8040101F1540002905E
S31508016EE091ED410A00F072FD0599029891ED370A74
S31508016EF000F01AFFFFE705985430019000F07AFD7B
S31508016F00019800F009FF0198059981ED440A00F0FE
S31508016F1003FF059890ED471A30EE010AFEF7A0FD2A
S31508016F2005E005989FED060AFEF79AFDFFE7059825
S31508016F30FEF77EFD08B080BD00003443DB0F4940F3
S31508016F400000000080B582B0019001980090FEF71C
S31508016F5091FD00980021C0F81C11C0F82011C0F855
S31508016F602411C0F8281102B080BD000081B000903C
S31508016F70009840F20111018001B0704781B000907C
S31508016F8000984FF48171018001B0704781B000907B
S31508016F90009840F20311018001B0704781B000905A
S31508016FA000984FF48271018001B0704781B000905A
S31508016FB000984FF48071018001B0704781B000904C
S31508016FC000984FF48871018001B0704782B0019032
S31508016FD08DF80310019991F85120002001F832002B
S31508016FE091F8512001EBC20250609DF8032001205F
S31508016FF001F832009DF8030081F8510002B070478C
S3150801700081B00090009890F8510001B070470000D7
S3150801701084B003908DF80B108DF80A20039900911E
S315080170209DF80B0081F850009DF80A0081F851007F
S3150801703000200190FFE70099019891F850108842C5
S315080170400EDAFFE70099019A002001F83200019A49
S3150801705001EBC2014860FFE7019801300190EAE7B8
S3150801706000999DF80A20012001F8320004B0704702
S3150801707081B000900098002180F8511001B0704746
S3150801708081B00090009890ED4C0A9FED051A80EEAC
S31508017090010A9FED041A20EE010A01B0704700BFEC
S315080170A000003443DB0F494084B0039002918DF808
S315080170B00720ADF80430BDF8040002990968C96AC9
S315080170C0884206D9FFE702980068C06AADF804004D
S315080170D0FFE7BDF80400B0F1FF3F04DCFFE700203D
S315080170E0ADF80400FFE79DF80700014600910C285A
S315080170F021D80099DFE801F0071F1F1F0D1F1F1F69
S31508017100131F1F1F1900BDF8040002990968486377
S3150801711011E0BDF804000299096888630BE0BDF81F
S31508017120040002990968C86305E0BDF804000299DC
S3150801713009680864FFE704B07047000081B0009051
S31508017140009890ED340A01B07047000081B00090B4
S31508017150009890ED4A0A9FED051A80EE010A9FED07
S31508017160041A20EE010A01B0704700BF000034433B
S31508017170DB0F494081B00090009890ED4C0A01B0B0
S315080171807047000081B00090009890ED330A01B075
S315080171907047000081B00090009890ED4A0A01B04E
S315080171A07047000081B00090009890F8B40001B0D3
S315080171B07047000081B00090009890ED4B0A01B02D
S315080171C07047000084B003900291019200930098E1
S315080171D090ED004A90ED010A90ED026A90ED035A8E
S315080171E026EE062AB6EE001A31EE422A25EE053AB1
S315080171F032EE432A029824EE057A20EE063A33EE59
S31508017200477AD0ED000AD0ED011A90ED023A27EE41
S31508017210217A22EE202A32EE072A24EE064A20EEA9
S31508017220050A30EE040A20EE030A30EE020A30EEB1
S31508017230000A019880ED000A009890ED004A90ED49
S31508017240016A90ED022A90ED035A24EE053A26EEDC
S31508017250020A30EE030A029826EE063A31EE433A5E
S3150801726025EE057A33EE477AD0ED000AD0ED011AFC
S3150801727090ED023A27EE217A20EE200A30EE070A2F
S3150801728024EE064A22EE052A32EE442A22EE032A83
S3150801729030EE020A30EE000A019880ED010A0098E4
S315080172A090ED002A90ED014A90ED023A90ED030A1D
S315080172B022EE036A24EE005A35EE465A029822EE69
S315080172C0042A23EE000A30EE020A90ED006A90EDD8
S315080172D0017A90ED022A20EE070A25EE065A30EECB
S315080172E0050A24EE044A31EE441A23EE033A31EE36
S315080172F0431A21EE021A30EE010A30EE000A01980D
S3150801730080ED020A04B0704784B00390029101929D
S315080173100093009890ED004A90ED012A90ED026ADB
S3150801732090ED035A26EE060AB6EE001A31EE400A29
S3150801733025EE053A30EE437A029824EE053A22EE16
S31508017340060A30EE030AD0ED000AD0ED011A90EDD7
S31508017350023A20EE210A27EE207A30EE070A24EEB9
S31508017360064A22EE052A32EE442A22EE032A30EE96
S31508017370020A30EE000A019880ED000A009890EDA5
S31508017380004A90ED016A90ED020A90ED035A24EE47
S31508017390053A26EE002A32EE432A029826EE063AE6
S315080173A031EE433A25EE057A33EE477AD0ED000AF7
S315080173B0D0ED011A90ED023A27EE217A22EE202A23
S315080173C032EE072A24EE064A20EE050A30EE040AB2
S315080173D020EE030A30EE020A30EE000A019880ED2B
S315080173E0010A009890ED005A90ED014A90ED023A93
S315080173F090ED032A25EE036A24EE020A30EE060A08
S31508017400029825EE045A23EE022A32EE455A90EDE9
S31508017410006A90ED017A90ED022A25EE075A20EED0
S31508017420060A30EE050A24EE044A31EE441A23EE22
S31508017430033A31EE431A21EE021A30EE010A30EE12
S31508017440000A019880ED020A04B0704780B586B03B
S3150801745005900598019043F24872C2F2000211782C
S315080174600131117000F57C70F5F7C0FB019981EDCA
S31508017470FA0A91EDFA1A91EDFB0A30EE010A81ED4D
S31508017480FB0A01F1280001F54671FCF7E1FE0198B6
S31508017490D0F81813C0F8D410D0F81C13C0F8D810B7
S315080174A0D0F82013C0F8DC10D0F82413C0F8C8109F
S315080174B0D0F82813C0F8CC10D0F82C13C0F8D01087
S315080174C090ED320AD0ED330A90ED341AD0ED351A23
S315080174D090ED362AD0ED372A90EDFA3A00F59C70F0
S315080174E0F6F706FD0198D0F88812D0F88C22D0F864
S315080174F09032D0F894C2C0F8C4C0C0F8C030C0F801
S31508017500BC20034643F8B81F029300F5647100F1E5
S31508017510FC02FFF757FE0198029B00F5677100F51B
S315080175208472FFF74FFE0198029B00F56A7100F518
S315080175308A72FFF747FE0198029B00F5777146F2BA
S31508017540A442C2F20002FFF7DFFE00208DF8130005
S31508017550FFE79DF8130002282CDCFFE701999DF847
S31508017560133001EB830046F2A442C2F2000202EB99
S31508017570830292ED002A90ED350A90ED381A30EE25
S31508017580420A91ED3E3A91EDFA2A20EE020A33EECD
S31508017590022A80EE020A21EE031A81EE021A30EE61
S315080175A0010A80ED380AFFE79DF8130001308DF8CE
S315080175B01300CEE7019800F1B80300F1E00100F1EC
S315080175C0EC02FFF7FFFD019800F01CF943F2487041
S315080175D0C2F2000000784BF65001C0F21E5145F682
S315080175E02942CCF28F2200FB02104FEA7000884232
S315080175F02BD8FFE7019901F16000009091EDCD0AC2
S3150801760000F092FB00989FED140A00F0DFF900984C
S3150801761000F0F0F9009800F07FFB8DED030A03A84E
S315080176209FED0E0ADFED0E0AF5F75AFB01989DED5F
S31508017630030ABDEEC00A10EE103A46F25821C2F20C
S3150801764000010022FFF730FDFFE70199012081F8CB
S31508017650F80306B080BD00BF0000484200000000E4
S3150801766000FF7F4710B582B001900198009090F80D
S31508017670F803002861D0FFE7009890EDC61A90ED4F
S31508017680D30AB4EE410AF1EE10FA1BD1FFE70098CE
S3150801769090EDC71A90EDD40AB4EE410AF1EE10FA4C
S315080176A010D1FFE7009890EDC81A90EDD50AB4EE0F
S315080176B0410AF1EE10FA05D1FFE70099002081F899
S315080176C0B40004E00099012081F8B400FFE70099AD
S315080176D0D1F81803D1F81C23D1F82033D1F824C3E3
S315080176E0D1F828E3D1F82C43C1F86043C1F85CE32B
S315080176F0C1F858C3C1F85433C1F85023C1F84C0333
S31508017700D1F83003D1F83423D1F83833D1F83CC352
S31508017710D1F840E3D1F84443C1F87843C1F874E39A
S31508017720C1F870C3C1F86C33C1F86823C1F86403A2
S31508017730D1F84803C1F87C03FFE702B010BD000089
S3150801774080B586B005900599019101F1280001F5EA
S31508017750467246F2B811C2F20001FDF73BFE6420FB
S31508017760EAF732FD019800F56D71FDF77FFF019883
S3150801777000F59C70B2EE040ADFED1C0ACDED020A93
S315080177809FED1B1AF7EE001A9FED1A2A8DED032AB3
S31508017790F6F71CFA0198DDED024A9DED035A44F20B
S315080177A09631C3F60B41C0F8F81060309FED120A06
S315080177B0DFED120ADFED122A00210491B0EE451A17
S315080177C0F0EE451AB0EE622AB0EE453AF0EE453AC9
S315080177D0B0EE454A00F066FA049946F25820C2F21C
S315080177E00000EEF73DFB06B080BD00BF6F12833A7D
S315080177F08096184B0000000000007A440000FA4405
S315080178000000804F80B584B0039003980190D0F8AA
S31508017810E012C0F83011D0F8DC12C0F82C11D0F8FB
S31508017820D812C0F82811D0F8E412C0F8341190ED36
S31508017830ED1A90EDEE2A90EDEF3A90EDF00A22EE70
S31508017840033A21EE000A30EE030A30EE000A22EE70
S31508017850022A21EE011A31EE021A31EE011ABFEEA1
S31508017860002A8DED002A71EE020A01F093F80198BB
S3150801787080EDF10A90EDED0A90EDEE1A90EDEF3AF2
S3150801788090EDF02A20EE030A21EE021A30EE410AA3
S3150801789030EE000A00F0E8FF9DED002A019880ED20
S315080178A0F20A90EDED1A90EDEE0A90EDEF4A90EDA1
S315080178B0F03A24EE034A21EE000A30EE040A30EECD
S315080178C0000A23EE033A21EE011A31EE031A31EECC
S315080178D0011A71EE020A01F05DF8019880EDF30ACA
S315080178E000200290FFE70298022815DCFFE70198BD
S315080178F0029900EB810090EDF10A9FED081A20EE3E
S31508017900010A9FED071A80EE010A80EDF40AFFE7E6
S31508017910029801300290E6E704B080BD00003443C6
S31508017920DA0F494080B582B0019001980090FDF7C1
S31508017930ADFE00982830FDF739FE00983430FDF782
S31508017940C3FE0098603000F0F9F900984FF07E52B6
S31508017950C0F890230021C0F89413C0F89813C0F812
S315080179609C13C0F8A023C0F8A413C0F8A813C0F844
S31508017970AC13C0F8B023C0F8B413C0F8B813C0F8F4
S31508017980BC13C0F8C013C0F8C413C0F8C813C0F8B4
S31508017990CC13C0F8D013C0F8D413C0F8D813C0F864
S315080179A0DC13C0F8E0134FF2C352C4F21C12C0F83C
S315080179B0E42380F8F41380F8F51380F8F61380F8B9
S315080179C0F71380F8F81302B080BD000082B0019069
S315080179D08DED000A01990098886402B0704700008D
S315080179E082B001908DED000A01990098086502B0F0
S315080179F07047000080B58AB0099009980190002166
S31508017A00089107910691059190ED120A90ED131AC6
S31508017A1030EE410A8DED040A9DED040AF7F730F9B7
S31508017A2001988DED030A9DED030A90ED011AB4EE56
S31508017A30410AF1EE10FA07DAFFE70199C86C886482
S31508017A40002004900390FFE7019890ED090A9DED47
S31508017A50041A20EE010A8DED080A90ED0F0AB5EE1B
S31508017A60400AF1EE10FA0DD1FFE7019890ED100AE0
S31508017A70B5EE400AF1EE10FA04D1FFE74FF07E5059
S31508017A80029044E001989DED030A90ED0F1AB4EEB9
S31508017A90410AF1EE10FA04DCFFE74FF07E5002903E
S31508017AA026E0019890ED0F0A9DED031AB4EE410AFE
S31508017AB0F1EE10FA1BDAFFE701989DED030A90ED46
S31508017AC0101AB4EE410AF1EE10FA10DAFFE701983E
S31508017AD090ED0F2A90ED101A9DED030A31EE400A3A
S31508017AE031EE421A80EE010A8DED020AFFE7FFE741
S31508017AF001989DED030A90ED101AB4EE410AF1EED4
S31508017B0010FA03DBFFE700200290FFE7FFE7019881
S31508017B1090ED0D0AB5EE400AF1EE10FA10D0FFE726
S31508017B20019901F1500091ED0A2A91ED0D1AB1EE74
S31508017B30410A80EE020AC1EE020AF5F7D1F8FFE71B
S31508017B40019890ED110AB5EE400AF1EE10FA1AD134
S31508017B50FFE701989DED020A90ED002A90ED141AAF
S31508017B6020EE020A9DED042A20EE020A30EE010AF1
S31508017B7080ED140A90ED0A0A90ED141A20EE010A16
S31508017B808DED070A2AE001989DED030A90ED111A79
S31508017B90B4EE410AF1EE10FA1ADAFFE701989DED03
S31508017BA0020A90ED002A90ED141A20EE020A9DEDC4
S31508017BB0042A20EE020A30EE010A80ED140A90ED3D
S31508017BC00A0A90ED141A20EE010A8DED070A04E05F
S31508017BD00199002008650790FFE7FFE701980799D3
S31508017BE00162007A90B9FFE7019890ED001A90EDCD
S31508017BF0063A90ED0B0A9DED042A32EE432A20EE51
S31508017C00020A80EE010A8DED060A11E0019890ED4F
S31508017C10001A90ED053A90ED072A90ED0B0A32EE1F
S31508017C20432A20EE020A80EE010A8DED060AFFE7D5
S31508017C30019890ED042A90ED0C1A90ED120A30EE97
S31508017C40420A20EE010A8DED050A9DED080A9DED11
S31508017C50071A30EE010A9DED061A30EE010A9DED6E
S31508017C60051A30EE010A80ED070A90ED0E0AB5EE07
S31508017C70400AF1EE10FA0AD0FFE7019901F11C005A
S31508017C80D1ED0E0AB1EE600AF5F72AF8FFE7019978
S31508017C90C86CC860886C0861C869486104988861BD
S31508017CA00AB080BD8EB002AA0092024600980D92D3
S31508017CB080ED0A0AC0ED090A80ED081AC0ED071A17
S31508017CC080ED062AC0ED052A80ED043AC0ED033A97
S31508017CD080ED024AC0ED014A80ED005A8DF8071081
S31508017CE00D990C9848620B9888620A98C862099897
S31508017CF00863089848630798886303980860029898
S31508017D0048600698C86305980864049848649DF80D
S31508017D10070008720EB0704781B00090009890ED88
S31508017D20070A01B07047000082B001908DED000A84
S31508017D3001990098C86402B07047000081B00090AC
S31508017D4000980021C160016141618161C1610162DF
S31508017D5041628162C162016341638163C1630164F6
S31508017D6041648164C164016501B0704781B08DEDDC
S31508017D70000A9DED000AB0EEC00A01B07047000086
S31508017D8080B582B08DED010A9DED010A01F0CCFAAC
S31508017D9002B080BD80B5804704A000F077F900F0F5
S31508017DA0B5F80CA000F072F900F0AAF87465726DC6
S31508017DB0696E6174655F68616E646C657220756E63
S31508017DC065787065637465646C792072657475721B
S31508017DD06E6564007465726D696E6174655F68616C
S31508017DE06E646C657220756E65787065637465641A
S31508017DF06C7920746872657720616E206578636591
S31508017E007074696F6E00000040F2C010C2F2000083
S31508017E100068704710B500F0A5F808B104681CB9E8
S31508017E20FFF7F2FFFFF7B6FF04F12800F8F7A2FC07
S31508017E300028F5D06069FFF7ADFF00F061F8000092
S31508017E4081B08DF803009DF9030000280ED4FFE7E1
S31508017E509DF9031001F01F02012090404A094EF2D4
S31508017E600011CEF2000141F82200FFE701B0704788
S31508017E704EF60C50CEF200000068C0F3022070479F
S31508017E8082B08DF8070000919DF9070000280AD4F1
S31508017E90FFE7009800019DF907104EF20042CEF265
S31508017EA0000288540BE0009800019DF8071001F0C4
S31508017EB00F014EF61452CEF200028854FFE702B0C3
S31508017EC07047000083B00290029800F00700009006
S31508017ED04EF60C51CEF200010868019001984FF652
S31508017EE0FF02104001900198009A40EA0220002200
S31508017EF0C0F2FA52104301900198086003B0704726
S31508017F0080B500F003F8FFF785FF000070B5054658
S31508017F10F8F730FC064600F020F8044628462838CB
S31508017F2000BF7EB1C169002948BF494222680131B3
S31508017F309042C1611CBF826120606168013961603C
S31508017F40C06C70BD2168002902BF206005F1580088
S31508017F5070BDFFF75FFFFFF7D3FF43F2B860C2F2C8
S31508017F600000704743F2B860C2F200007047000093
S31508017F7080B582B043F27C61C2F200010191002012
S31508017F8008609FED0B0ADFED0B0ACDED000A00F044
S31508017F9001FDDDED000A019880ED010A9FED060A53
S31508017FA000F0F8FC019880ED020A02B080BD00BF1E
S31508017FB0583934BE0BEFF2BD5839343E41F204004C
S31508017FC0CEF20000006845F2E051C2F200010860F5
S31508017FD07047000080B582B043F28861C2F20001A1
S31508017FE00191002008609FED0B0ADFED0B0ACDED2C
S31508017FF0000A00F0CFFCDDED000A019880ED010AC8
S315080180009FED060A00F0C6FC019880ED020A02B04F
S3150801801080BD00BF583934BE0BEFF2BD5839343E26
S3150801802080B582B043F29461C2F200010191002049
S3150801803008609FED0B0ADFED0B0ACDED000A00F093
S31508018040A9FCDDED000A019880ED010A9FED060AFB
S3150801805000F0A0FC019880ED020A02B080BD00BFC5
S31508018060583934BE0BEFF2BD5839343E80B543F268
S315080180705070C2F20000FBF789FE80BD80B546F25A
S315080180805440C2F20000FDF713FB80BD80B5E8F746
S315080180902AFB0000B0B5B0F800C00B889C4553D147
S315080180A045884B889D424FD113889C454CD15388AE
S315080180B09D4249D143684968506805FB0CFC00227A
S315080180C0B2EB9C0F30D04FEA9C0200BF93ED000A39
S315080180D091ED001A03F1100E30EE010A80ED000A47
S315080180E093ED010A91ED011A01F1100430EE010A2E
S315080180F080ED010A93ED020A91ED021A00F11005CD
S3150801810030EE010A80ED020A93ED030A91ED031A96
S31508018110013A30EE010A80ED030A734628462146E4
S31508018120D4D12146284673461CF003020AD000BF63
S31508018130B3EC010AB1EC011A013A30EE010AA0ECDE
S31508018140010AF5D1002000E0FD2040B2B0BD018052
S3150801815042804360704700002DE9F04F81B02DED54
S31508018160028B8EB0B0F800C0B0F802A0D44540F03A
S315080181703A810B88FD229C4540F036814F88BB42E7
S3150801818040F0328140689FEDB08ABCF1000F009043
S3150801819000F031814C686FF0030000EB8C09002771
S315080181A000266546CDF828C0204609940A98401B42
S315080181B008D0B1002046E8F7D3F93846013004F172
S315080181C00404FBD304F1040BB5F101084FF07E500A
S315080181D0206012D0A9EB86015846E8F7C1F90120BB
S315080181E05C4600BF0130854204F10404FAD1013628
S315080181F0013FB8F1000F4546D8D1DDF828C0BCF1DA
S31508018200000F00F0F8804FEACA000430029009987E
S31508018210009900EB8A00C0F10009042000EB8A00EE
S31508018220ACF1010801EB8A054FEA8A03019001F1D5
S31508018230040B4FF0000E0F46564600200A460490DE
S31508018240039300BF0EFB0AF002EB800191ED000AD1
S315080182500C910999B5EE400AF1EE10FA01EB80008E
S315080182600D90CDF82080CDE906950B922ED10EF111
S31508018270010060450DD20020414600BF2A1892ED43
S31508018280000AB5EE400AF1EE10FA06D10139184492
S31508018290F4D10498012817D0D4E0A0EB09000021F5
S315080182A057F82130146842F8043B47F82140013158
S315080182B08E42F5D10D9A51461368046840F8043B7D
S315080182C0013942F8044BF7D1012004900C99AAEB25
S315080182D00E0991ED008AB9F1010F4FF07E50086041
S315080182E00DD00120594600BF91ED000A013080EEFC
S315080182F0080A864281ED000A01F10401F4D10D99BB
S315080183005046CDF814B000BF91ED000A013880EE51
S31508018310080AA1EC010AF7D1DDF82C800998A9F120
S31508018320010B0022654600BF724505D108EB89039A
S3150801833000EB8A0036E000BF0C9998ED008A91EDB2
S31508018340000ABBF1000F28EE000A38EE400A88ED54
S31508018350000A17D00123042107EB010C08EB0104DD
S315080183609CED000A94ED001A28EE000A013331EE5D
S31508018370400A9E4201F1040184ED000AECD108EBA2
S31508018380010301E008F104030D9C5146B4EC011AFE
S3150801839090ED000A28EE011A30EE410AA0EC010A16
S315080183A00139F3D103EB8E08013D02F10102BBD17C
S315080183B0079D02980B9ADDF820800544039BDDF89A
S315080183C018900198DDF814B0DDF828C00432013E92
S315080183D00EF1010EA8F10108A9EB0309074483442C
S315080183E07FF430AF09E0FD2250B20EB0BDEC028B2E
S315080183F001B0BDE8F08F00200490B5EE408AF1EE99
S3150801840010FA4FF00002EFD104980128ECD00AFBCC
S315080184100CF14FF000004FF0000271B1009B00BF54
S3150801842093ED000AB5EE400AF1EE10FA05D10132D4
S31508018430914203F10403F3D10A468A4208BF6FF059
S315080184400400D2E7FB22CFE7000000002DE9F04F38
S3150801845085B047880B889F4240F08480B0F800B009
S3150801846013889B4540F07E80B1F802E053889E450B
S3150801847078D1D0F80480506849680190BC0827F083
S31508018480030008EB800604FB0EF09FED390A07F09E
S31508018490030C029101EB00104FEA8E0200210090B5
S315080184A0CDE903E70198DDF808A0009B00EB8109F7
S315080184B0B0EE401A5746404674B3554627464046DD
S315080184C0B0EE401A95ED002A90ED003A154490ED6C
S315080184D0014A23EE022A95ED003A154490ED025A17
S315080184E031EE021A24EE032A95ED003A154490ED71
S315080184F0036A31EE021A25EE032A95ED003A31EEAA
S31508018500021A26EE032A31EE021A013F00F1100083
S315080185101544D7D11F463046BCF1000F0CD065462D
S3150801852090ED002A97ED003A043022EE032A31EE47
S31508018530021A013D1744F3D1A9EC011ABEF1010E45
S315080185400AF1040A03F10403B2D1DDF80CE0049F31
S31508018550714408EB8708BBF1010B06EB8706A1D12D
S31508018560002000E0FD2040B205B0BDE8F08F00BF55
S3150801857000000000B0B5B0F800C00B889C4553D187
S3150801858045884B889D424FD113889C454CD15388C9
S315080185909D4249D143684968506805FB0CFC002295
S315080185A0B2EB9C0F30D04FEA9C0200BF93ED000A54
S315080185B091ED001A03F1100E30EE410A80ED000A22
S315080185C093ED010A91ED011A01F1100430EE410A09
S315080185D080ED010A93ED020A91ED021A00F11005E8
S315080185E030EE410A80ED020A93ED030A91ED031A72
S315080185F0013A30EE410A80ED030A734628462146C0
S31508018600D4D12146284673461CF003020AD000BF7E
S31508018610B3EC010AB1EC011A013A30EE410AA0ECB9
S31508018620010AF5D1002000E0FD2040B2B0BD0000EE
S315080186302DE9F04FB0F800A04A88924545D1428805
S315080186400B889A4241D1D1F804C046684FEA92088C
S3150801865002F003094FEA0A1E4FEA8A014FF0000B9E
S31508018660624600BFB8F1000F1AD01546474600BF4B
S31508018670336828462B6073680D444350B3686C18F9
S315080186806B50F56806F1100366186550013F06EB55
S3150801869001051E46ECD100EB0E071E4602E000BF9F
S315080186A00CEB8B07B9F1000F06D0484656F8043B88
S315080186B001383B600F44F9D10BF1010BBAF1010AFC
S315080186C002F10402CED1002000E0FD2040B2BDE84F
S315080186D0F08F000080B582B000200190EAF7EEF92C
S315080186E0EFF720FDEEF7C0FCEEF744FCEEF71AFCB7
S315080186F0EEF7FAFEEEF7EEFBEFF708F8EFF72CF8D0
S31508018700EEF7C0FDEEF7E2FDEEF70AFEEEF72EFFF5
S31508018710EEF79AFFEFF740F8EEF7D8FFEEF748FEC7
S31508018720F0F7B4F9FFE7FEE74100080218BF042095
S315080187300A0E18BF40F001004FF07F4232EA0101EC
S3150801874008BF40F00200012808BF05207047000055
S3150801875010B510EE104A4FF01A402DED028B00EBC2
S315080187604400B0F1C85F4AD84FF0FC40B0EB440F63
S3150801877022D2B0EEC00AF7EE000A30EEC00AF6EED3
S31508018780000A20EE208A18EE100A00F0BDFE00EE5F
S31508018790100A14F0004F1DBF9FED281ADFED280AB5
S315080187A0B1EE400A9FED271A08BFF0EE410AF8EE2E
S315080187B0001A20EE210A05E020EE008A9FED221A12
S315080187C0DFED220ADFED221A9FED222A70EEC00A9A
S315080187D020EE080A08EE212ADFED1F1A48EE021AD2
S315080187E09FED1E2A08EE212ADFED1D1A48EE021A10
S315080187F0BDEC028B40EE610A30EE810A10BD4FF0E6
S31508018800CC40B0EB440F82BF9FED160ABDEC028B3C
S3150801881010BD4FF07F40B0EB440F05D2BDEC028B83
S31508018820BDE8104000F0A8BD0120E7F756FFBDECF2
S31508018830028BBDE8104000F0A5BD000000004940CC
S3150801884022AA7D3A000000000000C93F22AAFD398C
S3150801885024FE1C3DC78AD83C1E67383D1B93993DAB
S31508018860AFAA2A3EDB0FC93F10B54FF00E402DEDDA
S31508018870028BB0EE408A18EE104A00EB4400B0F1C4
S31508018880506F4AD84FF0FC40B0EB440F22D2B0EEFD
S31508018890C80AF7EE000A30EEC00AF6EE000A60EEE4
S315080188A0208A18EE900A00F02FFE01EE100A14F045
S315080188B0004F1DBFDFED2D0A9FED2D0AB1EE411ABE
S315080188C0DFED2C0A08BF9FED2C0AF8EE001A21EEFF
S315080188D0218A05E0DFED290A68EE088AB0EE600A0A
S315080188E09FED271ADFED271A30EE080A48EE811A9E
S315080188F09FED251A08EEA11ADFED241A48EE811A12
S315080189009FED231A08EEA11A68EE281ABDEC028B10
S3150801891001EE810A30EE200A10BD4FF0E440B0EBBB
S31508018920440F0CD918EE100AFFF7FEFE042808BFFB
S3150801893000F038FDB0EE480ABDEC028B10BD4FF0D1
S315080189407F40B0EB440F07D2B0EE480ABDEC028B6C
S31508018950BDE8104000F010BD0120E7F7BEFEBDECF2
S31508018960028BBDE8104000F00DBD00000000C9BF34
S3150801897022AAFDB90000C93F22AAFD39000000005C
S3150801898024FE1C3DC78AD83C1E67383D1B93993D7A
S31508018990AFAA2A3E70B54FF068422DED048BF0EE72
S315080189A0408A18EE900AB0EE608A18EE101A02EBA9
S315080189B04003B3F1654F3CBF02EB4102B2F1654F8B
S315080189C07DD200BFC0F3C753C1F3C7529A1A1B2AF7
S315080189D009DD10F0004F14BF9FED830A9FED830A4E
S315080189E0BDEC048B70BD12F11A0F36DA11F0004F87
S315080189F009D010F0004F0CBF9FED7D0A9FED7D0A4F
S31508018A00BDEC048B70BD88EE889A19EE100AFFF743
S31508018A108BFE042808BF00F0C5FC18EE900AFFF784
S31508018A2083FE054618EE100AFFF77EFE044619EE88
S31508018A30100AFFF779FE042D18BF052D08D1042C5D
S31508018A4018BF052C04D1002804BF0220E7F745FE0C
S31508018A50B0EE490ABDEC048B70BD4200B2EB410F82
S31508018A603AD910F0004F19BFDFED630A9FED630A8B
S31508018A70DFED630A9FED630AB0EE481A0A46B1EEC6
S31508018A80688A80F00041F0EE418A10460A1A5200BF
S31508018A90B2F1807F34D2484010F0004FDFED5A1A08
S31508018AA09FED5A2A1DBFBEEE001A70EEE10A30EE9E
S31508018AB0420AB6EE001A08BF70EEA10A00E040E0CD
S31508018AC008BF30EE020AB0EE682A01EE482A08EE1F
S31508018AD0818AC2EE081A15E011F0004F04BF9FED16
S31508018AE04C0AF0EE400AD1D010F0004F19BFDFED65
S31508018AF0490A9FED490ADFED490A9FED490AC5E78B
S31508018B00C8EE881A21EEA11A9FED462ADFED462AFC
S31508018B1041EE022A9FED452A01EE222ADFED442A7B
S31508018B2041EE022A9FED432ABDEC048B01EE222A6F
S31508018B3021EE811A01EE020A30EE210A30EE200AF0
S31508018B4070BD4FF07F42B2EB400F28BFB2EB410F29
S31508018B5009D2F0EE480AB0EE680ABDEC048BBDE80E
S31508018B60704000F00CBC40EA01035B0008BF41F00D
S31508018B70FF410BD0B2EB400F08BFB2EB410F08D152
S31508018B8020F0804008EE900A21F0804108EE101A84
S31508018B9018E7B2EB400F12BF5FEA410340F0FF400E
S31508018BA001F000413FF40EAFB2EB410F12BF5FEA8D
S31508018BB0400200F0004041F0FF413FF403AF4A0094
S31508018BC092EA40033FF5FEAE002AACBF9FED1A0AB2
S31508018BD09FED1A0A68EE808A28EE008A18EE900A36
S31508018BE018EE101AEEE60000DB0FC9BFDB0FC93F0E
S31508018BF0DB0F4940DB0F49C00000C9BF22AAFDB9F6
S31508018C000000C93F22AAFD390060ED3EC30ACE37EE
S31508018C1000000000000049C022AA7DBA00004940B0
S31508018C2022AA7D3A2DAD65BD8FB8D53D0FB511BECA
S31508018C3061C84C3EA8AAAABE0000804F0000802F3A
S31508018C4010EE101A08B5444A6846B2EB410F28D906
S31508018C504FF0E640B0EB410F94BF00204FF0FF30D4
S31508018C6000900098002861DB60EE000A10F0010F01
S31508018C7045D010F0020FDFED391A9FED391A00EED3
S31508018C80A11ADFED381A40EE811A21EEA01AF0EE8C
S31508018C90400A40EE010A08BFF1EE600AB0EE600A2A
S31508018CA008BD314B21F0004293423CD911F0004FE7
S31508018CB0DFED2E0A20EE201ADFED2D0A19BF31EE5F
S31508018CC0601A71EE200A31EE201A71EE600ABDEEC5
S31508018CD0E01A11EE100A9FED271A00F0030000EEC4
S31508018CE0C10A9FED251A009000EEC10A9FED231ACD
S31508018CF000EEC10A9FED221A00EEC10AB1E79FED07
S31508018D00211A9FED210A10F0020F00EE810A9FED4C
S31508018D101F1A00EE801AB7EE000A00EE810A18BF84
S31508018D20B1EE400A08BD00F045FB9AE710EE100ABD
S31508018D304000B0F17F4F3CBFB7EE000A08BD07D12E
S31508018D404FF00100E7F7C9FCBDE8084000F01ABB7F
S31508018D50BDE8084000F010BBB61F927E336D4CB9D2
S31508018D60DA82083CA0AA2ABE490E494683F9223F5F
S31508018D700000004B0000C93F00A0FD390020A233C6
S31508018D801A61342CB93AB2BACA9F2A3DDDFFFFBE31
S31508018D9010B510EE104A4FF019406949002200EB50
S31508018DA044002DED028B884257D8DFED660A14F090
S31508018DB0004F60EE200A14BFBEEE001AB6EE001A86
S31508018DC071EE200AFDEEE00A10EE900A00EE900A16
S31508018DD0F8EEE00A9FED5C1A00EEC10A9FED5B1AF8
S31508018DE000EEC10ADFED5A0A9FED5A1A00EE201A63
S31508018DF0DFED590A40EE010A9FED581A584B00F06B
S31508018E00030100EE201A21EE000A7B4403EB8103DD
S31508018E10D3ED000A534B7B4403EB810393ED001A10
S31508018E20514B41EE000A7B4403EB8101801091ED21
S31508018E30000A70EE800AEABB00EE100AB8EEC01A04
S31508018E40DFED4A1A9FED4A0ABDEC028B01EE210AB3
S31508018E50BCEEC00A20EE200A10BD4FF0FF40A04329
S31508018E601DD04FF0CE40B0EB440F81BFF7EE000A9C
S31508018E7030EE200ABDEC028B10BD3E48B0EB440F24
S31508018E8028BF012291D20220E7F727FC14F0004FF0
S31508018E9015D0BDEC028BBDE8104000F083BA14F57D
S31508018EA0000F02BF9FED340ABDEC028B10BDBDEC6D
S31508018EB0028B00E009E0BDE8104000F05DBABDECA8
S31508018EC0028BBDE8104000F065BA00EBD07359106B
S31508018ED04FF07E5202EBC15100EE101AA0EB63006F
S31508018EE002EBC05060EE200A00EE100A20EE208A3E
S31508018EF018EE100A88B118EE100AB0F1FF4F15D016
S31508018F0018EE100AFFF710FC042808BF00F04AFA09
S31508018F10B0EE480ABDEC028B10BD0220E7F7DDFB77
S31508018F20BDEC028BBDE8104000F03CBA0220E7F721
S31508018F30D4FBBDEC028BBDE8104000F02BBA000053
S31508018F400000501E3BAAB8400070313EF4FD0537BB
S31508018F5012BB2A3D12BB2A3EFFFFFF3EFFFF7F3FA2
S31508018F60B60B0000BA0B00008A0B00000000004B8C
S31508018F7000007E4E0000A0850000000010B52DED12
S31508018F80028BF0EE408A18EE900AB0EE608A20F065
S31508018F900040C0F1FF40C00F07D118EE100A20F0BB
S31508018FA00040C0F1FF40C00F2BD018EE101A18EE82
S31508018FB0900A00F085FC00EE100A10EE100A6FEA1E
S31508018FC0D05010F0FF0F04BFBDEC028B10BD18EE98
S31508018FD0900A00F0004110EE100A00F000408142AC
S31508018FE004BFBDEC028B10BD18EE101A10EE100A64
S31508018FF0BDEC028B61F31E0000EE900A30EE600AAA
S3150801900010BD18EE900A4FF07F41B1EB400F1CBF1F
S3150801901018EE100A5FEA4000C7D10120E7F75DFBA9
S31508019020BDEC028BBDE8104000F0ACB910EE100A99
S3150801903010B50023A0F50001B1F1FE4F67D200BFBC
S3150801904000F500216FF07E0202EBE15CC1F30252EA
S315080190504FF07E5101EB025100EE901AA0EBCC5075
S3150801906003EB0C0100EE100A51EA020036D030EE8D
S31508019070601A70EE200A9FED3D2A3E4881EE200ACD
S315080190809FED3B1A60EE000A00EE821A60EE201A86
S3150801909061EE810A784401EE101A00EB82009FED19
S315080190A0362AB8EEC11AD0ED001A344841EE021A32
S315080190B0784401EE101A00EB8200B8EEC11A90ED61
S315080190C0002ADFED2F2A01EE222AB0EE001A72EEEF
S315080190D0200A40EE010A31EEA00A10BDF7EE000A99
S315080190E09FED291A30EE600ADFED260A00EE201AF6
S315080190F0DFED260A60EE001A40EE010A9FED241AFA
S3150801910000EE201A61EE810A30EE200A10BD4FF0FA
S315080191107F41B1EB400F03D2BDE8104000F02CB9F6
S31508019120B0F1FF4F08BF10BDB5EEC00AF1EE10FA57
S3150801913006D20120E7F7D1FABDE8104000F022B9BE
S31508019140B5EEC00AF1EE10FA07D10220E7F7C5FA23
S3150801915000F008F9B1EE400A10BDDFED0E0A6FF016
S31508019160160320EE200A10EE100A69E766F1CC3ED6
S31508019170AAAA2A3F4C0900000070313F5009000095
S31508019180F4FD053821ED423E0A1180BEC1ABAA3E67
S31508019190FFFFFFBE0000004B00B510EE101A2DEDC3
S315080191A0028B81B0524A6846B2EB410F2ED94FF075
S315080191B0E640B0EB410F94BF00204FF0FF3000901E
S315080191C00098B0EE408A00286ADB10F0010F4BD0F8
S315080191D068EE080A9FED471A9FED470A00EE810AD5
S315080191E09FED461A10F0020F00EE801AB7EE000A3C
S315080191F000EE810A02BF01B0BDEC028B00BD00BFC3
S3150801920001B0B1EE400ABDEC028B00BD3C4B21F02A
S315080192100042934241D911F0004FDFED3A0A20EEA0
S31508019220201ADFED390A19BF31EE601A71EE200AEC
S3150801923031EE201A71EE600ABDEEE01A11EE100A3F
S315080192409FED321A00F0030000EEC10A9FED301AB5
S31508019250009000EEC10A9FED2F1A00EEC10A9FED9C
S315080192602E1A00EEC10AABE728EE080A9FED2B1A63
S31508019270DFED2B0A10F0020F40EE010A9FED291AC5
S3150801928000EE201A61EE000AB0EE480A08EE200A3E
S31508019290B6D101B0BDEC028B00BD00F08BF88FE7AB
S315080192A018EE100A4000B0F17F4F0DD218EE100AE1
S315080192B0FFF73AFA042808BF00F074F8B0EE480A36
S315080192C001B0BDEC028B00BD09D10120E7F705FA13
S315080192D001B0BDEC028B5DF804EB00F053B801B0A8
S315080192E0B0EE480ABDEC028B5DF804EB00F044B819
S315080192F0B61F927EB93AB2BACA9F2A3DDDFFFFBEB2
S31508019300490E494683F9223F0000004B0000C93F38
S3150801931000A0FD390020A2331A61342C336D4CB9F3
S31508019320DA82083CA0AA2ABE10B52DED028BB1EE51
S31508019330C08A18EE100A20F00040C0F1FF40C00FA5
S315080193400AD010EE100A20F00040C0F1FF40C00F0D
S3150801935004BF0120E7F7C1F9B0EE480ABDEC028B5C
S3150801936010BD0000DFED030AB7EE001A81EE200AF0
S31508019370704700000000000030EE000A704730EE2A
S31508019380200A7047DFED020A80EEA00A7047000046
S31508019390000000009FED020A20EE000A7047000057
S315080193A0000000709FED020A20EE000A70470000D7
S315080193B0000000102DE9F0014FF07F42B2EB410F9A
S315080193C09FBF4FF0FF310160BDE8F00170474FF0D4
S315080193D0004242EA0123C1F3C752783A551112F005
S315080193E01F0C434CCCF120067C44C1F3C752A2F1B1
S315080193F078024FEA621204EB820254F8254008BF4C
S31508019400D2E9015612D0556804FA0CF425FA06F782
S315080194103C43976805FA0CF527FA06F8D26807FA65
S315080194200CFCF24045EA08054CEA0206A4FB034C8B
S31508019430A5FB0352A6FB03631D449D4234BF0126C7
S3150801944000261319334416B1934202D903E0934215
S3150801945001D2012200E00022624402F1200C9206A8
S31508019460DC0C42EA443200EE102A5B03DFED210AE6
S31508019470F8EEC01A00EE103A4FEA9C1C11F0004FA4
S31508019480B8EE400AC0F800C020EE201A00EE105AC5
S31508019490DFED190AB8EE400A20EE200A71EE810ABC
S315080194A070EE800A10EE902A02F500626FF30B0245
S315080194B000EE902A70EEE11A31EEC11ADFED101AAC
S315080194C030EE411A9FED0D0A20EE800A01EE210ABF
S315080194D09FED0C1A00EE810A04BFBDE8F001704742
S315080194E0CCF180510160BDE8F001B1EE400A704748
S315080194F038060000000000360000802C22AAFD294B
S31508019500DB0FC92F0000C92F10B500EE100A2DED8B
S31508019510028BB1EEC08A18EE100A20F00040C0F1A5
S31508019520FF40C00F0AD010EE100A20F00040C0F12B
S31508019530FF40C00F04BF0120E7F7CFF818EE100A65
S31508019540BDEC028B10BD491058BFC1F140415B10FB
S3150801955058BFC3F140438B42EFF3008070470000C8
S3150801956051EA030C17D41CF5801F58BFBCF5801FA0
S3150801957000F10680994218BF704708BF90427047AC
S3150801958007D711F5801F58BF13F5801F19D49942C3
S315080195907047894270471CF5801F08D5BCF5801FA6
S315080195A0F7D58B4218BF704708BF824270474FF400
S315080195B0001C1CEB410F38BF1CEB430F01D28B4239
S315080195C0704770B500F080F8922449004FF00051B9
S315080195D04FF08053FFF7B7BF51EA030C17D41CF5B8
S315080195E0801F58BFBCF5801F00F10680994218BF3D
S315080195F0704708BF9042704707D711F5801F58BFBB
S3150801960013F5801F19D499427047894270471CF592
S31508019610801F08D5BCF5801FF7D58B4218BF704748
S3150801962008BF824270474FF4001C1CEB410F38BF3C
S315080196301CEB430F01D28B42704770B500F044F81A
S31508019640922449004FF080514FF00053FFF77BBF3A
S3150801965051EA030C17D41CF5801F58BFBCF5801FAF
S3150801966000F10680994218BF704708BF90427047BB
S3150801967007D711F5801F58BF13F5801F19D49942D2
S315080196807047894270471CF5801F08D5BCF5801FB5
S31508019690F7D58B4218BF704708BF824270474FF40F
S315080196A0001C1CEB410F38BF1CEB430F01D28B4248
S315080196B0704770B500F008F8922449004FF0005140
S315080196C04FF08053FFF73FBF0EF1020E2EF0030E47
S315080196D05EF8046B364205D4012A43EB030515F5FA
S315080196E0001F12D8012841EB010C1CF5001F0CD8EC
S315080196F00ED14FEAD17C0CEB4C0C0CF1020C15F592
S31508019700001F08BF4CEBD37C04E04FF0080C01E0C6
S315080197104FEAD37C0CEB4C0526FA05F606F007064C
S31508019720B6F1040C06D20EEB860CBDE870404CF07F
S31508019730010C6047DFE80CF0090B02024FF000410B
S31508019740A1F500214FF0000070BD19461046012809
S3150801975051EB010418BFD4F5001484BF002001F0B1
S31508019760004170BD0808A0F500114FEA31017047A4
S3150801977043004FEAD30C4FEA3C0C43401FBF400756
S315080197800CF1605113F0FE4F70471CF0006F03D1C6
S315080197900CF00041002070470CF0004343EA50707A
S315080197A040EACC0010B500F038F800BF000000927E
S315080197B04FEA0001FFF7D6BF4FF00041A1F500219E
S315080197C04FF00000704710B5FFF7CAFE0CBF012025
S315080197D0002010BD10B5FFF7C3FE14BF01200020FD
S315080197E010BD10B5FFF7F8FE8CBF0120002010BD93
S315080197F010B5FFF7F1FE2CBF0120002010BD10B5F2
S31508019800FFF726FF94BF0120002010BD10B5FFF712
S315080198101FFF34BF0120002010BD0EF1020E2EF0ED
S31508019820030E5EF8044B244204D44FEA4102B2F116
S315080198307F4F11D84FEA4003B3F17F4F0CD80ED1B1
S315080198404FEAD07C0CEB4C0C0CF1020CB2F17F4FB9
S3150801985008BF4CEBD17C04E04FF0080C01E04FEA5D
S31508019860D17C0CEB4C0324FA03F404F00704B4F19D
S31508019870040C06D20EEB840CBDE810404CF0010C2A
S315080198806047DFE80CF0070802024FF00040A0F538
S31508019890800010BD0846420018BFD2F1807288BF09
S315080198A000F0004010BDF1EE100A4FF6FF71C0F24C
S315080198B0C03120EA010040F04070E1EE100A70471D
S315080198C04FF07F4C3CEA410318BF3CEA400200F0E6
S315080198D062804FF47F0C0CEAD11310F0004F18BFC9
S315080198E043F005031CEAD01218BF13EA0C0F00F067
S315080198F057804FF0004C4CEA00204CEA0121A3F5B1
S3150801990080339A4210DD23F00203B0F1004F06D3EB
S3150801991043F00203401ABCBF404283F001034FEAF9
S315080199204000A2F58032ECE74FEA224CBCEB234F0C
S3150801993008DB884206D31CD0A0EB4100C0F1000029
S3150801994083F0010340001DD217D40DD0B0FA80FC74
S315080199500CF1010C00FA0CF0A2EB0C42D2F1000C4E
S3150801996012DB4FEAC37070474FEA437000F00040BC
S31508019970704713F0020FE5D0DEE74FEA4000B2F573
S315080199808032EBDD002AE9DD4FEAC21242EA5020B5
S3150801999040EAC370704710B5FFF73FFFEDFFFF3E82
S315080199A01CEAD11F02D000F00040704700487047FA
S315080199B00000C07F0000803F0030983F0000B53F9F
S315080199C00040D73F00000000320A7E397F661E3903
S315080199D05B991F390000803FF037983FF304B53F84
S315080199E0FD44D73F000000000030F13D0070643EA1
S315080199F00000A33E0090CF3E0090F83E00400F3F86
S31508019A0000E0203F0000000015B78337CDE37B381F
S31508019A100EE1C53860F69138AF5F0F38E1BC3E38C4
S31508019A2023F44739000000006E83F9A22915444E34
S31508019A30D15727FCC0DD34F5999562DB4190433C4B
S31508019A40AB6351FE000000000000000001020304A0
S31508019A5006070809000000000102030400061016A3
S31508019A60000610160000803F0000000000000000FC
S31508019A7000000000000000000000000000000000D7
S31508019A800000803F00000000000000000000000008
S31508019A900000000000000000000000000000803FF8
S31508019AA000000000000000000000000000000000A7
S31508019AB000000000000000000000803F00000000D8
S31508019AC00000000000000000000000000000000087
S31508019AD0000000000000803F0000000000000000B8
S31508019AE00000000000000000000000000000000067
S31508019AF00000803F0000891112239B322446AD578E
S31508019B003665BF74488CC19D5AAFD3BE6CCAE5DBB6
S31508019B107EE9F7F88110080193331A22A5562C47D6
S31508019B20B7753E64C99C408DDBBF52AEEDDA64CB96
S31508019B30FFF976E802218B30100299132667AF7672
S31508019B403444BD554AADC3BC588ED19F6EEBE7FA76
S31508019B507CC8F5D983310A2091121803A7772E6696
S31508019B60B5543C45CBBD42ACD99E508FEFFB66EA56
S31508019B70FDD874C904428D5316619F702004A91536
S31508019B803227BB364CCEC5DF5EEDD7FC6888E19936
S31508019B907AABF3BA85520C4397711E60A114280556
S31508019BA0B3373A26CDDE44CFDFFD56ECE998608916
S31508019BB0FBBB72AA06638F7214409D512225AB34F2
S31508019BC03006B9174EEFC7FE5CCCD5DD6AA9E3B8F6
S31508019BD0788AF19B87730E6295501C41A3352A2416
S31508019BE0B1163807CFFF46EEDDDC54CDEBB962A8D6
S31508019BF0F99A708B088481951AA793B62CC2A5D3B6
S31508019C003EE1B7F04008C919522BDB3A644EED5FC5
S31508019C10766DFF7C899400859BB712A6ADD224C3C5
S31508019C20BFF136E0C1184809D33B5A2AE55E6C4FA5
S31508019C30F77D7E6C0AA583B4188691972EE3A7F261
S31508019C403CC0B5D14229CB38500AD91B666FEF7E85
S31508019C50744CFD5D8BB502A499961087AFF326E285
S31508019C60BDD034C1C3394A28D11A580BE77F6E6E65
S31508019C70F55C7C4D0CC685D71EE597F42880A19125
S31508019C803AA3B3B2444ACD5B5669DF78600CE91D45
S31508019C90722FFB3E8DD604C79FF516E4A990208145
S31508019CA0BBB332A2C55A4C4BD7795E68E11C680D25
S31508019CB0F33F7A2E0EE787F61CC495D52AA1A3B0E1
S31508019CC03882B193466BCF7A5448DD59622DEB3C05
S31508019CD0700EF91F8FF706E69DD414C5ABB122A005
S31508019CE0B9923083C77B4E6AD5585C49E33D6A2CE5
S31508019CF0F11E780F40AC037D04014103057C000287
S31508019D006D0D026D090243444320496E74657266FE
S31508019D106163650043444320436F6E666967005378
S31508019D20544D6963726F656C656374726F6E6963AE
S31508019D30730053544D3332205669727475616C2021
S31508019D40436F6D506F727400789D01080000002002
S31508019D50D8010000EC010008909E0108D8010020F6
S31508019D60E08000004C020008F12DFFFFF52DFFFFF2
S31508019D70F92DFFFF012EFFFF100CE7416B3A58A0A2
S31508019D808B3A82810113E59D1408519E1B086D04C7
S31508019D901A95042AE50819141A0108110808125017
S31508019DA0C347CDCCCC3D0409531C110B1AC8421C20
S31508019DB02D17B7D13804111324F413D19614080DAD
S31508019DC0941C08259AA8311AF90C13A9924C089DD6
S31508019DD093108113F5951B0889041A65301A7108C1
S31508019DE01409024313020125C03209041B01020B9F
S31508019DF01305241610010524011009010424020281
S31508019E0005240617010705820308151009040133FD
S31508019E10020A2E0705010240072A810711130A06BD
S31508019E2032023340011A12231302021E40830440F0
S31508019E3057591B0203151335091B08310413D50895
S31508019E401B0869081AB9040718040309041A031434
S31508019E50FFFF0F160810820911160A15800B161036
S31508019E60090C18010D7D04017C160240AB0341283B
S31508019E7008055308065804077423701713E7063BA9
S31508019E800801012132104517B751B800000000003A
S7050800018968
